Transferred:   	          0 B / 0 B, -, 0 B/s, ETA -
Checks:                 0 / 0, -, Listed 11
Elapsed time:         0.4sTransferred:   	    1.483 KiB / 10.974 MiB, 0%, 0 B/s, ETA -
Checks:                 0 / 0, -, Listed 34
Transferred:            0 / 31, 0%
Elapsed time:         0.9s
Transferring:
 *                                .gitattributes:100% /1.483Ki, 0/s, -
 *                                       LICENSE:  0% /11.077Ki, 0/s, -
 *                                     README.md:  0% /4.802Ki, 0/s, -
 *                                   config.json:  0% /660, 0/s, -
 *                        generation_config.json:  0% /242, 0/s, -
 *                                    merges.txt:  0% /1.594Mi, 0/s, -
 *                             model.safetensors: transferring
 *                                tokenizer.json:  0% /6.706Mi, 0/s, -Transferred:   	  866.521 KiB / 10.974 MiB, 8%, 1.482 KiB/s, ETA 1h56m31s
Checks:                 0 / 0, -, Listed 34
Transferred:            0 / 31, 0%
Elapsed time:         1.4s
Transferring:
 *                                .gitattributes:100% /1.483Ki, 0/s, -
 *                                       LICENSE:  0% /11.077Ki, 0/s, -
 *                                     README.md:100% /4.802Ki, 0/s, -
 *                                   config.json:  0% /660, 0/s, -
 *                        generation_config.json:100% /242, 0/s, -
 *                                    merges.txt:  0% /1.594Mi, 0/s, -
 *                             model.safetensors: transferring
 *                                tokenizer.json: 12% /6.706Mi, 0/s, -Transferred:   	    1.138 MiB / 10.974 MiB, 10%, 1.482 KiB/s, ETA 1h53m10s
Checks:                 0 / 0, -, Listed 34
Transferred:            0 / 31, 0%
Elapsed time:         1.9s
Transferring:
 *                                .gitattributes:100% /1.483Ki, 1.482Ki/s, 0s
 *                                       LICENSE:100% /11.077Ki, 11.075Ki/s, 0s
 *                                     README.md:100% /4.802Ki, 4.796Ki/s, 0s
 *                                   config.json:  0% /660, 0/s, -
 *                        generation_config.json:100% /242, 241/s, 0s
 *                                    merges.txt:  0% /1.594Mi, 0/s, -
 *                             model.safetensors: transferring
 *                                tokenizer.json: 16% /6.706Mi, 859.907Ki/s, 6sTransferred:   	    2.479 MiB / 10.974 MiB, 23%, 582.796 KiB/s, ETA 14s
Checks:                 0 / 0, -, Listed 34
Transferred:            0 / 31, 0%
Elapsed time:         2.4s
Transferring:
 *                                .gitattributes:100% /1.483Ki, 1.482Ki/s, 0s
 *                                       LICENSE:100% /11.077Ki, 11.075Ki/s, 0s
 *                                     README.md:100% /4.802Ki, 4.796Ki/s, 0s
 *                                   config.json:100% /660, 0/s, -
 *                        generation_config.json:100% /242, 241/s, 0s
 *                                    merges.txt: 48% /1.594Mi, 0/s, -
 *                             model.safetensors: transferring
 *                                tokenizer.json: 25% /6.706Mi, 859.907Ki/s, 5sTransferred:   	    7.782 MiB / 10.974 MiB, 71%, 582.796 KiB/s, ETA 5s
Checks:                 0 / 0, -, Listed 34
Transferred:            1 / 31, 3%
Elapsed time:         2.9s
Transferring:
 *                                .gitattributes:100% /1.483Ki, 759/s, 0s
 *                                       LICENSE:100% /11.077Ki, 5.537Ki/s, 0s
 *                                     README.md:100% /4.802Ki, 2.397Ki/s, 0s
 *                                   config.json:100% /660, 329/s, 0s
 *                                    merges.txt: 66% /1.594Mi, 398.005Ki/s, 1s
 *                             model.safetensors: transferring
 *                                tokenizer.json:100% /6.706Mi, 1.248Mi/s, 0s
 *                         tokenizer_config.json:  0% /7.134Ki, 0/s, -Transferred:   	    8.039 MiB / 10.974 MiB, 73%, 2.594 MiB/s, ETA 1s
Checks:                 0 / 0, -, Listed 34
Transferred:            2 / 31, 6%
Elapsed time:         3.4s
Transferring:
 *                                       LICENSE:100% /11.077Ki, 5.537Ki/s, 0s
 *                                     README.md:100% /4.802Ki, 2.397Ki/s, 0s
 *                                   config.json:100% /660, 329/s, 0s
 *                                    merges.txt: 82% /1.594Mi, 398.005Ki/s, 0s
 *                             model.safetensors: transferring
 *                                tokenizer.json:100% /6.706Mi, 1.248Mi/s, 0s
 *                         tokenizer_config.json:100% /7.134Ki, 0/s, -
 *                                    vocab.json:  0% /2.648Mi, 0/s, -Transferred:   	   10.571 MiB / 10.974 MiB, 96%, 2.594 MiB/s, ETA 0s
Checks:                 0 / 0, -, Listed 34
Transferred:            4 / 31, 13%
Elapsed time:         3.9s
Transferring:
 *                                     README.md:100% /4.802Ki, 1.599Ki/s, 0s
 *                                    merges.txt:100% /1.594Mi, 446.668Ki/s, 0s
 *                             model.safetensors: transferring
 *                                tokenizer.json:100% /6.706Mi, 2.235Mi/s, 0s
 *                         tokenizer_config.json:100% /7.134Ki, 7.133Ki/s, 0s
 *                                    vocab.json: 84% /2.648Mi, 0/s, -
 *                 .cache/huggingface/.gitignore:100% /1, 0/s, -
 * .cache/huggingface/dow…ad/.gitattributes.lock:  0% /0, 0/s, -Transferred:   	   10.571 MiB / 10.974 MiB, 96%, 2.643 MiB/s, ETA 0s
Checks:                 0 / 0, -, Listed 34
Transferred:            4 / 31, 13%
Elapsed time:         4.4s
Transferring:
 *                                     README.md:100% /4.802Ki, 1.599Ki/s, 0s
 *                                    merges.txt:100% /1.594Mi, 446.668Ki/s, 0s
 *                             model.safetensors: transferring
 *                                tokenizer.json:100% /6.706Mi, 2.235Mi/s, 0s
 *                         tokenizer_config.json:100% /7.134Ki, 7.133Ki/s, 0s
 *                                    vocab.json: 84% /2.648Mi, 2.246Mi/s, 0s
 *                 .cache/huggingface/.gitignore:100% /1, 0/s, -
 * .cache/huggingface/dow…ad/.gitattributes.lock:  0% /0, 0/s, -Transferred:   	   10.571 MiB / 10.974 MiB, 96%, 2.643 MiB/s, ETA 0s
Checks:                 0 / 0, -, Listed 34
Transferred:            5 / 31, 16%
Elapsed time:         4.9s
Transferring:
 *                                     README.md:100% /4.802Ki, 1.198Ki/s, 0s
 *                                    merges.txt:100% /1.594Mi, 408.165Ki/s, 0s
 *                             model.safetensors: transferring
 *                                tokenizer.json:100% /6.706Mi, 1.676Mi/s, 0s
 *                         tokenizer_config.json:100% /7.134Ki, 3.566Ki/s, 0s
 *                                    vocab.json: 84% /2.648Mi, 2.246Mi/s, 0s
 * .cache/huggingface/dow…ad/.gitattributes.lock:  0% /0, 0/s, -
 * .cache/huggingface/dow…gitattributes.metadata:100% /100, 0/s, -Transferred:   	   19.505 MiB / 2.886 GiB, 1%, 2.114 MiB/s, ETA 23m8s
Checks:                 0 / 0, -, Listed 34
Transferred:            5 / 31, 16%
Elapsed time:         5.4s
Transferring:
 *                                     README.md:100% /4.802Ki, 1.198Ki/s, 0s
 *                                    merges.txt:100% /1.594Mi, 408.165Ki/s, 0s
 *                             model.safetensors:  0% /2.875Gi, 0/s, -
 *                                tokenizer.json:100% /6.706Mi, 1.676Mi/s, 0s
 *                         tokenizer_config.json:100% /7.134Ki, 3.566Ki/s, 0s
 *                                    vocab.json:100% /2.648Mi, 1.324Mi/s, 0s
 * .cache/huggingface/dow…ad/.gitattributes.lock:  0% /0, 0/s, -
 * .cache/huggingface/dow…gitattributes.metadata:100% /100, 0/s, -Transferred:   	   22.505 MiB / 2.888 GiB, 1%, 2.114 MiB/s, ETA 23m7s
Checks:                 0 / 0, -, Listed 34
Transferred:            9 / 31, 29%
Elapsed time:         5.9s
Transferring:
 *                                    merges.txt:100% /1.594Mi, 0/s, -
 *                             model.safetensors:  0% /2.875Gi, 0/s, -
 *                                tokenizer.json:100% /6.706Mi, 1.341Mi/s, 0s
 *                                    vocab.json:100% /2.648Mi, 1.324Mi/s, 0s
 *      .cache/huggingface/download/LICENSE.lock:  0% /0, 0/s, -
 *  .cache/huggingface/download/LICENSE.metadata:100% /100, 0/s, -
 *    .cache/huggingface/download/README.md.lock:  0% /0, 0/s, -
 * .cache/huggingface/dow…oad/README.md.metadata:100% /100, 0/s, -Transferred:   	   22.849 MiB / 2.888 GiB, 1%, 3.751 MiB/s, ETA 13m2s
Checks:                 0 / 0, -, Listed 34
Transferred:            9 / 31, 29%
Elapsed time:         6.4s
Transferring:
 *                                    merges.txt:100% /1.594Mi, 0/s, -
 *                             model.safetensors:  0% /2.875Gi, 10.281Mi/s, 4m45
 *                                tokenizer.json:100% /6.706Mi, 1.341Mi/s, 0s
 *                                    vocab.json:100% /2.648Mi, 903.892Ki/s, 0s
 *      .cache/huggingface/download/LICENSE.lock:  0% /0, 0/s, -
 *  .cache/huggingface/download/LICENSE.metadata:100% /100, 0/s, -
 *    .cache/huggingface/download/README.md.lock:  0% /0, 0/s, -
 * .cache/huggingface/dow…oad/README.md.metadata:100% /100, 0/s, -Transferred:   	   23.912 MiB / 2.888 GiB, 1%, 3.751 MiB/s, ETA 13m1s
Checks:                 0 / 0, -, Listed 34
Transferred:           13 / 31, 42%
Elapsed time:         6.9s
Transferring:
 *                                    merges.txt:100% /1.594Mi, 1.594Mi/s, 0s
 *                             model.safetensors:  0% /2.875Gi, 10.281Mi/s, 4m45
 *                                tokenizer.json:100% /6.706Mi, 1.118Mi/s, 0s
 *                                    vocab.json:100% /2.648Mi, 903.892Ki/s, 0s
 *  .cache/huggingface/download/config.json.lock:  0% /0, 0/s, -
 * .cache/huggingface/dow…d/config.json.metadata:100% /101, 0/s, -
 * .cache/huggingface/dow…ation_config.json.lock:  0% /0, 0/s, -
 * .cache/huggingface/dow…n_config.json.metadata:100% /101, 0/s, -Transferred:   	   25.287 MiB / 2.888 GiB, 1%, 3.416 MiB/s, ETA 14m18s
Checks:                 0 / 0, -, Listed 34
Transferred:           13 / 31, 42%
Elapsed time:         7.4s
Transferring:
 *                                    merges.txt:100% /1.594Mi, 1.594Mi/s, 0s
 *                             model.safetensors:  0% /2.875Gi, 6.359Mi/s, 7m41s
 *                                tokenizer.json:100% /6.706Mi, 1.118Mi/s, 0s
 *                                    vocab.json:100% /2.648Mi, 677.918Ki/s, 0s
 *  .cache/huggingface/download/config.json.lock:  0% /0, 0/s, -
 * .cache/huggingface/dow…d/config.json.metadata:100% /101, 0/s, -
 * .cache/huggingface/dow…ation_config.json.lock:  0% /0, 0/s, -
 * .cache/huggingface/dow…n_config.json.metadata:100% /101, 0/s, -Transferred:   	   27.877 MiB / 2.889 GiB, 1%, 3.416 MiB/s, ETA 14m17s
Checks:                 0 / 0, -, Listed 34
Transferred:           13 / 31, 42%
Elapsed time:         7.9s
Transferring:
 *                                    merges.txt: 64% /1.594Mi, 0/s, -
 *                             model.safetensors:  0% /2.875Gi, 6.359Mi/s, 7m40s
 *                                tokenizer.json:100% /6.706Mi, 980.972Ki/s, 0s
 *                                    vocab.json:100% /2.648Mi, 677.918Ki/s, 0s
 *  .cache/huggingface/download/config.json.lock:  0% /0, 0/s, -
 * .cache/huggingface/dow…d/config.json.metadata:100% /101, 100/s, 0s
 * .cache/huggingface/dow…ation_config.json.lock:  0% /0, 0/s, -
 * .cache/huggingface/dow…n_config.json.metadata:100% /101, 100/s, 0sTransferred:   	   30.627 MiB / 2.889 GiB, 1%, 3.485 MiB/s, ETA 14m
Checks:                 0 / 0, -, Listed 34
Transferred:           17 / 31, 55%
Elapsed time:         8.4s
Transferring:
 *                                    merges.txt: 80% /1.594Mi, 0/s, -
 *                             model.safetensors:  0% /2.875Gi, 5.594Mi/s, 8m43s
 *                                tokenizer.json:100% /6.706Mi, 980.972Ki/s, 0s
 *                                    vocab.json:100% /2.648Mi, 542.335Ki/s, 0s
 *   .cache/huggingface/download/merges.txt.lock:  0% /0, 0/s, -
 * .cache/huggingface/dow…ad/merges.txt.metadata:100% /100, 0/s, -
 * .cache/huggingface/dow…model.safetensors.lock:  0% /0, 0/s, -
 * .cache/huggingface/dow…l.safetensors.metadata:100% /125, 0/s, -Transferred:   	   33.065 MiB / 2.892 GiB, 1%, 3.485 MiB/s, ETA 14m
Checks:                 0 / 0, -, Listed 34
Transferred:           17 / 31, 55%
Elapsed time:         8.9s
Transferring:
 *                                    merges.txt:100% /1.594Mi, 1.517Mi/s, 0s
 *                             model.safetensors:  0% /2.875Gi, 5.594Mi/s, 8m43s
 *                                tokenizer.json:100% /6.706Mi, 858.351Ki/s, 0s
 *                                    vocab.json: 80% /2.648Mi, 0/s, -
 *   .cache/huggingface/download/merges.txt.lock:  0% /0, 0/s, -
 * .cache/huggingface/dow…ad/merges.txt.metadata:100% /100, 0/s, -
 * .cache/huggingface/dow…model.safetensors.lock:  0% /0, 0/s, -
 * .cache/huggingface/dow…l.safetensors.metadata:100% /125, 0/s, -Transferred:   	   33.592 MiB / 2.892 GiB, 1%, 3.674 MiB/s, ETA 13m16s
Checks:                 0 / 0, -, Listed 34
Transferred:           20 / 31, 65%
Elapsed time:         9.4s
Transferring:
 *                                    merges.txt:100% /1.594Mi, 1.517Mi/s, 0s
 *                             model.safetensors:  0% /2.875Gi, 4.195Mi/s, 11m37
 *                                tokenizer.json:100% /6.706Mi, 858.351Ki/s, 0s
 *                                    vocab.json:100% /2.648Mi, 0/s, -
 * .cache/huggingface/dow…l.safetensors.metadata:100% /125, 124/s, 0s
 * .cache/huggingface/dow…ad/tokenizer.json.lock:  0% /0, 0/s, -
 * .cache/huggingface/dow…okenizer.json.metadata:100% /101, 0/s, -
 * .cache/huggingface/dow…nizer_config.json.lock:  0% /0, 0/s, -Transferred:   	   36.588 MiB / 2.898 GiB, 1%, 3.674 MiB/s, ETA 13m17s
Checks:                 0 / 0, -, Listed 34
Transferred:           21 / 31, 68%
Elapsed time:         9.9s
Transferring:
 *                                    merges.txt:100% /1.594Mi, 810.790Ki/s, 0s
 *                             model.safetensors:  0% /2.875Gi, 4.195Mi/s, 11m37
 *                                tokenizer.json: 44% /6.706Mi, 0/s, -
 *                                    vocab.json:100% /2.648Mi, 2.648Mi/s, 0s
 * .cache/huggingface/dow…ad/tokenizer.json.lock:  0% /0, 0/s, -
 * .cache/huggingface/dow…okenizer.json.metadata:100% /101, 0/s, -
 * .cache/huggingface/dow…nizer_config.json.lock:  0% /0, 0/s, -
 * .cache/huggingface/dow…r_config.json.metadata:100% /100, 0/s, -Transferred:   	   45.987 MiB / 2.900 GiB, 2%, 3.659 MiB/s, ETA 13m19s
Checks:                 0 / 0, -, Listed 34
Transferred:           24 / 31, 77%
Elapsed time:        10.4s
Transferring:
 *                                    merges.txt:100% /1.594Mi, 0/s, -
 *                             model.safetensors:  0% /2.875Gi, 4.175Mi/s, 11m40
 *                                tokenizer.json:100% /6.706Mi, 0/s, -
 *                                    vocab.json:100% /2.648Mi, 2.648Mi/s, 0s
 * .cache/huggingface/dow…r_config.json.metadata:100% /100, 0/s, -
 *   .cache/huggingface/download/vocab.json.lock:  0% /0, 0/s, -
 * .cache/huggingface/dow…ad/vocab.json.metadata:100% /100, 0/s, -Transferred:   	   46.924 MiB / 2.900 GiB, 2%, 3.659 MiB/s, ETA 13m18s
Checks:                 0 / 0, -, Listed 34
Transferred:           25 / 31, 81%
Elapsed time:        10.9s
Transferring:
 *                                    merges.txt:100% /1.594Mi, 0/s, -
 *                             model.safetensors:  0% /2.875Gi, 4.175Mi/s, 11m40
 *                                tokenizer.json:100% /6.706Mi, 6.706Mi/s, 0s
 *                                    vocab.json:100% /2.648Mi, 1.324Mi/s, 0s
 *   .cache/huggingface/download/vocab.json.lock:  0% /0, 0/s, -
 * .cache/huggingface/dow…ad/vocab.json.metadata:100% /100, 0/s, -Transferred:   	   46.924 MiB / 2.900 GiB, 2%, 4.266 MiB/s, ETA 11m25s
Checks:                 0 / 0, -, Listed 34
Transferred:           25 / 31, 81%
Elapsed time:        11.4s
Transferring:
 *                                    merges.txt:100% /1.594Mi, 1.594Mi/s, 0s
 *                             model.safetensors:  0% /2.875Gi, 3.635Mi/s, 13m23
 *                                tokenizer.json:100% /6.706Mi, 6.706Mi/s, 0s
 *                                    vocab.json:100% /2.648Mi, 1.324Mi/s, 0s
 *   .cache/huggingface/download/vocab.json.lock:  0% /0, 0/s, -
 * .cache/huggingface/dow…ad/vocab.json.metadata:100% /100, 99/s, 0sTransferred:   	   46.924 MiB / 2.900 GiB, 2%, 4.266 MiB/s, ETA 11m25s
Checks:                 0 / 0, -, Listed 34
Transferred:           25 / 31, 81%
Elapsed time:        11.9s
Transferring:
 *                                    merges.txt:100% /1.594Mi, 1.594Mi/s, 0s
 *                             model.safetensors:  0% /2.875Gi, 3.635Mi/s, 13m23
 *                                tokenizer.json:100% /6.706Mi, 3.353Mi/s, 0s
 *                                    vocab.json:100% /2.648Mi, 903.873Ki/s, 0s
 *   .cache/huggingface/download/vocab.json.lock:  0% /0, 0/s, -
 * .cache/huggingface/dow…ad/vocab.json.metadata:100% /100, 99/s, 0sTransferred:   	   55.635 MiB / 2.904 GiB, 2%, 3.910 MiB/s, ETA 12m26s
Checks:                 0 / 0, -, Listed 34
Transferred:           27 / 31, 87%
Elapsed time:        12.4s
Transferring:
 *                                    merges.txt:100% /1.594Mi, 0/s, -
 *                             model.safetensors:  0% /2.875Gi, 3.710Mi/s, 13m6s
 *                                tokenizer.json:100% /6.706Mi, 3.353Mi/s, 0s
 *                                    vocab.json:100% /2.648Mi, 0/s, -Transferred:   	   56.167 MiB / 2.904 GiB, 2%, 3.910 MiB/s, ETA 12m26s
Checks:                 0 / 0, -, Listed 34
Transferred:           27 / 31, 87%
Elapsed time:        12.9s
Transferring:
 *                                    merges.txt:100% /1.594Mi, 0/s, -
 *                             model.safetensors:  0% /2.875Gi, 3.710Mi/s, 13m6s
 *                                tokenizer.json:100% /6.706Mi, 2.235Mi/s, 0s
 *                                    vocab.json:100% /2.648Mi, 0/s, -Transferred:   	   60.413 MiB / 2.911 GiB, 2%, 4.320 MiB/s, ETA 11m15s
Checks:                 0 / 0, -, Listed 34
Transferred:           27 / 31, 87%
Elapsed time:        13.4s
Transferring:
 *                                    merges.txt:100% /1.594Mi, 1.594Mi/s, 0s
 *                             model.safetensors:  0% /2.875Gi, 3.352Mi/s, 14m30
 *                                tokenizer.json: 63% /6.706Mi, 0/s, -
 *                                    vocab.json:100% /2.648Mi, 2.648Mi/s, 0sTransferred:   	   70.843 MiB / 2.915 GiB, 2%, 4.320 MiB/s, ETA 11m14s
Checks:                 0 / 0, -, Listed 34
Transferred:           27 / 31, 87%
Elapsed time:        13.9s
Transferring:
 *                                    merges.txt:100% /1.594Mi, 0/s, -
 *                             model.safetensors:  1% /2.875Gi, 3.352Mi/s, 14m29
 *                                tokenizer.json: 81% /6.706Mi, 0/s, -
 *                                    vocab.json:100% /2.648Mi, 0/s, -Transferred:   	   72.115 MiB / 2.915 GiB, 2%, 5.060 MiB/s, ETA 9m35s
Checks:                 0 / 0, -, Listed 34
Transferred:           27 / 31, 87%
Elapsed time:        14.4s
Transferring:
 *                                    merges.txt:100% /1.594Mi, 0/s, -
 *                             model.safetensors:  1% /2.875Gi, 3.535Mi/s, 13m44
 *                                tokenizer.json:100% /6.706Mi, 6.706Mi/s, 0s
 *                                    vocab.json:100% /2.648Mi, 0/s, -Transferred:   	   72.115 MiB / 2.915 GiB, 2%, 5.060 MiB/s, ETA 9m35s
Checks:                 0 / 0, -, Listed 34
Transferred:           27 / 31, 87%
Elapsed time:        14.9s
Transferring:
 *                                    merges.txt:100% /1.594Mi, 1.594Mi/s, 0s
 *                             model.safetensors:  1% /2.875Gi, 3.535Mi/s, 13m44
 *                                tokenizer.json:100% /6.706Mi, 6.706Mi/s, 0s
 *                                    vocab.json:100% /2.648Mi, 2.648Mi/s, 0sTransferred:   	   72.115 MiB / 2.915 GiB, 2%, 4.807 MiB/s, ETA 10m5s
Checks:                 0 / 0, -, Listed 34
Transferred:           27 / 31, 87%
Elapsed time:        15.4s
Transferring:
 *                                    merges.txt:100% /1.594Mi, 1.594Mi/s, 0s
 *                             model.safetensors:  1% /2.875Gi, 3.181Mi/s, 15m15
 *                                tokenizer.json:100% /6.706Mi, 3.353Mi/s, 0s
 *                                    vocab.json:100% /2.648Mi, 2.648Mi/s, 0sTransferred:   	   74.763 MiB / 2.917 GiB, 3%, 4.807 MiB/s, ETA 10m5s
Checks:                 0 / 0, -, Listed 34
Transferred:           27 / 31, 87%
Elapsed time:        16.0s
Transferring:
 *                                    merges.txt:100% /1.594Mi, 816.293Ki/s, 0s
 *                             model.safetensors:  1% /2.875Gi, 3.181Mi/s, 15m15
 *                                tokenizer.json:100% /6.706Mi, 3.353Mi/s, 0s
 *                                    vocab.json:100% /2.648Mi, 0/s, -Transferred:   	   83.948 MiB / 2.925 GiB, 3%, 4.672 MiB/s, ETA 10m23s
Checks:                 0 / 0, -, Listed 34
Transferred:           27 / 31, 87%
Elapsed time:        16.4s
Transferring:
 *                                    merges.txt:100% /1.594Mi, 0/s, -
 *                             model.safetensors:  1% /2.875Gi, 2.892Mi/s, 16m45
 *                                tokenizer.json: 40% /6.706Mi, 0/s, -
 *                                    vocab.json:100% /2.648Mi, 0/s, -Transferred:   	   88.729 MiB / 2.925 GiB, 3%, 4.672 MiB/s, ETA 10m22s
Checks:                 0 / 0, -, Listed 34
Transferred:           27 / 31, 87%
Elapsed time:        16.9s
Transferring:
 *                                    merges.txt:100% /1.594Mi, 0/s, -
 *                             model.safetensors:  1% /2.875Gi, 2.892Mi/s, 16m44
 *                                tokenizer.json: 88% /6.706Mi, 0/s, -
 *                                    vocab.json:100% /2.648Mi, 2.648Mi/s, 0sTransferred:   	   91.939 MiB / 2.925 GiB, 3%, 5.253 MiB/s, ETA 9m12s
Checks:                 0 / 0, -, Listed 34
Transferred:           27 / 31, 87%
Elapsed time:        17.4s
Transferring:
 *                                    merges.txt:100% /1.594Mi, 1.594Mi/s, 0s
 *                             model.safetensors:  1% /2.875Gi, 3.367Mi/s, 14m22
 *                                tokenizer.json:100% /6.706Mi, 6.706Mi/s, 0s
 *                                    vocab.json:100% /2.648Mi, 2.648Mi/s, 0sTransferred:   	   95.712 MiB / 2.930 GiB, 3%, 5.253 MiB/s, ETA 9m12s
Checks:                 0 / 0, -, Listed 34
Transferred:           27 / 31, 87%
Elapsed time:        17.9s
Transferring:
 *                                    merges.txt:  0% /1.594Mi, 0/s, -
 *                             model.safetensors:  1% /2.875Gi, 3.367Mi/s, 14m22
 *                                tokenizer.json:100% /6.706Mi, 6.706Mi/s, 0s
 *                                    vocab.json:100% /2.648Mi, 0/s, -Transferred:   	   97.306 MiB / 2.930 GiB, 3%, 5.361 MiB/s, ETA 9m1s
Checks:                 0 / 0, -, Listed 34
Transferred:           27 / 31, 87%
Elapsed time:        18.4s
Transferring:
 *                                    merges.txt:100% /1.594Mi, 0/s, -
 *                             model.safetensors:  1% /2.875Gi, 3.216Mi/s, 15m2s
 *                                tokenizer.json:100% /6.706Mi, 3.353Mi/s, 0s
 *                                    vocab.json:100% /2.648Mi, 0/s, -Transferred:   	   97.306 MiB / 2.932 GiB, 3%, 5.361 MiB/s, ETA 9m1s
Checks:                 0 / 0, -, Listed 34
Transferred:           27 / 31, 87%
Elapsed time:        18.9s
Transferring:
 *                                    merges.txt:100% /1.594Mi, 1.594Mi/s, 0s
 *                             model.safetensors:  1% /2.875Gi, 3.216Mi/s, 15m2s
 *                                tokenizer.json:100% /6.706Mi, 3.353Mi/s, 0s
 *                                    vocab.json:  0% /2.648Mi, 0/s, -Transferred:   	  100.056 MiB / 2.939 GiB, 3%, 5.126 MiB/s, ETA 9m27s
Checks:                 0 / 0, -, Listed 34
Transferred:           27 / 31, 87%
Elapsed time:        19.4s
Transferring:
 *                                    merges.txt:100% /1.594Mi, 1.594Mi/s, 0s
 *                             model.safetensors:  1% /2.875Gi, 2.987Mi/s, 16m10
 *                                tokenizer.json:  0% /6.706Mi, 0/s, -
 *                                    vocab.json:  0% /2.648Mi, 0/s, -Transferred:   	  104.954 MiB / 2.940 GiB, 3%, 5.126 MiB/s, ETA 9m26s
Checks:                 0 / 0, -, Listed 34
Transferred:           27 / 31, 87%
Elapsed time:        19.9s
Transferring:
 *                                    merges.txt:  0% /1.594Mi, 0/s, -
 *                             model.safetensors:  1% /2.875Gi, 2.987Mi/s, 16m10
 *                                tokenizer.json:  0% /6.706Mi, 0/s, -
 *                                    vocab.json:100% /2.648Mi, 2.648Mi/s, 0sTransferred:   	  104.954 MiB / 2.940 GiB, 3%, 5.284 MiB/s, ETA 9m9s
Checks:                 0 / 0, -, Listed 34
Transferred:           27 / 31, 87%
Elapsed time:        20.4s
Transferring:
 *                                    merges.txt:  0% /1.594Mi, 0/s, -
 *                             model.safetensors:  1% /2.875Gi, 3.121Mi/s, 15m28
 *                                tokenizer.json:  0% /6.706Mi, 0/s, -
 *                                    vocab.json:100% /2.648Mi, 2.648Mi/s, 0sTransferred:   	  104.954 MiB / 2.940 GiB, 3%, 5.284 MiB/s, ETA 9m9s
Checks:                 0 / 0, -, Listed 34
Transferred:           27 / 31, 87%
Elapsed time:        20.9s
Transferring:
 *                                    merges.txt:  0% /1.594Mi, 0/s, -
 *                             model.safetensors:  1% /2.875Gi, 3.121Mi/s, 15m28
 *                                tokenizer.json:  0% /6.706Mi, 0/s, -
 *                                    vocab.json:100% /2.648Mi, 1.324Mi/s, 0sTransferred:   	  104.954 MiB / 2.943 GiB, 3%, 4.953 MiB/s, ETA 9m47s
Checks:                 0 / 0, -, Listed 34
Transferred:           27 / 31, 87%
Elapsed time:        21.4s
Transferring:
 *                                    merges.txt:  0% /1.594Mi, 0/s, -
 *                             model.safetensors:  1% /2.875Gi, 2.926Mi/s, 16m30
 *                                tokenizer.json:  0% /6.706Mi, 0/s, -
 *                                    vocab.json:  0% /2.648Mi, 0/s, -Transferred:   	  111.660 MiB / 2.943 GiB, 4%, 4.953 MiB/s, ETA 9m45s
Checks:                 0 / 0, -, Listed 34
Transferred:           27 / 31, 87%
Elapsed time:        21.9s
Transferring:
 *                                    merges.txt:  0% /1.594Mi, 0/s, -
 *                             model.safetensors:  1% /2.875Gi, 2.926Mi/s, 16m30
 *                                tokenizer.json:100% /6.706Mi, 0/s, -
 *                                    vocab.json:  0% /2.648Mi, 0/s, -Transferred:   	  111.660 MiB / 2.943 GiB, 4%, 5.063 MiB/s, ETA 9m33s
Checks:                 0 / 0, -, Listed 34
Transferred:           27 / 31, 87%
Elapsed time:        22.4s
Transferring:
 *                                    merges.txt:  0% /1.594Mi, 0/s, -
 *                             model.safetensors:  1% /2.875Gi, 2.743Mi/s, 17m36
 *                                tokenizer.json:100% /6.706Mi, 2.235Mi/s, 0s
 *                                    vocab.json:  0% /2.648Mi, 0/s, -Transferred:   	  111.660 MiB / 2.943 GiB, 4%, 5.063 MiB/s, ETA 9m33s
Checks:                 0 / 0, -, Listed 34
Transferred:           27 / 31, 87%
Elapsed time:        22.9s
Transferring:
 *                                    merges.txt:  0% /1.594Mi, 0/s, -
 *                             model.safetensors:  1% /2.875Gi, 2.743Mi/s, 17m36
 *                                tokenizer.json:100% /6.706Mi, 2.235Mi/s, 0s
 *                                    vocab.json:  0% /2.648Mi, 0/s, -Transferred:   	  116.660 MiB / 2.943 GiB, 4%, 4.746 MiB/s, ETA 10m10s
Checks:                 0 / 0, -, Listed 34
Transferred:           27 / 31, 87%
Elapsed time:        23.4s
Transferring:
 *                                    merges.txt:  0% /1.594Mi, 0/s, -
 *                             model.safetensors:  1% /2.875Gi, 2.884Mi/s, 16m43
 *                                tokenizer.json:100% /6.706Mi, 1.676Mi/s, 0s
 *                                    vocab.json:  0% /2.648Mi, 0/s, -Transferred:   	  118.255 MiB / 2.949 GiB, 4%, 4.746 MiB/s, ETA 10m11s
Checks:                 0 / 0, -, Listed 34
Transferred:           27 / 31, 87%
Elapsed time:        23.9s
Transferring:
 *                                    merges.txt:100% /1.594Mi, 408.163Ki/s, 0s
 *                             model.safetensors:  1% /2.875Gi, 2.884Mi/s, 16m43
 *                                tokenizer.json:  0% /6.706Mi, 0/s, -
 *                                    vocab.json:  0% /2.648Mi, 0/s, -Transferred:   	  118.255 MiB / 2.949 GiB, 4%, 4.862 MiB/s, ETA 9m56s
Checks:                 0 / 0, -, Listed 34
Transferred:           27 / 31, 87%
Elapsed time:        24.4s
Transferring:
 *                                    merges.txt:100% /1.594Mi, 408.163Ki/s, 0s
 *                             model.safetensors:  1% /2.875Gi, 2.704Mi/s, 17m49
 *                                tokenizer.json:  0% /6.706Mi, 0/s, -
 *                                    vocab.json:  0% /2.648Mi, 0/s, -Transferred:   	  123.255 MiB / 2.949 GiB, 4%, 4.862 MiB/s, ETA 9m55s
Checks:                 0 / 0, -, Listed 34
Transferred:           27 / 31, 87%
Elapsed time:        24.9s
Transferring:
 *                                    merges.txt:100% /1.594Mi, 326.530Ki/s, 0s
 *                             model.safetensors:  1% /2.875Gi, 2.704Mi/s, 17m48
 *                                tokenizer.json:  0% /6.706Mi, 0/s, -
 *                                    vocab.json:  0% /2.648Mi, 0/s, -Transferred:   	  123.255 MiB / 2.951 GiB, 4%, 4.871 MiB/s, ETA 9m55s
Checks:                 0 / 0, -, Listed 34
Transferred:           27 / 31, 87%
Elapsed time:        25.4s
Transferring:
 *                                    merges.txt:  0% /1.594Mi, 0/s, -
 *                             model.safetensors:  1% /2.875Gi, 2.847Mi/s, 16m54
 *                                tokenizer.json:  0% /6.706Mi, 0/s, -
 *                                    vocab.json:  0% /2.648Mi, 0/s, -Transferred:   	  125.903 MiB / 2.951 GiB, 4%, 4.871 MiB/s, ETA 9m54s
Checks:                 0 / 0, -, Listed 34
Transferred:           27 / 31, 87%
Elapsed time:        25.9s
Transferring:
 *                                    merges.txt:  0% /1.594Mi, 0/s, -
 *                             model.safetensors:  1% /2.875Gi, 2.847Mi/s, 16m54
 *                                tokenizer.json:  0% /6.706Mi, 0/s, -
 *                                    vocab.json:100% /2.648Mi, 0/s, -Transferred:   	  125.903 MiB / 2.951 GiB, 4%, 4.732 MiB/s, ETA 10m12s
Checks:                 0 / 0, -, Listed 34
Transferred:           27 / 31, 87%
Elapsed time:        26.4s
Transferring:
 *                                    merges.txt:  0% /1.594Mi, 0/s, -
 *                             model.safetensors:  1% /2.875Gi, 2.669Mi/s, 18m1s
 *                                tokenizer.json:  0% /6.706Mi, 0/s, -
 *                                    vocab.json:100% /2.648Mi, 542.354Ki/s, 0sTransferred:   	  130.903 MiB / 2.951 GiB, 4%, 4.732 MiB/s, ETA 10m10s
Checks:                 0 / 0, -, Listed 34
Transferred:           27 / 31, 87%
Elapsed time:        26.9s
Transferring:
 *                                    merges.txt:  0% /1.594Mi, 0/s, -
 *                             model.safetensors:  2% /2.875Gi, 2.669Mi/s, 17m59
 *                                tokenizer.json:  0% /6.706Mi, 0/s, -
 *                                    vocab.json:100% /2.648Mi, 542.354Ki/s, 0sTransferred:   	  130.903 MiB / 2.954 GiB, 4%, 4.748 MiB/s, ETA 10m9s
Checks:                 0 / 0, -, Listed 34
Transferred:           27 / 31, 87%
Elapsed time:        27.4s
Transferring:
 *                                    merges.txt:  0% /1.594Mi, 0/s, -
 *                             model.safetensors:  2% /2.875Gi, 2.815Mi/s, 17m4s
 *                                tokenizer.json:  0% /6.706Mi, 0/s, -
 *                                    vocab.json:  0% /2.648Mi, 0/s, -Transferred:   	  137.609 MiB / 2.954 GiB, 5%, 4.748 MiB/s, ETA 10m7s
Checks:                 0 / 0, -, Listed 34
Transferred:           27 / 31, 87%
Elapsed time:        27.9s
Transferring:
 *                                    merges.txt:  0% /1.594Mi, 0/s, -
 *                             model.safetensors:  2% /2.875Gi, 2.815Mi/s, 17m4s
 *                                tokenizer.json:100% /6.706Mi, 1.335Mi/s, 0s
 *                                    vocab.json:  0% /2.648Mi, 0/s, -Transferred:   	  137.609 MiB / 2.954 GiB, 5%, 4.871 MiB/s, ETA 9m52s
Checks:                 0 / 0, -, Listed 34
Transferred:           27 / 31, 87%
Elapsed time:        28.4s
Transferring:
 *                                    merges.txt:  0% /1.594Mi, 0/s, -
 *                             model.safetensors:  2% /2.875Gi, 2.639Mi/s, 18m12
 *                                tokenizer.json:100% /6.706Mi, 1.335Mi/s, 0s
 *                                    vocab.json:  0% /2.648Mi, 0/s, -Transferred:   	  137.609 MiB / 2.954 GiB, 5%, 4.871 MiB/s, ETA 9m52s
Checks:                 0 / 0, -, Listed 34
Transferred:           27 / 31, 87%
Elapsed time:        28.9s
Transferring:
 *                                    merges.txt:  0% /1.594Mi, 0/s, -
 *                             model.safetensors:  2% /2.875Gi, 2.639Mi/s, 18m12
 *                                tokenizer.json:100% /6.706Mi, 1.341Mi/s, 0s
 *                                    vocab.json:  0% /2.648Mi, 0/s, -Transferred:   	  137.609 MiB / 2.954 GiB, 5%, 4.566 MiB/s, ETA 10m32s
Checks:                 0 / 0, -, Listed 34
Transferred:           27 / 31, 87%
Elapsed time:        29.4s
Transferring:
 *                                    merges.txt:  0% /1.594Mi, 0/s, -
 *                             model.safetensors:  2% /2.875Gi, 2.474Mi/s, 19m25
 *                                tokenizer.json:100% /6.706Mi, 1.341Mi/s, 0s
 *                                    vocab.json:  0% /2.648Mi, 0/s, -Transferred:   	  139.203 MiB / 2.954 GiB, 5%, 4.566 MiB/s, ETA 10m31s
Checks:                 0 / 0, -, Listed 34
Transferred:           27 / 31, 87%
Elapsed time:        29.9s
Transferring:
 *                                    merges.txt:100% /1.594Mi, 0/s, -
 *                             model.safetensors:  2% /2.875Gi, 2.474Mi/s, 19m25
 *                                tokenizer.json:100% /6.706Mi, 1.118Mi/s, 0s
 *                                    vocab.json:  0% /2.648Mi, 0/s, -Transferred:   	  146.141 MiB / 2.954 GiB, 5%, 4.381 MiB/s, ETA 10m57s
Checks:                 0 / 0, -, Listed 34
Transferred:           27 / 31, 87%
Elapsed time:        30.4s
Transferring:
 *                                    merges.txt:100% /1.594Mi, 326.535Ki/s, 0s
 *                             model.safetensors:  2% /2.875Gi, 2.753Mi/s, 17m24
 *                                tokenizer.json:100% /6.706Mi, 1.118Mi/s, 0s
 *                                    vocab.json:  0% /2.648Mi, 0/s, -
2026/03/19 16:11:03 ERROR : merges.txt: Failed to copy: operation error S3: PutObject, exceeded maximum number of attempts, 1, https response error StatusCode: 500, RequestID: , HostID: , error while deserializing xml error response : XML syntax error on line 6: element <hr> closed by </body>
Transferred:   	  146.922 MiB / 2.954 GiB, 5%, 4.381 MiB/s, ETA 10m56s
Errors:                 1 (retrying may help)
Checks:                 0 / 0, -, Listed 34
Transferred:           27 / 31, 87%
Elapsed time:        30.6s
Transferring:
 *                                    merges.txt: transferring
 *                             model.safetensors:  2% /2.875Gi, 2.753Mi/s, 17m24
 *                                tokenizer.json:100% /6.706Mi, 1.118Mi/s, 0s
 *                                    vocab.json:  0% /2.648Mi, 0/s, -Transferred:   	  147.484 MiB / 2.954 GiB, 5%, 4.381 MiB/s, ETA 10m56s
Errors:                 1 (retrying may help)
Checks:                 0 / 0, -, Listed 34
Transferred:           27 / 30, 90%
Elapsed time:        30.9s
Transferring:
 *                             model.safetensors:  2% /2.875Gi, 2.753Mi/s, 17m24
 *                                tokenizer.json:100% /6.706Mi, 980.961Ki/s, 0s
 *                                    vocab.json:  0% /2.648Mi, 0/s, -Transferred:   	  148.797 MiB / 2.960 GiB, 5%, 4.624 MiB/s, ETA 10m23s
Errors:                 1 (retrying may help)
Checks:                 0 / 0, -, Listed 34
Transferred:           27 / 30, 90%
Elapsed time:        31.4s
Transferring:
 *                             model.safetensors:  2% /2.875Gi, 2.743Mi/s, 17m27
 *                                tokenizer.json:  0% /6.706Mi, 0/s, -
 *                                    vocab.json:  0% /2.648Mi, 0/s, -Transferred:   	  154.976 MiB / 2.960 GiB, 5%, 4.624 MiB/s, ETA 10m21s
Errors:                 1 (retrying may help)
Checks:                 0 / 0, -, Listed 34
Transferred:           27 / 30, 90%
Elapsed time:        31.9s
Transferring:
 *                             model.safetensors:  2% /2.875Gi, 2.743Mi/s, 17m26
 *                                tokenizer.json:  0% /6.706Mi, 0/s, -
 *                                    vocab.json:100% /2.648Mi, 0/s, -Transferred:   	  156.851 MiB / 2.960 GiB, 5%, 4.804 MiB/s, ETA 9m58s
Errors:                 1 (retrying may help)
Checks:                 0 / 0, -, Listed 34
Transferred:           27 / 30, 90%
Elapsed time:        32.4s
Transferring:
 *                             model.safetensors:  2% /2.875Gi, 2.913Mi/s, 16m24
 *                                tokenizer.json:  0% /6.706Mi, 0/s, -
 *                                    vocab.json:100% /2.648Mi, 542.364Ki/s, 0sTransferred:   	  156.851 MiB / 2.960 GiB, 5%, 4.804 MiB/s, ETA 9m58s
Errors:                 1 (retrying may help)
Checks:                 0 / 0, -, Listed 34
Transferred:           27 / 30, 90%
Elapsed time:        32.9s
Transferring:
 *                             model.safetensors:  2% /2.875Gi, 2.913Mi/s, 16m24
 *                                tokenizer.json:  0% /6.706Mi, 0/s, -
 *                                    vocab.json:100% /2.648Mi, 542.364Ki/s, 0sTransferred:   	  156.851 MiB / 2.960 GiB, 5%, 4.621 MiB/s, ETA 10m22s
Errors:                 1 (retrying may help)
Checks:                 0 / 0, -, Listed 34
Transferred:           27 / 30, 90%
Elapsed time:        33.4s
Transferring:
 *                             model.safetensors:  2% /2.875Gi, 2.731Mi/s, 17m29
 *                                tokenizer.json:  0% /6.706Mi, 0/s, -
 *                                    vocab.json:100% /2.648Mi, 451.971Ki/s, 0sTransferred:   	  159.910 MiB / 2.963 GiB, 5%, 4.621 MiB/s, ETA 10m21s
Errors:                 1 (retrying may help)
Checks:                 0 / 0, -, Listed 34
Transferred:           27 / 30, 90%
Elapsed time:        33.9s
Transferring:
 *                             model.safetensors:  2% /2.875Gi, 2.731Mi/s, 17m29
 *                                tokenizer.json: 45% /6.706Mi, 0/s, -
 *                                    vocab.json:  0% /2.648Mi, 0/s, -Transferred:   	  160.816 MiB / 2.963 GiB, 5%, 4.523 MiB/s, ETA 10m35s
Errors:                 1 (retrying may help)
Checks:                 0 / 0, -, Listed 34
Transferred:           27 / 30, 90%
Elapsed time:        34.4s
Transferring:
 *                             model.safetensors:  2% /2.875Gi, 2.561Mi/s, 18m39
 *                                tokenizer.json: 59% /6.706Mi, 1.124Mi/s, 2s
 *                                    vocab.json:  0% /2.648Mi, 0/s, -Transferred:   	  160.879 MiB / 2.963 GiB, 5%, 4.523 MiB/s, ETA 10m35s
Errors:                 1 (retrying may help)
Checks:                 0 / 0, -, Listed 34
Transferred:           27 / 30, 90%
Elapsed time:        34.9s
Transferring:
 *                             model.safetensors:  2% /2.875Gi, 2.561Mi/s, 18m39
 *                                tokenizer.json: 60% /6.706Mi, 1.124Mi/s, 2s
 *                                    vocab.json:  0% /2.648Mi, 0/s, -Transferred:   	  161.441 MiB / 2.963 GiB, 5%, 4.301 MiB/s, ETA 11m7s
Errors:                 1 (retrying may help)
Checks:                 0 / 0, -, Listed 34
Transferred:           27 / 30, 90%
Elapsed time:        35.4s
Transferring:
 *                             model.safetensors:  2% /2.875Gi, 2.401Mi/s, 19m54
 *                                tokenizer.json: 68% /6.706Mi, 1.007Mi/s, 2s
 *                                    vocab.json:  0% /2.648Mi, 0/s, -Transferred:   	  164.746 MiB / 2.963 GiB, 5%, 4.301 MiB/s, ETA 11m7s
Errors:                 1 (retrying may help)
Checks:                 0 / 0, -, Listed 34
Transferred:           27 / 30, 90%
Elapsed time:        35.9s
Transferring:
 *                             model.safetensors:  2% /2.875Gi, 2.401Mi/s, 19m54
 *                                tokenizer.json: 78% /6.706Mi, 1.007Mi/s, 1s
 *                                    vocab.json:100% /2.648Mi, 1.324Mi/s, 0sTransferred:   	  165.433 MiB / 2.963 GiB, 5%, 4.274 MiB/s, ETA 11m11s
Errors:                 1 (retrying may help)
Checks:                 0 / 0, -, Listed 34
Transferred:           27 / 30, 90%
Elapsed time:        36.4s
Transferring:
 *                             model.safetensors:  2% /2.875Gi, 2.251Mi/s, 21m14
 *                                tokenizer.json: 88% /6.706Mi, 1.049Mi/s, 0s
 *                                    vocab.json:100% /2.648Mi, 1.324Mi/s, 0sTransferred:   	  166.183 MiB / 2.963 GiB, 5%, 4.274 MiB/s, ETA 11m10s
Errors:                 1 (retrying may help)
Checks:                 0 / 0, -, Listed 34
Transferred:           27 / 30, 90%
Elapsed time:        36.9s
Transferring:
 *                             model.safetensors:  2% /2.875Gi, 2.251Mi/s, 21m14
 *                                tokenizer.json: 99% /6.706Mi, 1.049Mi/s, 0s
 *                                    vocab.json:100% /2.648Mi, 903.926Ki/s, 0s
2026/03/19 16:11:09 ERROR : vocab.json: Failed to copy: operation error S3: PutObject, exceeded maximum number of attempts, 1, https response error StatusCode: 500, RequestID: , HostID: , error while deserializing xml error response : XML syntax error on line 6: element <hr> closed by </body>
Transferred:   	  166.183 MiB / 2.963 GiB, 5%, 4.096 MiB/s, ETA 11m40s
Errors:                 2 (retrying may help)
Checks:                 0 / 0, -, Listed 34
Transferred:           27 / 30, 90%
Elapsed time:        37.0s
Transferring:
 *                             model.safetensors:  2% /2.875Gi, 2.251Mi/s, 21m14
 *                                tokenizer.json: 99% /6.706Mi, 1.049Mi/s, 0s
 *                                    vocab.json: transferringTransferred:   	  166.205 MiB / 2.963 GiB, 5%, 4.096 MiB/s, ETA 11m40s
Errors:                 2 (retrying may help)
Checks:                 0 / 0, -, Listed 34
Transferred:           27 / 29, 93%
Elapsed time:        37.4s
Transferring:
 *                             model.safetensors:  2% /2.875Gi, 2.110Mi/s, 22m39
 *                                tokenizer.json:100% /6.706Mi, 1.118Mi/s, 0sTransferred:   	  166.205 MiB / 2.963 GiB, 5%, 4.096 MiB/s, ETA 11m40s
Errors:                 2 (retrying may help)
Checks:                 0 / 0, -, Listed 34
Transferred:           27 / 29, 93%
Elapsed time:        37.9s
Transferring:
 *                             model.safetensors:  2% /2.875Gi, 2.110Mi/s, 22m39
 *                                tokenizer.json:100% /6.706Mi, 1.118Mi/s, 0sTransferred:   	  166.205 MiB / 2.963 GiB, 5%, 3.842 MiB/s, ETA 12m26s
Errors:                 2 (retrying may help)
Checks:                 0 / 0, -, Listed 34
Transferred:           27 / 29, 93%
Elapsed time:        38.4s
Transferring:
 *                             model.safetensors:  2% /2.875Gi, 1.978Mi/s, 24m9s
 *                                tokenizer.json:100% /6.706Mi, 980.997Ki/s, 0sTransferred:   	  168.358 MiB / 2.969 GiB, 6%, 3.842 MiB/s, ETA 12m27s
Errors:                 2 (retrying may help)
Checks:                 0 / 0, -, Listed 34
Transferred:           27 / 29, 93%
Elapsed time:        38.9s
Transferring:
 *                             model.safetensors:  2% /2.875Gi, 1.978Mi/s, 24m9s
 *                                tokenizer.json: 32% /6.706Mi, 0/s, -Transferred:   	  169.420 MiB / 2.969 GiB, 6%, 3.736 MiB/s, ETA 12m48s
Errors:                 2 (retrying may help)
Checks:                 0 / 0, -, Listed 34
Transferred:           27 / 29, 93%
Elapsed time:        39.4s
Transferring:
 *                             model.safetensors:  2% /2.875Gi, 1.854Mi/s, 25m46
 *                                tokenizer.json: 47% /6.706Mi, 0/s, -Transferred:   	  170.733 MiB / 2.969 GiB, 6%, 3.736 MiB/s, ETA 12m48s
Errors:                 2 (retrying may help)
Checks:                 0 / 0, -, Listed 34
Transferred:           27 / 29, 93%
Elapsed time:        39.9s
Transferring:
 *                             model.safetensors:  2% /2.875Gi, 1.854Mi/s, 25m46
 *                                tokenizer.json: 67% /6.706Mi, 4.465Mi/s, 0sTransferred:   	  172.045 MiB / 2.969 GiB, 6%, 3.651 MiB/s, ETA 13m5s
Errors:                 2 (retrying may help)
Checks:                 0 / 0, -, Listed 34
Transferred:           27 / 29, 93%
Elapsed time:        40.4s
Transferring:
 *                             model.safetensors:  2% /2.875Gi, 1.738Mi/s, 27m29
 *                                tokenizer.json: 87% /6.706Mi, 4.465Mi/s, 0sTransferred:   	  172.911 MiB / 2.969 GiB, 6%, 3.651 MiB/s, ETA 13m5s
Errors:                 2 (retrying may help)
Checks:                 0 / 0, -, Listed 34
Transferred:           27 / 29, 93%
Elapsed time:        40.9s
Transferring:
 *                             model.safetensors:  2% /2.875Gi, 1.738Mi/s, 27m29
 *                                tokenizer.json:100% /6.706Mi, 3.353Mi/s, 0sTransferred:   	  172.911 MiB / 2.969 GiB, 6%, 3.559 MiB/s, ETA 13m25s
Errors:                 2 (retrying may help)
Checks:                 0 / 0, -, Listed 34
Transferred:           27 / 29, 93%
Elapsed time:        41.4s
Transferring:
 *                             model.safetensors:  2% /2.875Gi, 1.630Mi/s, 29m19
 *                                tokenizer.json:100% /6.706Mi, 3.353Mi/s, 0sTransferred:   	  175.095 MiB / 2.976 GiB, 6%, 3.559 MiB/s, ETA 13m26s
Errors:                 2 (retrying may help)
Checks:                 0 / 0, -, Listed 34
Transferred:           27 / 29, 93%
Elapsed time:        41.9s
Transferring:
 *                             model.safetensors:  2% /2.875Gi, 1.630Mi/s, 29m19
 *                                tokenizer.json: 32% /6.706Mi, 0/s, -Transferred:   	  177.564 MiB / 2.976 GiB, 6%, 3.473 MiB/s, ETA 13m46s
Errors:                 2 (retrying may help)
Checks:                 0 / 0, -, Listed 34
Transferred:           27 / 29, 93%
Elapsed time:        42.4s
Transferring:
 *                             model.safetensors:  2% /2.875Gi, 1.528Mi/s, 31m16
 *                                tokenizer.json: 69% /6.706Mi, 0/s, -Transferred:   	  179.501 MiB / 2.976 GiB, 6%, 3.473 MiB/s, ETA 13m45s
Errors:                 2 (retrying may help)
Checks:                 0 / 0, -, Listed 34
Transferred:           27 / 29, 93%
Elapsed time:        42.9s
Transferring:
 *                             model.safetensors:  2% /2.875Gi, 1.528Mi/s, 31m16
 *                                tokenizer.json: 98% /6.706Mi, 6.277Mi/s, 0sTransferred:   	  179.617 MiB / 2.976 GiB, 6%, 3.531 MiB/s, ETA 13m32s
Errors:                 2 (retrying may help)
Checks:                 0 / 0, -, Listed 34
Transferred:           27 / 29, 93%
Elapsed time:        43.4s
Transferring:
 *                             model.safetensors:  2% /2.875Gi, 1.432Mi/s, 33m21
 *                                tokenizer.json:100% /6.706Mi, 6.277Mi/s, 0sTransferred:   	  179.617 MiB / 2.976 GiB, 6%, 3.531 MiB/s, ETA 13m32s
Errors:                 2 (retrying may help)
Checks:                 0 / 0, -, Listed 34
Transferred:           27 / 29, 93%
Elapsed time:        43.9s
Transferring:
 *                             model.safetensors:  2% /2.875Gi, 1.432Mi/s, 33m21
 *                                tokenizer.json:100% /6.706Mi, 3.353Mi/s, 0sTransferred:   	  179.617 MiB / 2.976 GiB, 6%, 3.318 MiB/s, ETA 14m24s
Errors:                 2 (retrying may help)
Checks:                 0 / 0, -, Listed 34
Transferred:           27 / 29, 93%
Elapsed time:        44.4s
Transferring:
 *                             model.safetensors:  2% /2.875Gi, 1.343Mi/s, 35m35
 *                                tokenizer.json:100% /6.706Mi, 3.353Mi/s, 0sTransferred:   	  182.707 MiB / 2.982 GiB, 6%, 3.318 MiB/s, ETA 14m25s
Errors:                 2 (retrying may help)
Checks:                 0 / 0, -, Listed 34
Transferred:           27 / 29, 93%
Elapsed time:        44.9s
Transferring:
 *                             model.safetensors:  2% /2.875Gi, 1.343Mi/s, 35m35
 *                                tokenizer.json: 46% /6.706Mi, 0/s, -Transferred:   	  186.323 MiB / 2.982 GiB, 6%, 3.304 MiB/s, ETA 14m27s
Errors:                 2 (retrying may help)
Checks:                 0 / 0, -, Listed 34
Transferred:           27 / 29, 93%
Elapsed time:        45.4s
Transferring:
 *                             model.safetensors:  2% /2.875Gi, 1.259Mi/s, 37m57
 *                                tokenizer.json:100% /6.706Mi, 0/s, -Transferred:   	  186.323 MiB / 2.982 GiB, 6%, 3.304 MiB/s, ETA 14m27s
Errors:                 2 (retrying may help)
Checks:                 0 / 0, -, Listed 34
Transferred:           27 / 29, 93%
Elapsed time:        45.9s
Transferring:
 *                             model.safetensors:  2% /2.875Gi, 1.259Mi/s, 37m57
 *                                tokenizer.json:100% /6.706Mi, 6.706Mi/s, 0sTransferred:   	  186.323 MiB / 2.982 GiB, 6%, 3.323 MiB/s, ETA 14m22s
Errors:                 2 (retrying may help)
Checks:                 0 / 0, -, Listed 34
Transferred:           27 / 29, 93%
Elapsed time:        46.4s
Transferring:
 *                             model.safetensors:  2% /2.875Gi, 1.180Mi/s, 40m29
 *                                tokenizer.json:100% /6.706Mi, 6.706Mi/s, 0sTransferred:   	  186.323 MiB / 2.982 GiB, 6%, 3.323 MiB/s, ETA 14m22s
Errors:                 2 (retrying may help)
Checks:                 0 / 0, -, Listed 34
Transferred:           27 / 29, 93%
Elapsed time:        46.9s
Transferring:
 *                             model.safetensors:  2% /2.875Gi, 1.180Mi/s, 40m29
 *                                tokenizer.json:100% /6.706Mi, 3.353Mi/s, 0s
2026/03/19 16:11:19 ERROR : tokenizer.json: Failed to copy: operation error S3: PutObject, exceeded maximum number of attempts, 1, https response error StatusCode: 500, RequestID: , HostID: , error while deserializing xml error response : XML syntax error on line 6: element <hr> closed by </body>
Transferred:   	  186.323 MiB / 2.982 GiB, 6%, 3.116 MiB/s, ETA 15m20s
Errors:                 3 (retrying may help)
Checks:                 0 / 0, -, Listed 34
Transferred:           27 / 29, 93%
Elapsed time:        47.0s
Transferring:
 *                             model.safetensors:  2% /2.875Gi, 1.180Mi/s, 40m29
 *                                tokenizer.json: transferringTransferred:   	  186.323 MiB / 2.982 GiB, 6%, 3.116 MiB/s, ETA 15m20s
Errors:                 3 (retrying may help)
Checks:                 0 / 0, -, Listed 34
Transferred:           27 / 28, 96%
Elapsed time:        47.4s
Transferring:
 *                             model.safetensors:  2% /2.875Gi, 1.107Mi/s, 43m11Transferred:   	  186.323 MiB / 2.982 GiB, 6%, 3.116 MiB/s, ETA 15m20s
Errors:                 3 (retrying may help)
Checks:                 0 / 0, -, Listed 34
Transferred:           27 / 28, 96%
Elapsed time:        47.9s
Transferring:
 *                             model.safetensors:  2% /2.875Gi, 1.107Mi/s, 43m11Transferred:   	  186.323 MiB / 2.982 GiB, 6%, 2.921 MiB/s, ETA 16m21s
Errors:                 3 (retrying may help)
Checks:                 0 / 0, -, Listed 34
Transferred:           27 / 28, 96%
Elapsed time:        48.4s
Transferring:
 *                             model.safetensors:  2% /2.875Gi, 1.037Mi/s, 46m4sTransferred:   	  186.323 MiB / 2.982 GiB, 6%, 2.921 MiB/s, ETA 16m21s
Errors:                 3 (retrying may help)
Checks:                 0 / 0, -, Listed 34
Transferred:           27 / 28, 96%
Elapsed time:        48.9s
Transferring:
 *                             model.safetensors:  2% /2.875Gi, 1.037Mi/s, 46m4sTransferred:   	  186.323 MiB / 2.982 GiB, 6%, 2.738 MiB/s, ETA 17m27s
Errors:                 3 (retrying may help)
Checks:                 0 / 0, -, Listed 34
Transferred:           27 / 28, 96%
Elapsed time:        49.4s
Transferring:
 *                             model.safetensors:  2% /2.875Gi, 995.900Ki/s, 49mTransferred:   	  186.323 MiB / 2.982 GiB, 6%, 2.738 MiB/s, ETA 17m27s
Errors:                 3 (retrying may help)
Checks:                 0 / 0, -, Listed 34
Transferred:           27 / 28, 96%
Elapsed time:        49.9s
Transferring:
 *                             model.safetensors:  2% /2.875Gi, 995.900Ki/s, 49mTransferred:   	  186.323 MiB / 2.982 GiB, 6%, 2.567 MiB/s, ETA 18m37s
Errors:                 3 (retrying may help)
Checks:                 0 / 0, -, Listed 34
Transferred:           27 / 28, 96%
Elapsed time:        50.4s
Transferring:
 *                             model.safetensors:  2% /2.875Gi, 933.656Ki/s, 52mTransferred:   	  186.323 MiB / 2.982 GiB, 6%, 2.567 MiB/s, ETA 18m37s
Errors:                 3 (retrying may help)
Checks:                 0 / 0, -, Listed 34
Transferred:           27 / 28, 96%
Elapsed time:        50.9s
Transferring:
 *                             model.safetensors:  2% /2.875Gi, 933.656Ki/s, 52mTransferred:   	  186.323 MiB / 2.982 GiB, 6%, 2.407 MiB/s, ETA 19m51s
Errors:                 3 (retrying may help)
Checks:                 0 / 0, -, Listed 34
Transferred:           27 / 28, 96%
Elapsed time:        51.4s
Transferring:
 *                             model.safetensors:  2% /2.875Gi, 875.303Ki/s, 55mTransferred:   	  186.323 MiB / 2.982 GiB, 6%, 2.407 MiB/s, ETA 19m51s
Errors:                 3 (retrying may help)
Checks:                 0 / 0, -, Listed 34
Transferred:           27 / 28, 96%
Elapsed time:        51.9s
Transferring:
 *                             model.safetensors:  2% /2.875Gi, 875.303Ki/s, 55mTransferred:   	  186.323 MiB / 2.982 GiB, 6%, 2.256 MiB/s, ETA 21m10s
Errors:                 3 (retrying may help)
Checks:                 0 / 0, -, Listed 34
Transferred:           27 / 28, 96%
Elapsed time:        52.4s
Transferring:
 *                             model.safetensors:  2% /2.875Gi, 820.597Ki/s, 59mTransferred:   	  190.261 MiB / 2.982 GiB, 6%, 2.256 MiB/s, ETA 21m9s
Errors:                 3 (retrying may help)
Checks:                 0 / 0, -, Listed 34
Transferred:           27 / 28, 96%
Elapsed time:        52.9s
Transferring:
 *                             model.safetensors:  2% /2.875Gi, 820.597Ki/s, 59mTransferred:   	  196.073 MiB / 2.982 GiB, 6%, 2.361 MiB/s, ETA 20m10s
Errors:                 3 (retrying may help)
Checks:                 0 / 0, -, Listed 34
Transferred:           27 / 28, 96%
Elapsed time:        53.4s
Transferring:
 *                             model.safetensors:  2% /2.875Gi, 1.361Mi/s, 35m0sTransferred:   	  199.698 MiB / 2.982 GiB, 7%, 2.361 MiB/s, ETA 20m8s
Errors:                 3 (retrying may help)
Checks:                 0 / 0, -, Listed 34
Transferred:           27 / 28, 96%
Elapsed time:        53.9s
Transferring:
 *                             model.safetensors:  3% /2.875Gi, 1.361Mi/s, 34m57Transferred:   	  201.323 MiB / 2.982 GiB, 7%, 2.804 MiB/s, ETA 16m57s
Errors:                 3 (retrying may help)
Checks:                 0 / 0, -, Listed 34
Transferred:           27 / 28, 96%
Elapsed time:        54.4s
Transferring:
 *                             model.safetensors:  3% /2.875Gi, 1.555Mi/s, 30m34Transferred:   	  201.323 MiB / 2.982 GiB, 7%, 2.804 MiB/s, ETA 16m57s
Errors:                 3 (retrying may help)
Checks:                 0 / 0, -, Listed 34
Transferred:           27 / 28, 96%
Elapsed time:        54.9s
Transferring:
 *                             model.safetensors:  3% /2.875Gi, 1.555Mi/s, 30m34Transferred:   	  201.323 MiB / 2.982 GiB, 7%, 2.730 MiB/s, ETA 17m24s
Errors:                 3 (retrying may help)
Checks:                 0 / 0, -, Listed 34
Transferred:           27 / 28, 96%
Elapsed time:        55.4s
Transferring:
 *                             model.safetensors:  3% /2.875Gi, 1.507Mi/s, 31m33Transferred:   	  201.323 MiB / 2.982 GiB, 7%, 2.730 MiB/s, ETA 17m24s
Errors:                 3 (retrying may help)
Checks:                 0 / 0, -, Listed 34
Transferred:           27 / 28, 96%
Elapsed time:        55.9s
Transferring:
 *                             model.safetensors:  3% /2.875Gi, 1.507Mi/s, 31m33Transferred:   	  201.323 MiB / 2.982 GiB, 7%, 2.559 MiB/s, ETA 18m34s
Errors:                 3 (retrying may help)
Checks:                 0 / 0, -, Listed 34
Transferred:           27 / 28, 96%
Elapsed time:        56.4s
Transferring:
 *                             model.safetensors:  3% /2.875Gi, 1.412Mi/s, 33m39Transferred:   	  201.323 MiB / 2.982 GiB, 7%, 2.559 MiB/s, ETA 18m34s
Errors:                 3 (retrying may help)
Checks:                 0 / 0, -, Listed 34
Transferred:           27 / 28, 96%
Elapsed time:        56.9s
Transferring:
 *                             model.safetensors:  3% /2.875Gi, 1.412Mi/s, 33m39Transferred:   	  201.323 MiB / 2.982 GiB, 7%, 2.399 MiB/s, ETA 19m48s
Errors:                 3 (retrying may help)
Checks:                 0 / 0, -, Listed 34
Transferred:           27 / 28, 96%
Elapsed time:        57.4s
Transferring:
 *                             model.safetensors:  3% /2.875Gi, 1.324Mi/s, 35m54Transferred:   	  201.323 MiB / 2.982 GiB, 7%, 2.399 MiB/s, ETA 19m48s
Errors:                 3 (retrying may help)
Checks:                 0 / 0, -, Listed 34
Transferred:           27 / 28, 96%
Elapsed time:        57.9s
Transferring:
 *                             model.safetensors:  3% /2.875Gi, 1.324Mi/s, 35m54Transferred:   	  201.323 MiB / 2.982 GiB, 7%, 2.249 MiB/s, ETA 21m8s
Errors:                 3 (retrying may help)
Checks:                 0 / 0, -, Listed 34
Transferred:           27 / 28, 96%
Elapsed time:        58.4s
Transferring:
 *                             model.safetensors:  3% /2.875Gi, 1.241Mi/s, 38m17Transferred:   	  201.323 MiB / 2.982 GiB, 7%, 2.249 MiB/s, ETA 21m8s
Errors:                 3 (retrying may help)
Checks:                 0 / 0, -, Listed 34
Transferred:           27 / 28, 96%
Elapsed time:        58.9s
Transferring:
 *                             model.safetensors:  3% /2.875Gi, 1.241Mi/s, 38m17Transferred:   	  201.323 MiB / 2.982 GiB, 7%, 2.109 MiB/s, ETA 22m32s
Errors:                 3 (retrying may help)
Checks:                 0 / 0, -, Listed 34
Transferred:           27 / 28, 96%
Elapsed time:        59.4s
Transferring:
 *                             model.safetensors:  3% /2.875Gi, 1.164Mi/s, 40m51Transferred:   	  201.323 MiB / 2.982 GiB, 7%, 2.109 MiB/s, ETA 22m32s
Errors:                 3 (retrying may help)
Checks:                 0 / 0, -, Listed 34
Transferred:           27 / 28, 96%
Elapsed time:        59.9s
Transferring:
 *                             model.safetensors:  3% /2.875Gi, 1.164Mi/s, 40m51Transferred:   	  201.323 MiB / 2.982 GiB, 7%, 1.977 MiB/s, ETA 24m2s
Errors:                 3 (retrying may help)
Checks:                 0 / 0, -, Listed 34
Transferred:           27 / 28, 96%
Elapsed time:       1m0.4s
Transferring:
 *                             model.safetensors:  3% /2.875Gi, 1.091Mi/s, 43m34Transferred:   	  201.323 MiB / 2.982 GiB, 7%, 1.977 MiB/s, ETA 24m2s
Errors:                 3 (retrying may help)
Checks:                 0 / 0, -, Listed 34
Transferred:           27 / 28, 96%
Elapsed time:       1m0.9s
Transferring:
 *                             model.safetensors:  3% /2.875Gi, 1.091Mi/s, 43m34Transferred:   	  201.323 MiB / 2.982 GiB, 7%, 1.853 MiB/s, ETA 25m39s
Errors:                 3 (retrying may help)
Checks:                 0 / 0, -, Listed 34
Transferred:           27 / 28, 96%
Elapsed time:       1m1.4s
Transferring:
 *                             model.safetensors:  3% /2.875Gi, 1.023Mi/s, 46m28Transferred:   	  201.323 MiB / 2.982 GiB, 7%, 1.853 MiB/s, ETA 25m39s
Errors:                 3 (retrying may help)
Checks:                 0 / 0, -, Listed 34
Transferred:           27 / 28, 96%
Elapsed time:       1m1.9s
Transferring:
 *                             model.safetensors:  3% /2.875Gi, 1.023Mi/s, 46m28Transferred:   	  201.323 MiB / 2.982 GiB, 7%, 1.738 MiB/s, ETA 27m21s
Errors:                 3 (retrying may help)
Checks:                 0 / 0, -, Listed 34
Transferred:           27 / 28, 96%
Elapsed time:       1m2.4s
Transferring:
 *                             model.safetensors:  3% /2.875Gi, 981.938Ki/s, 49mTransferred:   	  201.323 MiB / 2.982 GiB, 7%, 1.738 MiB/s, ETA 27m21s
Errors:                 3 (retrying may help)
Checks:                 0 / 0, -, Listed 34
Transferred:           27 / 28, 96%
Elapsed time:       1m2.9s
Transferring:
 *                             model.safetensors:  3% /2.875Gi, 981.938Ki/s, 49mTransferred:   	  201.323 MiB / 2.982 GiB, 7%, 1.629 MiB/s, ETA 29m11s
Errors:                 3 (retrying may help)
Checks:                 0 / 0, -, Listed 34
Transferred:           27 / 28, 96%
Elapsed time:       1m3.4s
Transferring:
 *                             model.safetensors:  3% /2.875Gi, 920.566Ki/s, 52mTransferred:   	  201.323 MiB / 2.982 GiB, 7%, 1.629 MiB/s, ETA 29m11s
Errors:                 3 (retrying may help)
Checks:                 0 / 0, -, Listed 34
Transferred:           27 / 28, 96%
Elapsed time:       1m3.9s
Transferring:
 *                             model.safetensors:  3% /2.875Gi, 920.566Ki/s, 52mTransferred:   	  201.323 MiB / 2.982 GiB, 7%, 1.527 MiB/s, ETA 31m7s
Errors:                 3 (retrying may help)
Checks:                 0 / 0, -, Listed 34
Transferred:           27 / 28, 96%
Elapsed time:       1m4.4s
Transferring:
 *                             model.safetensors:  3% /2.875Gi, 863.031Ki/s, 56mTransferred:   	  201.323 MiB / 2.982 GiB, 7%, 1.527 MiB/s, ETA 31m7s
Errors:                 3 (retrying may help)
Checks:                 0 / 0, -, Listed 34
Transferred:           27 / 28, 96%
Elapsed time:       1m4.9s
Transferring:
 *                             model.safetensors:  3% /2.875Gi, 863.031Ki/s, 56mTransferred:   	  203.136 MiB / 2.982 GiB, 7%, 1.432 MiB/s, ETA 33m11s
Errors:                 3 (retrying may help)
Checks:                 0 / 0, -, Listed 34
Transferred:           27 / 28, 96%
Elapsed time:       1m5.4s
Transferring:
 *                             model.safetensors:  3% /2.875Gi, 809.092Ki/s, 1h0Transferred:   	  206.011 MiB / 2.982 GiB, 7%, 1.432 MiB/s, ETA 33m9s
Errors:                 3 (retrying may help)
Checks:                 0 / 0, -, Listed 34
Transferred:           27 / 28, 96%
Elapsed time:       1m5.9s
Transferring:
 *                             model.safetensors:  3% /2.875Gi, 809.092Ki/s, 1h0Transferred:   	  206.323 MiB / 2.982 GiB, 7%, 1.635 MiB/s, ETA 29m1s
Errors:                 3 (retrying may help)
Checks:                 0 / 0, -, Listed 34
Transferred:           27 / 28, 96%
Elapsed time:       1m6.4s
Transferring:
 *                             model.safetensors:  3% /2.875Gi, 1.053Mi/s, 45m3sTransferred:   	  206.323 MiB / 2.982 GiB, 7%, 1.635 MiB/s, ETA 29m1s
Errors:                 3 (retrying may help)
Checks:                 0 / 0, -, Listed 34
Transferred:           27 / 28, 96%
Elapsed time:       1m6.9s
Transferring:
 *                             model.safetensors:  3% /2.875Gi, 1.053Mi/s, 45m3sTransferred:   	  206.323 MiB / 2.982 GiB, 7%, 1.553 MiB/s, ETA 30m34s
Errors:                 3 (retrying may help)
Checks:                 0 / 0, -, Listed 34
Transferred:           27 / 28, 96%
Elapsed time:       1m7.4s
Transferring:
 *                             model.safetensors:  3% /2.875Gi, 1011.112Ki/s, 48Transferred:   	  206.323 MiB / 2.982 GiB, 7%, 1.553 MiB/s, ETA 30m34s
Errors:                 3 (retrying may help)
Checks:                 0 / 0, -, Listed 34
Transferred:           27 / 28, 96%
Elapsed time:       1m7.9s
Transferring:
 *                             model.safetensors:  3% /2.875Gi, 1011.112Ki/s, 48Transferred:   	  206.323 MiB / 2.982 GiB, 7%, 1.456 MiB/s, ETA 32m36s
Errors:                 3 (retrying may help)
Checks:                 0 / 0, -, Listed 34
Transferred:           27 / 28, 96%
Elapsed time:       1m8.4s
Transferring:
 *                             model.safetensors:  3% /2.875Gi, 947.918Ki/s, 51mTransferred:   	  206.323 MiB / 2.982 GiB, 7%, 1.456 MiB/s, ETA 32m36s
Errors:                 3 (retrying may help)
Checks:                 0 / 0, -, Listed 34
Transferred:           27 / 28, 96%
Elapsed time:       1m8.9s
Transferring:
 *                             model.safetensors:  3% /2.875Gi, 947.918Ki/s, 51mTransferred:   	  206.323 MiB / 2.982 GiB, 7%, 1.365 MiB/s, ETA 34m46s
Errors:                 3 (retrying may help)
Checks:                 0 / 0, -, Listed 34
Transferred:           27 / 28, 96%
Elapsed time:       1m9.4s
Transferring:
 *                             model.safetensors:  3% /2.875Gi, 888.673Ki/s, 54mTransferred:   	  206.323 MiB / 2.982 GiB, 7%, 1.365 MiB/s, ETA 34m46s
Errors:                 3 (retrying may help)
Checks:                 0 / 0, -, Listed 34
Transferred:           27 / 28, 96%
Elapsed time:       1m9.9s
Transferring:
 *                             model.safetensors:  3% /2.875Gi, 888.673Ki/s, 54mTransferred:   	  206.323 MiB / 2.982 GiB, 7%, 1.279 MiB/s, ETA 37m5s
Errors:                 3 (retrying may help)
Checks:                 0 / 0, -, Listed 34
Transferred:           27 / 28, 96%
Elapsed time:      1m10.4s
Transferring:
 *                             model.safetensors:  3% /2.875Gi, 833.131Ki/s, 58mTransferred:   	  206.323 MiB / 2.982 GiB, 7%, 1.279 MiB/s, ETA 37m5s
Errors:                 3 (retrying may help)
Checks:                 0 / 0, -, Listed 34
Transferred:           27 / 28, 96%
Elapsed time:      1m10.9s
Transferring:
 *                             model.safetensors:  3% /2.875Gi, 833.131Ki/s, 58mTransferred:   	  206.323 MiB / 2.982 GiB, 7%, 1.199 MiB/s, ETA 39m34s
Errors:                 3 (retrying may help)
Checks:                 0 / 0, -, Listed 34
Transferred:           27 / 28, 96%
Elapsed time:      1m11.4s
Transferring:
 *                             model.safetensors:  3% /2.875Gi, 781.061Ki/s, 1h2Transferred:   	  206.323 MiB / 2.982 GiB, 7%, 1.199 MiB/s, ETA 39m34s
Errors:                 3 (retrying may help)
Checks:                 0 / 0, -, Listed 34
Transferred:           27 / 28, 96%
Elapsed time:      1m11.9s
Transferring:
 *                             model.safetensors:  3% /2.875Gi, 781.061Ki/s, 1h2Transferred:   	  211.323 MiB / 2.982 GiB, 7%, 1.124 MiB/s, ETA 42m8s
Errors:                 3 (retrying may help)
Checks:                 0 / 0, -, Listed 34
Transferred:           27 / 28, 96%
Elapsed time:      1m12.4s
Transferring:
 *                             model.safetensors:  3% /2.875Gi, 1.010Mi/s, 46m54Transferred:   	  211.323 MiB / 2.982 GiB, 7%, 1.124 MiB/s, ETA 42m8s
Errors:                 3 (retrying may help)
Checks:                 0 / 0, -, Listed 34
Transferred:           27 / 28, 96%
Elapsed time:      1m12.9s
Transferring:
 *                             model.safetensors:  3% /2.875Gi, 1.010Mi/s, 46m54Transferred:   	  211.323 MiB / 2.982 GiB, 7%, 1.367 MiB/s, ETA 34m40s
Errors:                 3 (retrying may help)
Checks:                 0 / 0, -, Listed 34
Transferred:           27 / 28, 96%
Elapsed time:      1m13.4s
Transferring:
 *                             model.safetensors:  3% /2.875Gi, 987.604Ki/s, 49mTransferred:   	  211.323 MiB / 2.982 GiB, 7%, 1.367 MiB/s, ETA 34m40s
Errors:                 3 (retrying may help)
Checks:                 0 / 0, -, Listed 34
Transferred:           27 / 28, 96%
Elapsed time:      1m13.9s
Transferring:
 *                             model.safetensors:  3% /2.875Gi, 987.604Ki/s, 49mTransferred:   	  211.323 MiB / 2.982 GiB, 7%, 1.281 MiB/s, ETA 36m58s
Errors:                 3 (retrying may help)
Checks:                 0 / 0, -, Listed 34
Transferred:           27 / 28, 96%
Elapsed time:      1m14.4s
Transferring:
 *                             model.safetensors:  3% /2.875Gi, 925.879Ki/s, 52mTransferred:   	  211.323 MiB / 2.982 GiB, 7%, 1.281 MiB/s, ETA 36m58s
Errors:                 3 (retrying may help)
Checks:                 0 / 0, -, Listed 34
Transferred:           27 / 28, 96%
Elapsed time:      1m14.9s
Transferring:
 *                             model.safetensors:  3% /2.875Gi, 925.879Ki/s, 52mTransferred:   	  218.229 MiB / 2.982 GiB, 7%, 1.201 MiB/s, ETA 39m20s
Errors:                 3 (retrying may help)
Checks:                 0 / 0, -, Listed 34
Transferred:           27 / 28, 96%
Elapsed time:      1m15.4s
Transferring:
 *                             model.safetensors:  3% /2.875Gi, 1.279Mi/s, 36m56Transferred:   	  220.354 MiB / 2.982 GiB, 7%, 1.201 MiB/s, ETA 39m19s
Errors:                 3 (retrying may help)
Checks:                 0 / 0, -, Listed 34
Transferred:           27 / 28, 96%
Elapsed time:      1m15.9s
Transferring:
 *                             model.safetensors:  3% /2.875Gi, 1.279Mi/s, 36m54Transferred:   	  221.323 MiB / 2.982 GiB, 7%, 1.690 MiB/s, ETA 27m55s
Errors:                 3 (retrying may help)
Checks:                 0 / 0, -, Listed 34
Transferred:           27 / 28, 96%
Elapsed time:      1m16.4s
Transferring:
 *                             model.safetensors:  3% /2.875Gi, 1.393Mi/s, 33m53Transferred:   	  226.198 MiB / 2.982 GiB, 7%, 1.690 MiB/s, ETA 27m52s
Errors:                 3 (retrying may help)
Checks:                 0 / 0, -, Listed 34
Transferred:           27 / 28, 96%
Elapsed time:      1m16.9s
Transferring:
 *                             model.safetensors:  3% /2.875Gi, 1.393Mi/s, 33m50Transferred:   	  228.292 MiB / 2.982 GiB, 7%, 1.950 MiB/s, ETA 24m9s
Errors:                 3 (retrying may help)
Checks:                 0 / 0, -, Listed 34
Transferred:           27 / 28, 96%
Elapsed time:      1m17.4s
Transferring:
 *                             model.safetensors:  4% /2.875Gi, 1.741Mi/s, 27m2sTransferred:   	  229.198 MiB / 2.982 GiB, 8%, 1.950 MiB/s, ETA 24m8s
Errors:                 3 (retrying may help)
Checks:                 0 / 0, -, Listed 34
Transferred:           27 / 28, 96%
Elapsed time:      1m17.9s
Transferring:
 *                             model.safetensors:  4% /2.875Gi, 1.741Mi/s, 27m2sTransferred:   	  231.011 MiB / 2.982 GiB, 8%, 2.016 MiB/s, ETA 23m20s
Errors:                 3 (retrying may help)
Checks:                 0 / 0, -, Listed 34
Transferred:           27 / 28, 96%
Elapsed time:      1m18.4s
Transferring:
 *                             model.safetensors:  4% /2.875Gi, 1.783Mi/s, 26m23Transferred:   	  231.323 MiB / 2.982 GiB, 8%, 2.016 MiB/s, ETA 23m20s
Errors:                 3 (retrying may help)
Checks:                 0 / 0, -, Listed 34
Transferred:           27 / 28, 96%
Elapsed time:      1m18.9s
Transferring:
 *                             model.safetensors:  4% /2.875Gi, 1.783Mi/s, 26m23Transferred:   	  231.323 MiB / 2.982 GiB, 8%, 2.023 MiB/s, ETA 23m15s
Errors:                 3 (retrying may help)
Checks:                 0 / 0, -, Listed 34
Transferred:           27 / 28, 96%
Elapsed time:      1m19.4s
Transferring:
 *                             model.safetensors:  4% /2.875Gi, 1.710Mi/s, 27m30Transferred:   	  231.323 MiB / 2.982 GiB, 8%, 2.023 MiB/s, ETA 23m15s
Errors:                 3 (retrying may help)
Checks:                 0 / 0, -, Listed 34
Transferred:           27 / 28, 96%
Elapsed time:      1m19.9s
Transferring:
 *                             model.safetensors:  4% /2.875Gi, 1.710Mi/s, 27m30Transferred:   	  231.323 MiB / 2.982 GiB, 8%, 1.896 MiB/s, ETA 24m48s
Errors:                 3 (retrying may help)
Checks:                 0 / 0, -, Listed 34
Transferred:           27 / 28, 96%
Elapsed time:      1m20.4s
Transferring:
 *                             model.safetensors:  4% /2.875Gi, 1.604Mi/s, 29m20Transferred:   	  231.323 MiB / 2.982 GiB, 8%, 1.896 MiB/s, ETA 24m48s
Errors:                 3 (retrying may help)
Checks:                 0 / 0, -, Listed 34
Transferred:           27 / 28, 96%
Elapsed time:      1m20.9s
Transferring:
 *                             model.safetensors:  4% /2.875Gi, 1.604Mi/s, 29m20Transferred:   	  231.323 MiB / 2.982 GiB, 8%, 1.778 MiB/s, ETA 26m27s
Errors:                 3 (retrying may help)
Checks:                 0 / 0, -, Listed 34
Transferred:           27 / 28, 96%
Elapsed time:      1m21.4s
Transferring:
 *                             model.safetensors:  4% /2.875Gi, 1.503Mi/s, 31m17Transferred:   	  231.323 MiB / 2.982 GiB, 8%, 1.778 MiB/s, ETA 26m27s
Errors:                 3 (retrying may help)
Checks:                 0 / 0, -, Listed 34
Transferred:           27 / 28, 96%
Elapsed time:      1m21.9s
Transferring:
 *                             model.safetensors:  4% /2.875Gi, 1.503Mi/s, 31m17Transferred:   	  231.323 MiB / 2.982 GiB, 8%, 1.667 MiB/s, ETA 28m13s
Errors:                 3 (retrying may help)
Checks:                 0 / 0, -, Listed 34
Transferred:           27 / 28, 96%
Elapsed time:      1m22.4s
Transferring:
 *                             model.safetensors:  4% /2.875Gi, 1.409Mi/s, 33m22Transferred:   	  231.323 MiB / 2.982 GiB, 8%, 1.667 MiB/s, ETA 28m13s
Errors:                 3 (retrying may help)
Checks:                 0 / 0, -, Listed 34
Transferred:           27 / 28, 96%
Elapsed time:      1m22.9s
Transferring:
 *                             model.safetensors:  4% /2.875Gi, 1.409Mi/s, 33m22Transferred:   	  231.323 MiB / 2.982 GiB, 8%, 1.562 MiB/s, ETA 30m6s
Errors:                 3 (retrying may help)
Checks:                 0 / 0, -, Listed 34
Transferred:           27 / 28, 96%
Elapsed time:      1m23.4s
Transferring:
 *                             model.safetensors:  4% /2.875Gi, 1.321Mi/s, 35m36Transferred:   	  231.323 MiB / 2.982 GiB, 8%, 1.562 MiB/s, ETA 30m6s
Errors:                 3 (retrying may help)
Checks:                 0 / 0, -, Listed 34
Transferred:           27 / 28, 96%
Elapsed time:      1m23.9s
Transferring:
 *                             model.safetensors:  4% /2.875Gi, 1.321Mi/s, 35m36Transferred:   	  231.323 MiB / 2.982 GiB, 8%, 1.465 MiB/s, ETA 32m7s
Errors:                 3 (retrying may help)
Checks:                 0 / 0, -, Listed 34
Transferred:           27 / 28, 96%
Elapsed time:      1m24.4s
Transferring:
 *                             model.safetensors:  4% /2.875Gi, 1.239Mi/s, 37m58Transferred:   	  231.323 MiB / 2.982 GiB, 8%, 1.465 MiB/s, ETA 32m7s
Errors:                 3 (retrying may help)
Checks:                 0 / 0, -, Listed 34
Transferred:           27 / 28, 96%
Elapsed time:      1m24.9s
Transferring:
 *                             model.safetensors:  4% /2.875Gi, 1.239Mi/s, 37m58Transferred:   	  231.323 MiB / 2.982 GiB, 8%, 1.373 MiB/s, ETA 34m15s
Errors:                 3 (retrying may help)
Checks:                 0 / 0, -, Listed 34
Transferred:           27 / 28, 96%
Elapsed time:      1m25.4s
Transferring:
 *                             model.safetensors:  4% /2.875Gi, 1.161Mi/s, 40m30Transferred:   	  231.323 MiB / 2.982 GiB, 8%, 1.373 MiB/s, ETA 34m15s
Errors:                 3 (retrying may help)
Checks:                 0 / 0, -, Listed 34
Transferred:           27 / 28, 96%
Elapsed time:      1m25.9s
Transferring:
 *                             model.safetensors:  4% /2.875Gi, 1.161Mi/s, 40m30Transferred:   	  231.323 MiB / 2.982 GiB, 8%, 1.287 MiB/s, ETA 36m32s
Errors:                 3 (retrying may help)
Checks:                 0 / 0, -, Listed 34
Transferred:           27 / 28, 96%
Elapsed time:      1m26.4s
Transferring:
 *                             model.safetensors:  4% /2.875Gi, 1.089Mi/s, 43m12Transferred:   	  231.323 MiB / 2.982 GiB, 8%, 1.287 MiB/s, ETA 36m32s
Errors:                 3 (retrying may help)
Checks:                 0 / 0, -, Listed 34
Transferred:           27 / 28, 96%
Elapsed time:      1m26.9s
Transferring:
 *                             model.safetensors:  4% /2.875Gi, 1.089Mi/s, 43m12Transferred:   	  231.323 MiB / 2.982 GiB, 8%, 1.207 MiB/s, ETA 38m58s
Errors:                 3 (retrying may help)
Checks:                 0 / 0, -, Listed 34
Transferred:           27 / 28, 96%
Elapsed time:      1m27.4s
Transferring:
 *                             model.safetensors:  4% /2.875Gi, 1.021Mi/s, 46m5sTransferred:   	  231.323 MiB / 2.982 GiB, 8%, 1.207 MiB/s, ETA 38m58s
Errors:                 3 (retrying may help)
Checks:                 0 / 0, -, Listed 34
Transferred:           27 / 28, 96%
Elapsed time:      1m27.9s
Transferring:
 *                             model.safetensors:  4% /2.875Gi, 1.021Mi/s, 46m5sTransferred:   	  231.323 MiB / 2.982 GiB, 8%, 1.131 MiB/s, ETA 41m34s
Errors:                 3 (retrying may help)
Checks:                 0 / 0, -, Listed 34
Transferred:           27 / 28, 96%
Elapsed time:      1m28.4s
Transferring:
 *                             model.safetensors:  4% /2.875Gi, 979.812Ki/s, 49mTransferred:   	  231.323 MiB / 2.982 GiB, 8%, 1.131 MiB/s, ETA 41m34s
Errors:                 3 (retrying may help)
Checks:                 0 / 0, -, Listed 34
Transferred:           27 / 28, 96%
Elapsed time:      1m28.9s
Transferring:
 *                             model.safetensors:  4% /2.875Gi, 979.812Ki/s, 49mTransferred:   	  231.323 MiB / 2.982 GiB, 8%, 1.061 MiB/s, ETA 44m21s
Errors:                 3 (retrying may help)
Checks:                 0 / 0, -, Listed 34
Transferred:           27 / 28, 96%
Elapsed time:      1m29.4s
Transferring:
 *                             model.safetensors:  4% /2.875Gi, 918.574Ki/s, 52mTransferred:   	  231.323 MiB / 2.982 GiB, 8%, 1.061 MiB/s, ETA 44m21s
Errors:                 3 (retrying may help)
Checks:                 0 / 0, -, Listed 34
Transferred:           27 / 28, 96%
Elapsed time:      1m29.9s
Transferring:
 *                             model.safetensors:  4% /2.875Gi, 918.574Ki/s, 52mTransferred:   	  231.323 MiB / 2.982 GiB, 8%, 1018.300 KiB/s, ETA 47m18s
Errors:                 3 (retrying may help)
Checks:                 0 / 0, -, Listed 34
Transferred:           27 / 28, 96%
Elapsed time:      1m30.4s
Transferring:
 *                             model.safetensors:  4% /2.875Gi, 861.163Ki/s, 55mTransferred:   	  231.323 MiB / 2.982 GiB, 8%, 1018.300 KiB/s, ETA 47m18s
Errors:                 3 (retrying may help)
Checks:                 0 / 0, -, Listed 34
Transferred:           27 / 28, 96%
Elapsed time:      1m30.9s
Transferring:
 *                             model.safetensors:  4% /2.875Gi, 861.163Ki/s, 55mTransferred:   	  233.261 MiB / 2.982 GiB, 8%, 954.656 KiB/s, ETA 50m25s
Errors:                 3 (retrying may help)
Checks:                 0 / 0, -, Listed 34
Transferred:           27 / 28, 96%
Elapsed time:      1m31.4s
Transferring:
 *                             model.safetensors:  4% /2.875Gi, 807.341Ki/s, 59mTransferred:   	  235.948 MiB / 2.982 GiB, 8%, 954.656 KiB/s, ETA 50m22s
Errors:                 3 (retrying may help)
Checks:                 0 / 0, -, Listed 34
Transferred:           27 / 28, 96%
Elapsed time:      1m31.9s
Transferring:
 *                             model.safetensors:  4% /2.875Gi, 807.341Ki/s, 59mTransferred:   	  236.323 MiB / 2.982 GiB, 8%, 1.163 MiB/s, ETA 40m22s
Errors:                 3 (retrying may help)
Checks:                 0 / 0, -, Listed 34
Transferred:           27 / 28, 96%
Elapsed time:      1m32.4s
Transferring:
 *                             model.safetensors:  4% /2.875Gi, 1.052Mi/s, 44m39Transferred:   	  236.323 MiB / 2.982 GiB, 8%, 1.163 MiB/s, ETA 40m22s
Errors:                 3 (retrying may help)
Checks:                 0 / 0, -, Listed 34
Transferred:           27 / 28, 96%
Elapsed time:      1m32.9s
Transferring:
 *                             model.safetensors:  4% /2.875Gi, 1.052Mi/s, 44m39Transferred:   	  236.323 MiB / 2.982 GiB, 8%, 1.114 MiB/s, ETA 42m9s
Errors:                 3 (retrying may help)
Checks:                 0 / 0, -, Listed 34
Transferred:           27 / 28, 96%
Elapsed time:      1m33.4s
Transferring:
 *                             model.safetensors:  4% /2.875Gi, 1009.573Ki/s, 47Transferred:   	  236.323 MiB / 2.982 GiB, 8%, 1.114 MiB/s, ETA 42m9s
Errors:                 3 (retrying may help)
Checks:                 0 / 0, -, Listed 34
Transferred:           27 / 28, 96%
Elapsed time:      1m33.9s
Transferring:
 *                             model.safetensors:  4% /2.875Gi, 1009.573Ki/s, 47Transferred:   	  236.323 MiB / 2.982 GiB, 8%, 1.044 MiB/s, ETA 44m58s
Errors:                 3 (retrying may help)
Checks:                 0 / 0, -, Listed 34
Transferred:           27 / 28, 96%
Elapsed time:      1m34.4s
Transferring:
 *                             model.safetensors:  4% /2.875Gi, 946.475Ki/s, 50mTransferred:   	  236.323 MiB / 2.982 GiB, 8%, 1.044 MiB/s, ETA 44m58s
Errors:                 3 (retrying may help)
Checks:                 0 / 0, -, Listed 34
Transferred:           27 / 28, 96%
Elapsed time:      1m34.9s
Transferring:
 *                             model.safetensors:  4% /2.875Gi, 946.475Ki/s, 50mTransferred:   	  236.323 MiB / 2.982 GiB, 8%, 1002.440 KiB/s, ETA 47m58s
Errors:                 3 (retrying may help)
Checks:                 0 / 0, -, Listed 34
Transferred:           27 / 28, 96%
Elapsed time:      1m35.4s
Transferring:
 *                             model.safetensors:  4% /2.875Gi, 887.320Ki/s, 54mTransferred:   	  236.323 MiB / 2.982 GiB, 8%, 1002.440 KiB/s, ETA 47m58s
Errors:                 3 (retrying may help)
Checks:                 0 / 0, -, Listed 34
Transferred:           27 / 28, 96%
Elapsed time:      1m35.9s
Transferring:
 *                             model.safetensors:  4% /2.875Gi, 887.320Ki/s, 54mTransferred:   	  236.323 MiB / 2.982 GiB, 8%, 939.788 KiB/s, ETA 51m10s
Errors:                 3 (retrying may help)
Checks:                 0 / 0, -, Listed 34
Transferred:           27 / 28, 96%
Elapsed time:      1m36.4s
Transferring:
 *                             model.safetensors:  4% /2.875Gi, 831.862Ki/s, 57mTransferred:   	  236.323 MiB / 2.982 GiB, 8%, 939.788 KiB/s, ETA 51m10s
Errors:                 3 (retrying may help)
Checks:                 0 / 0, -, Listed 34
Transferred:           27 / 28, 96%
Elapsed time:      1m36.9s
Transferring:
 *                             model.safetensors:  4% /2.875Gi, 831.862Ki/s, 57mTransferred:   	  236.323 MiB / 2.982 GiB, 8%, 881.051 KiB/s, ETA 54m34s
Errors:                 3 (retrying may help)
Checks:                 0 / 0, -, Listed 34
Transferred:           27 / 28, 96%
Elapsed time:      1m37.4s
Transferring:
 *                             model.safetensors:  4% /2.875Gi, 779.871Ki/s, 1h1Transferred:   	  238.261 MiB / 2.982 GiB, 8%, 881.051 KiB/s, ETA 54m32s
Errors:                 3 (retrying may help)
Checks:                 0 / 0, -, Listed 34
Transferred:           27 / 28, 96%
Elapsed time:      1m37.9s
Transferring:
 *                             model.safetensors:  4% /2.875Gi, 779.871Ki/s, 1h1Transferred:   	  245.667 MiB / 2.982 GiB, 8%, 949.986 KiB/s, ETA 50m27s
Errors:                 3 (retrying may help)
Checks:                 0 / 0, -, Listed 34
Transferred:           27 / 28, 96%
Elapsed time:      1m38.4s
Transferring:
 *                             model.safetensors:  4% /2.875Gi, 1.298Mi/s, 36m3sTransferred:   	  246.323 MiB / 2.982 GiB, 8%, 949.986 KiB/s, ETA 50m26s
Errors:                 3 (retrying may help)
Checks:                 0 / 0, -, Listed 34
Transferred:           27 / 28, 96%
Elapsed time:      1m38.9s
Transferring:
 *                             model.safetensors:  4% /2.875Gi, 1.298Mi/s, 36m3sTransferred:   	  246.323 MiB / 2.982 GiB, 8%, 1.374 MiB/s, ETA 34m3s
Errors:                 3 (retrying may help)
Checks:                 0 / 0, -, Listed 34
Transferred:           27 / 28, 96%
Elapsed time:      1m39.4s
Transferring:
 *                             model.safetensors:  4% /2.875Gi, 1.258Mi/s, 37m12Transferred:   	  246.323 MiB / 2.982 GiB, 8%, 1.374 MiB/s, ETA 34m3s
Errors:                 3 (retrying may help)
Checks:                 0 / 0, -, Listed 34
Transferred:           27 / 28, 96%
Elapsed time:      1m39.9s
Transferring:
 *                             model.safetensors:  4% /2.875Gi, 1.258Mi/s, 37m12Transferred:   	  249.136 MiB / 2.982 GiB, 8%, 1.288 MiB/s, ETA 36m18s
Errors:                 3 (retrying may help)
Checks:                 0 / 0, -, Listed 34
Transferred:           27 / 28, 96%
Elapsed time:      1m40.4s
Transferring:
 *                             model.safetensors:  4% /2.875Gi, 1.355Mi/s, 34m29Transferred:   	  251.323 MiB / 2.982 GiB, 8%, 1.288 MiB/s, ETA 36m16s
Errors:                 3 (retrying may help)
Checks:                 0 / 0, -, Listed 34
Transferred:           27 / 28, 96%
Elapsed time:      1m40.9s
Transferring:
 *                             model.safetensors:  4% /2.875Gi, 1.355Mi/s, 34m28Transferred:   	  251.323 MiB / 2.982 GiB, 8%, 1.520 MiB/s, ETA 30m44s
Errors:                 3 (retrying may help)
Checks:                 0 / 0, -, Listed 34
Transferred:           27 / 28, 96%
Elapsed time:      1m41.4s
Transferring:
 *                             model.safetensors:  4% /2.875Gi, 1.407Mi/s, 33m11Transferred:   	  251.323 MiB / 2.982 GiB, 8%, 1.520 MiB/s, ETA 30m44s
Errors:                 3 (retrying may help)
Checks:                 0 / 0, -, Listed 34
Transferred:           27 / 28, 96%
Elapsed time:      1m41.9s
Transferring:
 *                             model.safetensors:  4% /2.875Gi, 1.407Mi/s, 33m11Transferred:   	  251.323 MiB / 2.982 GiB, 8%, 1.425 MiB/s, ETA 32m47s
Errors:                 3 (retrying may help)
Checks:                 0 / 0, -, Listed 34
Transferred:           27 / 28, 96%
Elapsed time:      1m42.4s
Transferring:
 *                             model.safetensors:  4% /2.875Gi, 1.319Mi/s, 35m24Transferred:   	  251.323 MiB / 2.982 GiB, 8%, 1.425 MiB/s, ETA 32m47s
Errors:                 3 (retrying may help)
Checks:                 0 / 0, -, Listed 34
Transferred:           27 / 28, 96%
Elapsed time:      1m42.9s
Transferring:
 *                             model.safetensors:  4% /2.875Gi, 1.319Mi/s, 35m24Transferred:   	  251.323 MiB / 2.982 GiB, 8%, 1.336 MiB/s, ETA 34m58s
Errors:                 3 (retrying may help)
Checks:                 0 / 0, -, Listed 34
Transferred:           27 / 28, 96%
Elapsed time:      1m43.4s
Transferring:
 *                             model.safetensors:  4% /2.875Gi, 1.237Mi/s, 37m46Transferred:   	  251.323 MiB / 2.982 GiB, 8%, 1.336 MiB/s, ETA 34m58s
Errors:                 3 (retrying may help)
Checks:                 0 / 0, -, Listed 34
Transferred:           27 / 28, 96%
Elapsed time:      1m43.9s
Transferring:
 *                             model.safetensors:  4% /2.875Gi, 1.237Mi/s, 37m46Transferred:   	  251.323 MiB / 2.982 GiB, 8%, 1.252 MiB/s, ETA 37m18s
Errors:                 3 (retrying may help)
Checks:                 0 / 0, -, Listed 34
Transferred:           27 / 28, 96%
Elapsed time:      1m44.4s
Transferring:
 *                             model.safetensors:  4% /2.875Gi, 1.159Mi/s, 40m17Transferred:   	  251.323 MiB / 2.982 GiB, 8%, 1.252 MiB/s, ETA 37m18s
Errors:                 3 (retrying may help)
Checks:                 0 / 0, -, Listed 34
Transferred:           27 / 28, 96%
Elapsed time:      1m44.9s
Transferring:
 *                             model.safetensors:  4% /2.875Gi, 1.159Mi/s, 40m17Transferred:   	  251.323 MiB / 2.982 GiB, 8%, 1.174 MiB/s, ETA 39m47s
Errors:                 3 (retrying may help)
Checks:                 0 / 0, -, Listed 34
Transferred:           27 / 28, 96%
Elapsed time:      1m45.4s
Transferring:
 *                             model.safetensors:  4% /2.875Gi, 1.087Mi/s, 42m58Transferred:   	  251.323 MiB / 2.982 GiB, 8%, 1.174 MiB/s, ETA 39m47s
Errors:                 3 (retrying may help)
Checks:                 0 / 0, -, Listed 34
Transferred:           27 / 28, 96%
Elapsed time:      1m45.9s
Transferring:
 *                             model.safetensors:  4% /2.875Gi, 1.087Mi/s, 42m58Transferred:   	  251.323 MiB / 2.982 GiB, 8%, 1.101 MiB/s, ETA 42m26s
Errors:                 3 (retrying may help)
Checks:                 0 / 0, -, Listed 34
Transferred:           27 / 28, 96%
Elapsed time:      1m46.4s
Transferring:
 *                             model.safetensors:  4% /2.875Gi, 1.019Mi/s, 45m50Transferred:   	  251.323 MiB / 2.982 GiB, 8%, 1.101 MiB/s, ETA 42m26s
Errors:                 3 (retrying may help)
Checks:                 0 / 0, -, Listed 34
Transferred:           27 / 28, 96%
Elapsed time:      1m46.9s
Transferring:
 *                             model.safetensors:  4% /2.875Gi, 1.019Mi/s, 45m50Transferred:   	  251.323 MiB / 2.982 GiB, 8%, 1.032 MiB/s, ETA 45m16s
Errors:                 3 (retrying may help)
Checks:                 0 / 0, -, Listed 34
Transferred:           27 / 28, 96%
Elapsed time:      1m47.4s
Transferring:
 *                             model.safetensors:  4% /2.875Gi, 978.230Ki/s, 48mTransferred:   	  251.323 MiB / 2.982 GiB, 8%, 1.032 MiB/s, ETA 45m16s
Errors:                 3 (retrying may help)
Checks:                 0 / 0, -, Listed 34
Transferred:           27 / 28, 96%
Elapsed time:      1m47.9s
Transferring:
 *                             model.safetensors:  4% /2.875Gi, 978.230Ki/s, 48mTransferred:   	  251.323 MiB / 2.982 GiB, 8%, 990.571 KiB/s, ETA 48m17s
Errors:                 3 (retrying may help)
Checks:                 0 / 0, -, Listed 34
Transferred:           27 / 28, 96%
Elapsed time:      1m48.4s
Transferring:
 *                             model.safetensors:  4% /2.875Gi, 917.091Ki/s, 52mTransferred:   	  251.323 MiB / 2.982 GiB, 8%, 990.571 KiB/s, ETA 48m17s
Errors:                 3 (retrying may help)
Checks:                 0 / 0, -, Listed 34
Transferred:           27 / 28, 96%
Elapsed time:      1m48.9s
Transferring:
 *                             model.safetensors:  4% /2.875Gi, 917.091Ki/s, 52mTransferred:   	  251.323 MiB / 2.982 GiB, 8%, 928.660 KiB/s, ETA 51m30s
Errors:                 3 (retrying may help)
Checks:                 0 / 0, -, Listed 34
Transferred:           27 / 28, 96%
Elapsed time:      1m49.4s
Transferring:
 *                             model.safetensors:  4% /2.875Gi, 859.772Ki/s, 55mTransferred:   	  251.323 MiB / 2.982 GiB, 8%, 928.660 KiB/s, ETA 51m30s
Errors:                 3 (retrying may help)
Checks:                 0 / 0, -, Listed 34
Transferred:           27 / 28, 96%
Elapsed time:      1m49.9s
Transferring:
 *                             model.safetensors:  4% /2.875Gi, 859.772Ki/s, 55mTransferred:   	  251.323 MiB / 2.982 GiB, 8%, 870.619 KiB/s, ETA 54m56s
Errors:                 3 (retrying may help)
Checks:                 0 / 0, -, Listed 34
Transferred:           27 / 28, 96%
Elapsed time:      1m50.4s
Transferring:
 *                             model.safetensors:  4% /2.875Gi, 806.037Ki/s, 59mTransferred:   	  251.323 MiB / 2.982 GiB, 8%, 870.619 KiB/s, ETA 54m56s
Errors:                 3 (retrying may help)
Checks:                 0 / 0, -, Listed 34
Transferred:           27 / 28, 96%
Elapsed time:      1m50.9s
Transferring:
 *                             model.safetensors:  4% /2.875Gi, 806.037Ki/s, 59mTransferred:   	  251.323 MiB / 2.982 GiB, 8%, 816.205 KiB/s, ETA 58m36s
Errors:                 3 (retrying may help)
Checks:                 0 / 0, -, Listed 34
Transferred:           27 / 28, 96%
Elapsed time:      1m51.4s
Transferring:
 *                             model.safetensors:  4% /2.875Gi, 755.660Ki/s, 1h3Transferred:   	  251.323 MiB / 2.982 GiB, 8%, 816.205 KiB/s, ETA 58m36s
Errors:                 3 (retrying may help)
Checks:                 0 / 0, -, Listed 34
Transferred:           27 / 28, 96%
Elapsed time:      1m51.9s
Transferring:
 *                             model.safetensors:  4% /2.875Gi, 755.660Ki/s, 1h3Transferred:   	  251.323 MiB / 2.982 GiB, 8%, 765.192 KiB/s, ETA 1h2m30s
Errors:                 3 (retrying may help)
Checks:                 0 / 0, -, Listed 34
Transferred:           27 / 28, 96%
Elapsed time:      1m52.4s
Transferring:
 *                             model.safetensors:  4% /2.875Gi, 708.431Ki/s, 1h7Transferred:   	  251.323 MiB / 2.982 GiB, 8%, 765.192 KiB/s, ETA 1h2m30s
Errors:                 3 (retrying may help)
Checks:                 0 / 0, -, Listed 34
Transferred:           27 / 28, 96%
Elapsed time:      1m52.9s
Transferring:
 *                             model.safetensors:  4% /2.875Gi, 708.431Ki/s, 1h7Transferred:   	  251.323 MiB / 2.982 GiB, 8%, 717.368 KiB/s, ETA 1h6m40s
Errors:                 3 (retrying may help)
Checks:                 0 / 0, -, Listed 34
Transferred:           27 / 28, 96%
Elapsed time:      1m53.4s
Transferring:
 *                             model.safetensors:  4% /2.875Gi, 664.154Ki/s, 1h1Transferred:   	  251.323 MiB / 2.982 GiB, 8%, 717.368 KiB/s, ETA 1h6m40s
Errors:                 3 (retrying may help)
Checks:                 0 / 0, -, Listed 34
Transferred:           27 / 28, 96%
Elapsed time:      1m53.9s
Transferring:
 *                             model.safetensors:  4% /2.875Gi, 664.154Ki/s, 1h1Transferred:   	  255.354 MiB / 2.982 GiB, 8%, 672.532 KiB/s, ETA 1h11m1s
Errors:                 3 (retrying may help)
Checks:                 0 / 0, -, Listed 34
Transferred:           27 / 28, 96%
Elapsed time:      1m54.4s
Transferring:
 *                             model.safetensors:  4% /2.875Gi, 806.646Ki/s, 59mTransferred:   	  256.323 MiB / 2.982 GiB, 8%, 672.532 KiB/s, ETA 1h10m59s
Errors:                 3 (retrying may help)
Checks:                 0 / 0, -, Listed 34
Transferred:           27 / 28, 96%
Elapsed time:      1m54.9s
Transferring:
 *                             model.safetensors:  4% /2.875Gi, 806.646Ki/s, 59mTransferred:   	  256.323 MiB / 2.982 GiB, 8%, 950.500 KiB/s, ETA 50m13s
Errors:                 3 (retrying may help)
Checks:                 0 / 0, -, Listed 34
Transferred:           27 / 28, 96%
Elapsed time:      1m55.4s
Transferring:
 *                             model.safetensors:  4% /2.875Gi, 892.232Ki/s, 53mTransferred:   	  256.323 MiB / 2.982 GiB, 8%, 950.500 KiB/s, ETA 50m13s
Errors:                 3 (retrying may help)
Checks:                 0 / 0, -, Listed 34
Transferred:           27 / 28, 96%
Elapsed time:      1m55.9s
Transferring:
 *                             model.safetensors:  4% /2.875Gi, 892.232Ki/s, 53mTransferred:   	  256.323 MiB / 2.982 GiB, 8%, 891.094 KiB/s, ETA 53m34s
Errors:                 3 (retrying may help)
Checks:                 0 / 0, -, Listed 34
Transferred:           27 / 28, 96%
Elapsed time:      1m56.4s
Transferring:
 *                             model.safetensors:  4% /2.875Gi, 836.468Ki/s, 57mTransferred:   	  256.323 MiB / 2.982 GiB, 8%, 891.094 KiB/s, ETA 53m34s
Errors:                 3 (retrying may help)
Checks:                 0 / 0, -, Listed 34
Transferred:           27 / 28, 96%
Elapsed time:      1m56.9s
Transferring:
 *                             model.safetensors:  4% /2.875Gi, 836.468Ki/s, 57mTransferred:   	  256.323 MiB / 2.982 GiB, 8%, 835.400 KiB/s, ETA 57m9s
Errors:                 3 (retrying may help)
Checks:                 0 / 0, -, Listed 34
Transferred:           27 / 28, 96%
Elapsed time:      1m57.4s
Transferring:
 *                             model.safetensors:  4% /2.875Gi, 784.188Ki/s, 1h0Transferred:   	  256.323 MiB / 2.982 GiB, 8%, 835.400 KiB/s, ETA 57m9s
Errors:                 3 (retrying may help)
Checks:                 0 / 0, -, Listed 34
Transferred:           27 / 28, 96%
Elapsed time:      1m57.9s
Transferring:
 *                             model.safetensors:  4% /2.875Gi, 784.188Ki/s, 1h0Transferred:   	  256.323 MiB / 2.982 GiB, 8%, 783.188 KiB/s, ETA 1h57s
Errors:                 3 (retrying may help)
Checks:                 0 / 0, -, Listed 34
Transferred:           27 / 28, 96%
Elapsed time:      1m58.4s
Transferring:
 *                             model.safetensors:  4% /2.875Gi, 735.177Ki/s, 1h4Transferred:   	  256.323 MiB / 2.982 GiB, 8%, 783.188 KiB/s, ETA 1h57s
Errors:                 3 (retrying may help)
Checks:                 0 / 0, -, Listed 34
Transferred:           27 / 28, 96%
Elapsed time:      1m58.9s
Transferring:
 *                             model.safetensors:  4% /2.875Gi, 735.177Ki/s, 1h4Transferred:   	  256.323 MiB / 2.982 GiB, 8%, 734.238 KiB/s, ETA 1h5m1s
Errors:                 3 (retrying may help)
Checks:                 0 / 0, -, Listed 34
Transferred:           27 / 28, 96%
Elapsed time:      1m59.4s
Transferring:
 *                             model.safetensors:  4% /2.875Gi, 689.229Ki/s, 1h9Transferred:   	  256.323 MiB / 2.982 GiB, 8%, 734.238 KiB/s, ETA 1h5m1s
Errors:                 3 (retrying may help)
Checks:                 0 / 0, -, Listed 34
Transferred:           27 / 28, 96%
Elapsed time:      1m59.9s
Transferring:
 *                             model.safetensors:  4% /2.875Gi, 689.229Ki/s, 1h9Transferred:   	  262.979 MiB / 2.982 GiB, 9%, 688.349 KiB/s, ETA 1h9m11s
Errors:                 3 (retrying may help)
Checks:                 0 / 0, -, Listed 34
Transferred:           27 / 28, 96%
Elapsed time:       2m0.4s
Transferring:
 *                             model.safetensors:  5% /2.875Gi, 646.151Ki/s, 1h1Transferred:   	  266.323 MiB / 2.982 GiB, 9%, 688.349 KiB/s, ETA 1h9m6s
Errors:                 3 (retrying may help)
Checks:                 0 / 0, -, Listed 34
Transferred:           27 / 28, 96%
Elapsed time:       2m0.9s
Transferring:
 *                             model.safetensors:  5% /2.875Gi, 646.151Ki/s, 1h1Transferred:   	  266.323 MiB / 2.982 GiB, 9%, 1.255 MiB/s, ETA 37m
Errors:                 3 (retrying may help)
Checks:                 0 / 0, -, Listed 34
Transferred:           27 / 28, 96%
Elapsed time:       2m1.4s
Transferring:
 *                             model.safetensors:  5% /2.875Gi, 1.217Mi/s, 38m11Transferred:   	  271.323 MiB / 2.982 GiB, 9%, 1.255 MiB/s, ETA 36m56s
Errors:                 3 (retrying may help)
Checks:                 0 / 0, -, Listed 34
Transferred:           27 / 28, 96%
Elapsed time:       2m1.9s
Transferring:
 *                             model.safetensors:  5% /2.875Gi, 1.217Mi/s, 38m7sTransferred:   	  271.323 MiB / 2.982 GiB, 9%, 1.489 MiB/s, ETA 31m8s
Errors:                 3 (retrying may help)
Checks:                 0 / 0, -, Listed 34
Transferred:           27 / 28, 96%
Elapsed time:       2m2.4s
Transferring:
 *                             model.safetensors:  5% /2.875Gi, 1.453Mi/s, 31m55Transferred:   	  271.323 MiB / 2.982 GiB, 9%, 1.489 MiB/s, ETA 31m8s
Errors:                 3 (retrying may help)
Checks:                 0 / 0, -, Listed 34
Transferred:           27 / 28, 96%
Elapsed time:       2m2.9s
Transferring:
 *                             model.safetensors:  5% /2.875Gi, 1.453Mi/s, 31m55Transferred:   	  271.323 MiB / 2.982 GiB, 9%, 1.396 MiB/s, ETA 33m13s
Errors:                 3 (retrying may help)
Checks:                 0 / 0, -, Listed 34
Transferred:           27 / 28, 96%
Elapsed time:       2m3.4s
Transferring:
 *                             model.safetensors:  5% /2.875Gi, 1.362Mi/s, 34m2sTransferred:   	  271.323 MiB / 2.982 GiB, 9%, 1.396 MiB/s, ETA 33m13s
Errors:                 3 (retrying may help)
Checks:                 0 / 0, -, Listed 34
Transferred:           27 / 28, 96%
Elapsed time:       2m3.9s
Transferring:
 *                             model.safetensors:  5% /2.875Gi, 1.362Mi/s, 34m2sTransferred:   	  271.323 MiB / 2.982 GiB, 9%, 1.309 MiB/s, ETA 35m25s
Errors:                 3 (retrying may help)
Checks:                 0 / 0, -, Listed 34
Transferred:           27 / 28, 96%
Elapsed time:       2m4.4s
Transferring:
 *                             model.safetensors:  5% /2.875Gi, 1.277Mi/s, 36m18Transferred:   	  271.323 MiB / 2.982 GiB, 9%, 1.309 MiB/s, ETA 35m25s
Errors:                 3 (retrying may help)
Checks:                 0 / 0, -, Listed 34
Transferred:           27 / 28, 96%
Elapsed time:       2m4.9s
Transferring:
 *                             model.safetensors:  5% /2.875Gi, 1.277Mi/s, 36m18Transferred:   	  271.323 MiB / 2.982 GiB, 9%, 1.227 MiB/s, ETA 37m47s
Errors:                 3 (retrying may help)
Checks:                 0 / 0, -, Listed 34
Transferred:           27 / 28, 96%
Elapsed time:       2m5.4s
Transferring:
 *                             model.safetensors:  5% /2.875Gi, 1.197Mi/s, 38m44Transferred:   	  271.323 MiB / 2.982 GiB, 9%, 1.227 MiB/s, ETA 37m47s
Errors:                 3 (retrying may help)
Checks:                 0 / 0, -, Listed 34
Transferred:           27 / 28, 96%
Elapsed time:       2m5.9s
Transferring:
 *                             model.safetensors:  5% /2.875Gi, 1.197Mi/s, 38m44Transferred:   	  271.323 MiB / 2.982 GiB, 9%, 1.150 MiB/s, ETA 40m18s
Errors:                 3 (retrying may help)
Checks:                 0 / 0, -, Listed 34
Transferred:           27 / 28, 96%
Elapsed time:       2m6.4s
Transferring:
 *                             model.safetensors:  5% /2.875Gi, 1.122Mi/s, 41m19Transferred:   	  271.323 MiB / 2.982 GiB, 9%, 1.150 MiB/s, ETA 40m18s
Errors:                 3 (retrying may help)
Checks:                 0 / 0, -, Listed 34
Transferred:           27 / 28, 96%
Elapsed time:       2m6.9s
Transferring:
 *                             model.safetensors:  5% /2.875Gi, 1.122Mi/s, 41m19Transferred:   	  271.323 MiB / 2.982 GiB, 9%, 1.079 MiB/s, ETA 43m
Errors:                 3 (retrying may help)
Checks:                 0 / 0, -, Listed 34
Transferred:           27 / 28, 96%
Elapsed time:       2m7.4s
Transferring:
 *                             model.safetensors:  5% /2.875Gi, 1.052Mi/s, 44m4sTransferred:   	  271.323 MiB / 2.982 GiB, 9%, 1.079 MiB/s, ETA 43m
Errors:                 3 (retrying may help)
Checks:                 0 / 0, -, Listed 34
Transferred:           27 / 28, 96%
Elapsed time:       2m7.9s
Transferring:
 *                             model.safetensors:  5% /2.875Gi, 1.052Mi/s, 44m4sTransferred:   	  271.323 MiB / 2.982 GiB, 9%, 1.011 MiB/s, ETA 45m52s
Errors:                 3 (retrying may help)
Checks:                 0 / 0, -, Listed 34
Transferred:           27 / 28, 96%
Elapsed time:       2m8.4s
Transferring:
 *                             model.safetensors:  5% /2.875Gi, 1010.188Ki/s, 47Transferred:   	  271.323 MiB / 2.982 GiB, 9%, 1.011 MiB/s, ETA 45m52s
Errors:                 3 (retrying may help)
Checks:                 0 / 0, -, Listed 34
Transferred:           27 / 28, 96%
Elapsed time:       2m8.9s
Transferring:
 *                             model.safetensors:  5% /2.875Gi, 1010.188Ki/s, 47Transferred:   	  271.323 MiB / 2.982 GiB, 9%, 970.656 KiB/s, ETA 48m55s
Errors:                 3 (retrying may help)
Checks:                 0 / 0, -, Listed 34
Transferred:           27 / 28, 96%
Elapsed time:       2m9.4s
Transferring:
 *                             model.safetensors:  5% /2.875Gi, 947.051Ki/s, 50mTransferred:   	  271.323 MiB / 2.982 GiB, 9%, 970.656 KiB/s, ETA 48m55s
Errors:                 3 (retrying may help)
Checks:                 0 / 0, -, Listed 34
Transferred:           27 / 28, 96%
Elapsed time:       2m9.9s
Transferring:
 *                             model.safetensors:  5% /2.875Gi, 947.051Ki/s, 50mTransferred:   	  271.323 MiB / 2.982 GiB, 9%, 909.990 KiB/s, ETA 52m11s
Errors:                 3 (retrying may help)
Checks:                 0 / 0, -, Listed 34
Transferred:           27 / 28, 96%
Elapsed time:      2m10.4s
Transferring:
 *                             model.safetensors:  5% /2.875Gi, 887.860Ki/s, 53mTransferred:   	  271.323 MiB / 2.982 GiB, 9%, 909.990 KiB/s, ETA 52m11s
Errors:                 3 (retrying may help)
Checks:                 0 / 0, -, Listed 34
Transferred:           27 / 28, 96%
Elapsed time:      2m10.9s
Transferring:
 *                             model.safetensors:  5% /2.875Gi, 887.860Ki/s, 53mTransferred:   	  271.323 MiB / 2.982 GiB, 9%, 853.115 KiB/s, ETA 55m40s
Errors:                 3 (retrying may help)
Checks:                 0 / 0, -, Listed 34
Transferred:           27 / 28, 96%
Elapsed time:      2m11.4s
Transferring:
 *                             model.safetensors:  5% /2.875Gi, 832.369Ki/s, 57mTransferred:   	  271.323 MiB / 2.982 GiB, 9%, 853.115 KiB/s, ETA 55m40s
Errors:                 3 (retrying may help)
Checks:                 0 / 0, -, Listed 34
Transferred:           27 / 28, 96%
Elapsed time:      2m11.9s
Transferring:
 *                             model.safetensors:  5% /2.875Gi, 832.369Ki/s, 57mTransferred:   	  271.323 MiB / 2.982 GiB, 9%, 799.796 KiB/s, ETA 59m22s
Errors:                 3 (retrying may help)
Checks:                 0 / 0, -, Listed 34
Transferred:           27 / 28, 96%
Elapsed time:      2m12.4s
Transferring:
 *                             model.safetensors:  5% /2.875Gi, 780.346Ki/s, 1h0Transferred:   	  271.323 MiB / 2.982 GiB, 9%, 799.796 KiB/s, ETA 59m22s
Errors:                 3 (retrying may help)
Checks:                 0 / 0, -, Listed 34
Transferred:           27 / 28, 96%
Elapsed time:      2m12.9s
Transferring:
 *                             model.safetensors:  5% /2.875Gi, 780.346Ki/s, 1h0Transferred:   	  271.323 MiB / 2.982 GiB, 9%, 749.809 KiB/s, ETA 1h3m20s
Errors:                 3 (retrying may help)
Checks:                 0 / 0, -, Listed 34
Transferred:           27 / 28, 96%
Elapsed time:      2m13.4s
Transferring:
 *                             model.safetensors:  5% /2.875Gi, 731.574Ki/s, 1h4Transferred:   	  271.323 MiB / 2.982 GiB, 9%, 749.809 KiB/s, ETA 1h3m20s
Errors:                 3 (retrying may help)
Checks:                 0 / 0, -, Listed 34
Transferred:           27 / 28, 96%
Elapsed time:      2m13.9s
Transferring:
 *                             model.safetensors:  5% /2.875Gi, 731.574Ki/s, 1h4Transferred:   	  271.323 MiB / 2.982 GiB, 9%, 702.945 KiB/s, ETA 1h7m33s
Errors:                 3 (retrying may help)
Checks:                 0 / 0, -, Listed 34
Transferred:           27 / 28, 96%
Elapsed time:      2m14.4s
Transferring:
 *                             model.safetensors:  5% /2.875Gi, 685.851Ki/s, 1h9Transferred:   	  271.323 MiB / 2.982 GiB, 9%, 702.945 KiB/s, ETA 1h7m33s
Errors:                 3 (retrying may help)
Checks:                 0 / 0, -, Listed 34
Transferred:           27 / 28, 96%
Elapsed time:      2m14.9s
Transferring:
 *                             model.safetensors:  5% /2.875Gi, 685.851Ki/s, 1h9Transferred:   	  271.323 MiB / 2.982 GiB, 9%, 659.012 KiB/s, ETA 1h12m3s
Errors:                 3 (retrying may help)
Checks:                 0 / 0, -, Listed 34
Transferred:           27 / 28, 96%
Elapsed time:      2m15.4s
Transferring:
 *                             model.safetensors:  5% /2.875Gi, 642.985Ki/s, 1h1Transferred:   	  271.323 MiB / 2.982 GiB, 9%, 659.012 KiB/s, ETA 1h12m3s
Errors:                 3 (retrying may help)
Checks:                 0 / 0, -, Listed 34
Transferred:           27 / 28, 96%
Elapsed time:      2m15.9s
Transferring:
 *                             model.safetensors:  5% /2.875Gi, 642.985Ki/s, 1h1Transferred:   	  276.323 MiB / 2.982 GiB, 9%, 617.823 KiB/s, ETA 1h16m43s
Errors:                 3 (retrying may help)
Checks:                 0 / 0, -, Listed 34
Transferred:           27 / 28, 96%
Elapsed time:      2m16.4s
Transferring:
 *                             model.safetensors:  5% /2.875Gi, 922.796Ki/s, 51mTransferred:   	  276.323 MiB / 2.982 GiB, 9%, 617.823 KiB/s, ETA 1h16m43s
Errors:                 3 (retrying may help)
Checks:                 0 / 0, -, Listed 34
Transferred:           27 / 28, 96%
Elapsed time:      2m16.9s
Transferring:
 *                             model.safetensors:  5% /2.875Gi, 922.796Ki/s, 51mTransferred:   	  276.323 MiB / 2.982 GiB, 9%, 899.209 KiB/s, ETA 52m43s
Errors:                 3 (retrying may help)
Checks:                 0 / 0, -, Listed 34
Transferred:           27 / 28, 96%
Elapsed time:      2m17.4s
Transferring:
 *                             model.safetensors:  5% /2.875Gi, 865.121Ki/s, 54mTransferred:   	  276.323 MiB / 2.982 GiB, 9%, 899.209 KiB/s, ETA 52m43s
Errors:                 3 (retrying may help)
Checks:                 0 / 0, -, Listed 34
Transferred:           27 / 28, 96%
Elapsed time:      2m17.9s
Transferring:
 *                             model.safetensors:  5% /2.875Gi, 865.121Ki/s, 54mTransferred:   	  276.323 MiB / 2.982 GiB, 9%, 843.008 KiB/s, ETA 56m13s
Errors:                 3 (retrying may help)
Checks:                 0 / 0, -, Listed 34
Transferred:           27 / 28, 96%
Elapsed time:      2m18.4s
Transferring:
 *                             model.safetensors:  5% /2.875Gi, 811.052Ki/s, 58mTransferred:   	  276.323 MiB / 2.982 GiB, 9%, 843.008 KiB/s, ETA 56m13s
Errors:                 3 (retrying may help)
Checks:                 0 / 0, -, Listed 34
Transferred:           27 / 28, 96%
Elapsed time:      2m18.9s
Transferring:
 *                             model.safetensors:  5% /2.875Gi, 811.052Ki/s, 58mTransferred:   	  276.323 MiB / 2.982 GiB, 9%, 790.320 KiB/s, ETA 59m58s
Errors:                 3 (retrying may help)
Checks:                 0 / 0, -, Listed 34
Transferred:           27 / 28, 96%
Elapsed time:      2m19.4s
Transferring:
 *                             model.safetensors:  5% /2.875Gi, 760.360Ki/s, 1h2Transferred:   	  276.323 MiB / 2.982 GiB, 9%, 790.320 KiB/s, ETA 59m58s
Errors:                 3 (retrying may help)
Checks:                 0 / 0, -, Listed 34
Transferred:           27 / 28, 96%
Elapsed time:      2m19.9s
Transferring:
 *                             model.safetensors:  5% /2.875Gi, 760.360Ki/s, 1h2Transferred:   	  276.323 MiB / 2.982 GiB, 9%, 740.925 KiB/s, ETA 1h3m58s
Errors:                 3 (retrying may help)
Checks:                 0 / 0, -, Listed 34
Transferred:           27 / 28, 96%
Elapsed time:      2m20.4s
Transferring:
 *                             model.safetensors:  5% /2.875Gi, 712.838Ki/s, 1h6Transferred:   	  276.323 MiB / 2.982 GiB, 9%, 740.925 KiB/s, ETA 1h3m58s
Errors:                 3 (retrying may help)
Checks:                 0 / 0, -, Listed 34
Transferred:           27 / 28, 96%
Elapsed time:      2m20.9s
Transferring:
 *                             model.safetensors:  5% /2.875Gi, 712.838Ki/s, 1h6Transferred:   	  276.323 MiB / 2.982 GiB, 9%, 694.617 KiB/s, ETA 1h8m14s
Errors:                 3 (retrying may help)
Checks:                 0 / 0, -, Listed 34
Transferred:           27 / 28, 96%
Elapsed time:      2m21.4s
Transferring:
 *                             model.safetensors:  5% /2.875Gi, 668.286Ki/s, 1h1Transferred:   	  276.323 MiB / 2.982 GiB, 9%, 694.617 KiB/s, ETA 1h8m14s
Errors:                 3 (retrying may help)
Checks:                 0 / 0, -, Listed 34
Transferred:           27 / 28, 96%
Elapsed time:      2m21.9s
Transferring:
 *                             model.safetensors:  5% /2.875Gi, 668.286Ki/s, 1h1Transferred:   	  281.323 MiB / 2.982 GiB, 9%, 651.204 KiB/s, ETA 1h12m39s
Errors:                 3 (retrying may help)
Checks:                 0 / 0, -, Listed 34
Transferred:           27 / 28, 96%
Elapsed time:      2m22.4s
Transferring:
 *                             model.safetensors:  5% /2.875Gi, 946.521Ki/s, 49mTransferred:   	  281.323 MiB / 2.982 GiB, 9%, 651.204 KiB/s, ETA 1h12m39s
Errors:                 3 (retrying may help)
Checks:                 0 / 0, -, Listed 34
Transferred:           27 / 28, 96%
Elapsed time:      2m22.9s
Transferring:
 *                             model.safetensors:  5% /2.875Gi, 946.521Ki/s, 49mTransferred:   	  281.323 MiB / 2.982 GiB, 9%, 930.502 KiB/s, ETA 50m51s
Errors:                 3 (retrying may help)
Checks:                 0 / 0, -, Listed 34
Transferred:           27 / 28, 96%
Elapsed time:      2m23.4s
Transferring:
 *                             model.safetensors:  5% /2.875Gi, 887.362Ki/s, 53mTransferred:   	  283.854 MiB / 2.982 GiB, 9%, 930.502 KiB/s, ETA 50m48s
Errors:                 3 (retrying may help)
Checks:                 0 / 0, -, Listed 34
Transferred:           27 / 28, 96%
Elapsed time:      2m23.9s
Transferring:
 *                             model.safetensors:  5% /2.875Gi, 887.362Ki/s, 53mTransferred:   	  285.917 MiB / 2.982 GiB, 9%, 1.010 MiB/s, ETA 45m40s
Errors:                 3 (retrying may help)
Checks:                 0 / 0, -, Listed 34
Transferred:           27 / 28, 96%
Elapsed time:      2m24.4s
Transferring:
 *                             model.safetensors:  5% /2.875Gi, 1.100Mi/s, 41m57Transferred:   	  291.323 MiB / 2.982 GiB, 10%, 1.010 MiB/s, ETA 45m34s
Errors:                 3 (retrying may help)
Checks:                 0 / 0, -, Listed 34
Transferred:           27 / 28, 96%
Elapsed time:      2m24.9s
Transferring:
 *                             model.safetensors:  6% /2.875Gi, 1.100Mi/s, 41m52Transferred:   	  296.167 MiB / 2.982 GiB, 10%, 1.414 MiB/s, ETA 32m30s
Errors:                 3 (retrying may help)
Checks:                 0 / 0, -, Listed 34
Transferred:           27 / 28, 96%
Elapsed time:      2m25.4s
Transferring:
 *                             model.safetensors:  6% /2.875Gi, 1.554Mi/s, 29m34Transferred:   	  296.323 MiB / 2.982 GiB, 10%, 1.414 MiB/s, ETA 32m30s
Errors:                 3 (retrying may help)
Checks:                 0 / 0, -, Listed 34
Transferred:           27 / 28, 96%
Elapsed time:      2m25.9s
Transferring:
 *                             model.safetensors:  6% /2.875Gi, 1.554Mi/s, 29m34Transferred:   	  296.323 MiB / 2.982 GiB, 10%, 1.638 MiB/s, ETA 28m3s
Errors:                 3 (retrying may help)
Checks:                 0 / 0, -, Listed 34
Transferred:           27 / 28, 96%
Elapsed time:      2m26.4s
Transferring:
 *                             model.safetensors:  6% /2.875Gi, 1.584Mi/s, 29m0sTransferred:   	  296.323 MiB / 2.982 GiB, 10%, 1.638 MiB/s, ETA 28m3s
Errors:                 3 (retrying may help)
Checks:                 0 / 0, -, Listed 34
Transferred:           27 / 28, 96%
Elapsed time:      2m26.9s
Transferring:
 *                             model.safetensors:  6% /2.875Gi, 1.584Mi/s, 29m0sTransferred:   	  299.604 MiB / 2.982 GiB, 10%, 1.536 MiB/s, ETA 29m53s
Errors:                 3 (retrying may help)
Checks:                 0 / 0, -, Listed 34
Transferred:           27 / 28, 96%
Elapsed time:      2m27.4s
Transferring:
 *                             model.safetensors:  6% /2.875Gi, 1.616Mi/s, 28m24Transferred:   	  301.323 MiB / 2.982 GiB, 10%, 1.536 MiB/s, ETA 29m52s
Errors:                 3 (retrying may help)
Checks:                 0 / 0, -, Listed 34
Transferred:           27 / 28, 96%
Elapsed time:      2m27.9s
Transferring:
 *                             model.safetensors:  6% /2.875Gi, 1.616Mi/s, 28m23Transferred:   	  306.323 MiB / 2.982 GiB, 10%, 1.752 MiB/s, ETA 26m8s
Errors:                 3 (retrying may help)
Checks:                 0 / 0, -, Listed 34
Transferred:           27 / 28, 96%
Elapsed time:      2m28.4s
Transferring:
 *                             model.safetensors:  6% /2.875Gi, 2.009Mi/s, 22m47Transferred:   	  306.323 MiB / 2.982 GiB, 10%, 1.752 MiB/s, ETA 26m8s
Errors:                 3 (retrying may help)
Checks:                 0 / 0, -, Listed 34
Transferred:           27 / 28, 96%
Elapsed time:      2m28.9s
Transferring:
 *                             model.safetensors:  6% /2.875Gi, 2.009Mi/s, 22m47Transferred:   	  311.323 MiB / 2.982 GiB, 10%, 1.955 MiB/s, ETA 23m22s
Errors:                 3 (retrying may help)
Checks:                 0 / 0, -, Listed 34
Transferred:           27 / 28, 96%
Elapsed time:      2m29.4s
Transferring:
 *                             model.safetensors:  6% /2.875Gi, 2.028Mi/s, 22m32Transferred:   	  311.323 MiB / 2.982 GiB, 10%, 1.955 MiB/s, ETA 23m22s
Errors:                 3 (retrying may help)
Checks:                 0 / 0, -, Listed 34
Transferred:           27 / 28, 96%
Elapsed time:      2m29.9s
Transferring:
 *                             model.safetensors:  6% /2.875Gi, 2.028Mi/s, 22m32Transferred:   	  311.323 MiB / 2.982 GiB, 10%, 2.145 MiB/s, ETA 21m18s
Errors:                 3 (retrying may help)
Checks:                 0 / 0, -, Listed 34
Transferred:           27 / 28, 96%
Elapsed time:      2m30.4s
Transferring:
 *                             model.safetensors:  6% /2.875Gi, 2.069Mi/s, 22m5sTransferred:   	  311.323 MiB / 2.982 GiB, 10%, 2.145 MiB/s, ETA 21m18s
Errors:                 3 (retrying may help)
Checks:                 0 / 0, -, Listed 34
Transferred:           27 / 28, 96%
Elapsed time:      2m30.9s
Transferring:
 *                             model.safetensors:  6% /2.875Gi, 2.069Mi/s, 22m5sTransferred:   	  311.323 MiB / 2.982 GiB, 10%, 2.011 MiB/s, ETA 22m43s
Errors:                 3 (retrying may help)
Checks:                 0 / 0, -, Listed 34
Transferred:           27 / 28, 96%
Elapsed time:      2m31.4s
Transferring:
 *                             model.safetensors:  6% /2.875Gi, 1.940Mi/s, 23m33Transferred:   	  316.073 MiB / 2.982 GiB, 10%, 2.011 MiB/s, ETA 22m41s
Errors:                 3 (retrying may help)
Checks:                 0 / 0, -, Listed 34
Transferred:           27 / 28, 96%
Elapsed time:      2m32.0s
Transferring:
 *                             model.safetensors:  7% /2.875Gi, 1.940Mi/s, 23m31Transferred:   	  326.323 MiB / 2.982 GiB, 11%, 2.182 MiB/s, ETA 20m49s
Errors:                 3 (retrying may help)
Checks:                 0 / 0, -, Listed 34
Transferred:           27 / 28, 96%
Elapsed time:      2m32.4s
Transferring:
 *                             model.safetensors:  7% /2.875Gi, 2.631Mi/s, 17m16Transferred:   	  326.323 MiB / 2.982 GiB, 11%, 2.182 MiB/s, ETA 20m49s
Errors:                 3 (retrying may help)
Checks:                 0 / 0, -, Listed 34
Transferred:           27 / 28, 96%
Elapsed time:      2m32.9s
Transferring:
 *                             model.safetensors:  7% /2.875Gi, 2.631Mi/s, 17m16Transferred:   	  326.323 MiB / 2.982 GiB, 11%, 2.687 MiB/s, ETA 16m55s
Errors:                 3 (retrying may help)
Checks:                 0 / 0, -, Listed 34
Transferred:           27 / 28, 96%
Elapsed time:      2m33.4s
Transferring:
 *                             model.safetensors:  7% /2.875Gi, 2.592Mi/s, 17m32Transferred:   	  326.323 MiB / 2.982 GiB, 11%, 2.687 MiB/s, ETA 16m55s
Errors:                 3 (retrying may help)
Checks:                 0 / 0, -, Listed 34
Transferred:           27 / 28, 96%
Elapsed time:      2m33.9s
Transferring:
 *                             model.safetensors:  7% /2.875Gi, 2.592Mi/s, 17m32Transferred:   	  326.323 MiB / 2.982 GiB, 11%, 2.519 MiB/s, ETA 18m2s
Errors:                 3 (retrying may help)
Checks:                 0 / 0, -, Listed 34
Transferred:           27 / 28, 96%
Elapsed time:      2m34.4s
Transferring:
 *                             model.safetensors:  7% /2.875Gi, 2.430Mi/s, 18m42Transferred:   	  326.323 MiB / 2.982 GiB, 11%, 2.519 MiB/s, ETA 18m2s
Errors:                 3 (retrying may help)
Checks:                 0 / 0, -, Listed 34
Transferred:           27 / 28, 96%
Elapsed time:      2m34.9s
Transferring:
 *                             model.safetensors:  7% /2.875Gi, 2.430Mi/s, 18m42Transferred:   	  326.323 MiB / 2.982 GiB, 11%, 2.361 MiB/s, ETA 19m15s
Errors:                 3 (retrying may help)
Checks:                 0 / 0, -, Listed 34
Transferred:           27 / 28, 96%
Elapsed time:      2m35.4s
Transferring:
 *                             model.safetensors:  7% /2.875Gi, 2.278Mi/s, 19m57Transferred:   	  331.323 MiB / 2.982 GiB, 11%, 2.361 MiB/s, ETA 19m13s
Errors:                 3 (retrying may help)
Checks:                 0 / 0, -, Listed 34
Transferred:           27 / 28, 96%
Elapsed time:      2m35.9s
Transferring:
 *                             model.safetensors:  7% /2.875Gi, 2.278Mi/s, 19m55Transferred:   	  331.323 MiB / 2.982 GiB, 11%, 2.526 MiB/s, ETA 17m57s
Errors:                 3 (retrying may help)
Checks:                 0 / 0, -, Listed 34
Transferred:           27 / 28, 96%
Elapsed time:      2m36.4s
Transferring:
 *                             model.safetensors:  7% /2.875Gi, 2.448Mi/s, 18m32Transferred:   	  331.323 MiB / 2.982 GiB, 11%, 2.526 MiB/s, ETA 17m57s
Errors:                 3 (retrying may help)
Checks:                 0 / 0, -, Listed 34
Transferred:           27 / 28, 96%
Elapsed time:      2m36.9s
Transferring:
 *                             model.safetensors:  7% /2.875Gi, 2.448Mi/s, 18m32Transferred:   	  331.323 MiB / 2.982 GiB, 11%, 2.368 MiB/s, ETA 19m9s
Errors:                 3 (retrying may help)
Checks:                 0 / 0, -, Listed 34
Transferred:           27 / 28, 96%
Elapsed time:      2m37.4s
Transferring:
 *                             model.safetensors:  7% /2.875Gi, 2.295Mi/s, 19m46Transferred:   	  336.323 MiB / 2.982 GiB, 11%, 2.368 MiB/s, ETA 19m7s
Errors:                 3 (retrying may help)
Checks:                 0 / 0, -, Listed 34
Transferred:           27 / 28, 96%
Elapsed time:      2m37.9s
Transferring:
 *                             model.safetensors:  7% /2.875Gi, 2.295Mi/s, 19m44Transferred:   	  345.011 MiB / 2.982 GiB, 11%, 2.533 MiB/s, ETA 17m49s
Errors:                 3 (retrying may help)
Checks:                 0 / 0, -, Listed 34
Transferred:           27 / 28, 96%
Elapsed time:      2m38.4s
Transferring:
 *                             model.safetensors:  7% /2.875Gi, 2.982Mi/s, 15m8sTransferred:   	  345.073 MiB / 2.982 GiB, 11%, 2.533 MiB/s, ETA 17m49s
Errors:                 3 (retrying may help)
Checks:                 0 / 0, -, Listed 34
Transferred:           27 / 28, 96%
Elapsed time:      2m38.9s
Transferring:
 *                             model.safetensors:  8% /2.875Gi, 2.982Mi/s, 15m8sTransferred:   	  350.354 MiB / 2.982 GiB, 11%, 2.921 MiB/s, ETA 15m25s
Errors:                 3 (retrying may help)
Checks:                 0 / 0, -, Listed 34
Transferred:           27 / 28, 96%
Elapsed time:      2m39.4s
Transferring:
 *                             model.safetensors:  8% /2.875Gi, 2.903Mi/s, 15m31Transferred:   	  351.323 MiB / 2.982 GiB, 12%, 2.921 MiB/s, ETA 15m25s
Errors:                 3 (retrying may help)
Checks:                 0 / 0, -, Listed 34
Transferred:           27 / 28, 96%
Elapsed time:      2m39.9s
Transferring:
 *                             model.safetensors:  8% /2.875Gi, 2.903Mi/s, 15m31Transferred:   	  351.323 MiB / 2.982 GiB, 12%, 3.129 MiB/s, ETA 14m23s
Errors:                 3 (retrying may help)
Checks:                 0 / 0, -, Listed 34
Transferred:           27 / 28, 96%
Elapsed time:      2m40.4s
Transferring:
 *                             model.safetensors:  8% /2.875Gi, 3.034Mi/s, 14m50Transferred:   	  352.636 MiB / 2.982 GiB, 12%, 3.129 MiB/s, ETA 14m23s
Errors:                 3 (retrying may help)
Checks:                 0 / 0, -, Listed 34
Transferred:           27 / 28, 96%
Elapsed time:      2m40.9s
Transferring:
 *                             model.safetensors:  8% /2.875Gi, 3.034Mi/s, 14m50Transferred:   	  354.292 MiB / 2.982 GiB, 12%, 3.016 MiB/s, ETA 14m55s
Errors:                 3 (retrying may help)
Checks:                 0 / 0, -, Listed 34
Transferred:           27 / 28, 96%
Elapsed time:      2m41.4s
Transferring:
 *                             model.safetensors:  8% /2.875Gi, 3.030Mi/s, 14m51Transferred:   	  354.542 MiB / 2.982 GiB, 12%, 3.016 MiB/s, ETA 14m55s
Errors:                 3 (retrying may help)
Checks:                 0 / 0, -, Listed 34
Transferred:           27 / 28, 96%
Elapsed time:      2m41.9s
Transferring:
 *                             model.safetensors:  8% /2.875Gi, 3.030Mi/s, 14m50Transferred:   	  354.792 MiB / 2.982 GiB, 12%, 2.947 MiB/s, ETA 15m16s
Errors:                 3 (retrying may help)
Checks:                 0 / 0, -, Listed 34
Transferred:           27 / 28, 96%
Elapsed time:      2m42.4s
Transferring:
 *                             model.safetensors:  8% /2.875Gi, 2.872Mi/s, 15m39Transferred:   	  355.792 MiB / 2.982 GiB, 12%, 2.947 MiB/s, ETA 15m15s
Errors:                 3 (retrying may help)
Checks:                 0 / 0, -, Listed 34
Transferred:           27 / 28, 96%
Elapsed time:      2m42.9s
Transferring:
 *                             model.safetensors:  8% /2.875Gi, 2.872Mi/s, 15m39Transferred:   	  356.323 MiB / 2.982 GiB, 12%, 2.841 MiB/s, ETA 15m49s
Errors:                 3 (retrying may help)
Checks:                 0 / 0, -, Listed 34
Transferred:           27 / 28, 96%
Elapsed time:      2m43.4s
Transferring:
 *                             model.safetensors:  8% /2.875Gi, 2.788Mi/s, 16m7sTransferred:   	  356.323 MiB / 2.982 GiB, 12%, 2.841 MiB/s, ETA 15m49s
Errors:                 3 (retrying may help)
Checks:                 0 / 0, -, Listed 34
Transferred:           27 / 28, 96%
Elapsed time:      2m43.9s
Transferring:
 *                             model.safetensors:  8% /2.875Gi, 2.788Mi/s, 16m7sTransferred:   	  356.323 MiB / 2.982 GiB, 12%, 2.696 MiB/s, ETA 16m40s
Errors:                 3 (retrying may help)
Checks:                 0 / 0, -, Listed 34
Transferred:           27 / 28, 96%
Elapsed time:      2m44.4s
Transferring:
 *                             model.safetensors:  8% /2.875Gi, 2.614Mi/s, 17m12Transferred:   	  356.323 MiB / 2.982 GiB, 12%, 2.696 MiB/s, ETA 16m40s
Errors:                 3 (retrying may help)
Checks:                 0 / 0, -, Listed 34
Transferred:           27 / 28, 96%
Elapsed time:      2m44.9s
Transferring:
 *                             model.safetensors:  8% /2.875Gi, 2.614Mi/s, 17m12Transferred:   	  356.323 MiB / 2.982 GiB, 12%, 2.528 MiB/s, ETA 17m47s
Errors:                 3 (retrying may help)
Checks:                 0 / 0, -, Listed 34
Transferred:           27 / 28, 96%
Elapsed time:      2m45.4s
Transferring:
 *                             model.safetensors:  8% /2.875Gi, 2.450Mi/s, 18m20Transferred:   	  356.323 MiB / 2.982 GiB, 12%, 2.528 MiB/s, ETA 17m47s
Errors:                 3 (retrying may help)
Checks:                 0 / 0, -, Listed 34
Transferred:           27 / 28, 96%
Elapsed time:      2m45.9s
Transferring:
 *                             model.safetensors:  8% /2.875Gi, 2.450Mi/s, 18m20Transferred:   	  356.323 MiB / 2.982 GiB, 12%, 2.370 MiB/s, ETA 18m58s
Errors:                 3 (retrying may help)
Checks:                 0 / 0, -, Listed 34
Transferred:           27 / 28, 96%
Elapsed time:      2m46.4s
Transferring:
 *                             model.safetensors:  8% /2.875Gi, 2.297Mi/s, 19m34Transferred:   	  356.323 MiB / 2.982 GiB, 12%, 2.370 MiB/s, ETA 18m58s
Errors:                 3 (retrying may help)
Checks:                 0 / 0, -, Listed 34
Transferred:           27 / 28, 96%
Elapsed time:      2m46.9s
Transferring:
 *                             model.safetensors:  8% /2.875Gi, 2.297Mi/s, 19m34Transferred:   	  356.323 MiB / 2.982 GiB, 12%, 2.222 MiB/s, ETA 20m14s
Errors:                 3 (retrying may help)
Checks:                 0 / 0, -, Listed 34
Transferred:           27 / 28, 96%
Elapsed time:      2m47.4s
Transferring:
 *                             model.safetensors:  8% /2.875Gi, 2.154Mi/s, 20m52Transferred:   	  356.323 MiB / 2.982 GiB, 12%, 2.222 MiB/s, ETA 20m14s
Errors:                 3 (retrying may help)
Checks:                 0 / 0, -, Listed 34
Transferred:           27 / 28, 96%
Elapsed time:      2m47.9s
Transferring:
 *                             model.safetensors:  8% /2.875Gi, 2.154Mi/s, 20m52Transferred:   	  356.323 MiB / 2.982 GiB, 12%, 2.083 MiB/s, ETA 21m35s
Errors:                 3 (retrying may help)
Checks:                 0 / 0, -, Listed 34
Transferred:           27 / 28, 96%
Elapsed time:      2m48.4s
Transferring:
 *                             model.safetensors:  8% /2.875Gi, 2.019Mi/s, 22m16Transferred:   	  356.323 MiB / 2.982 GiB, 12%, 2.083 MiB/s, ETA 21m35s
Errors:                 3 (retrying may help)
Checks:                 0 / 0, -, Listed 34
Transferred:           27 / 28, 96%
Elapsed time:      2m49.0s
Transferring:
 *                             model.safetensors:  8% /2.875Gi, 2.019Mi/s, 22m16Transferred:   	  358.292 MiB / 2.982 GiB, 12%, 1.953 MiB/s, ETA 23m
Errors:                 3 (retrying may help)
Checks:                 0 / 0, -, Listed 34
Transferred:           27 / 28, 96%
Elapsed time:      2m49.4s
Transferring:
 *                             model.safetensors:  8% /2.875Gi, 1.893Mi/s, 23m44Transferred:   	  360.979 MiB / 2.982 GiB, 12%, 1.953 MiB/s, ETA 22m59s
Errors:                 3 (retrying may help)
Checks:                 0 / 0, -, Listed 34
Transferred:           27 / 28, 96%
Elapsed time:      2m49.9s
Transferring:
 *                             model.safetensors:  8% /2.875Gi, 1.893Mi/s, 23m42Transferred:   	  361.323 MiB / 2.982 GiB, 12%, 2.122 MiB/s, ETA 21m9s
Errors:                 3 (retrying may help)
Checks:                 0 / 0, -, Listed 34
Transferred:           27 / 28, 96%
Elapsed time:      2m50.4s
Transferring:
 *                             model.safetensors:  8% /2.875Gi, 2.087Mi/s, 21m30Transferred:   	  361.323 MiB / 2.982 GiB, 12%, 2.122 MiB/s, ETA 21m9s
Errors:                 3 (retrying may help)
Checks:                 0 / 0, -, Listed 34
Transferred:           27 / 28, 96%
Elapsed time:      2m50.9s
Transferring:
 *                             model.safetensors:  8% /2.875Gi, 2.087Mi/s, 21m30Transferred:   	  361.323 MiB / 2.982 GiB, 12%, 2.010 MiB/s, ETA 22m19s
Errors:                 3 (retrying may help)
Checks:                 0 / 0, -, Listed 34
Transferred:           27 / 28, 96%
Elapsed time:      2m51.4s
Transferring:
 *                             model.safetensors:  8% /2.875Gi, 1.957Mi/s, 22m56Transferred:   	  361.323 MiB / 2.982 GiB, 12%, 2.010 MiB/s, ETA 22m19s
Errors:                 3 (retrying may help)
Checks:                 0 / 0, -, Listed 34
Transferred:           27 / 28, 96%
Elapsed time:      2m51.9s
Transferring:
 *                             model.safetensors:  8% /2.875Gi, 1.957Mi/s, 22m56Transferred:   	  361.323 MiB / 2.982 GiB, 12%, 1.885 MiB/s, ETA 23m48s
Errors:                 3 (retrying may help)
Checks:                 0 / 0, -, Listed 34
Transferred:           27 / 28, 96%
Elapsed time:      2m52.4s
Transferring:
 *                             model.safetensors:  8% /2.875Gi, 1.834Mi/s, 24m27Transferred:   	  361.323 MiB / 2.982 GiB, 12%, 1.885 MiB/s, ETA 23m48s
Errors:                 3 (retrying may help)
Checks:                 0 / 0, -, Listed 34
Transferred:           27 / 28, 96%
Elapsed time:      2m52.9s
Transferring:
 *                             model.safetensors:  8% /2.875Gi, 1.834Mi/s, 24m27Transferred:   	  361.323 MiB / 2.982 GiB, 12%, 1.767 MiB/s, ETA 25m23s
Errors:                 3 (retrying may help)
Checks:                 0 / 0, -, Listed 34
Transferred:           27 / 28, 96%
Elapsed time:      2m53.4s
Transferring:
 *                             model.safetensors:  8% /2.875Gi, 1.720Mi/s, 26m5sTransferred:   	  361.323 MiB / 2.982 GiB, 12%, 1.767 MiB/s, ETA 25m23s
Errors:                 3 (retrying may help)
Checks:                 0 / 0, -, Listed 34
Transferred:           27 / 28, 96%
Elapsed time:      2m53.9s
Transferring:
 *                             model.safetensors:  8% /2.875Gi, 1.720Mi/s, 26m5sTransferred:   	  361.323 MiB / 2.982 GiB, 12%, 1.657 MiB/s, ETA 27m5s
Errors:                 3 (retrying may help)
Checks:                 0 / 0, -, Listed 34
Transferred:           27 / 28, 96%
Elapsed time:      2m54.4s
Transferring:
 *                             model.safetensors:  8% /2.875Gi, 1.612Mi/s, 27m50Transferred:   	  361.323 MiB / 2.982 GiB, 12%, 1.657 MiB/s, ETA 27m5s
Errors:                 3 (retrying may help)
Checks:                 0 / 0, -, Listed 34
Transferred:           27 / 28, 96%
Elapsed time:      2m54.9s
Transferring:
 *                             model.safetensors:  8% /2.875Gi, 1.612Mi/s, 27m50Transferred:   	  361.323 MiB / 2.982 GiB, 12%, 1.553 MiB/s, ETA 28m53s
Errors:                 3 (retrying may help)
Checks:                 0 / 0, -, Listed 34
Transferred:           27 / 28, 96%
Elapsed time:      2m55.4s
Transferring:
 *                             model.safetensors:  8% /2.875Gi, 1.511Mi/s, 29m41Transferred:   	  361.323 MiB / 2.982 GiB, 12%, 1.553 MiB/s, ETA 28m53s
Errors:                 3 (retrying may help)
Checks:                 0 / 0, -, Listed 34
Transferred:           27 / 28, 96%
Elapsed time:      2m55.9s
Transferring:
 *                             model.safetensors:  8% /2.875Gi, 1.511Mi/s, 29m41Transferred:   	  363.979 MiB / 2.982 GiB, 12%, 1.456 MiB/s, ETA 30m47s
Errors:                 3 (retrying may help)
Checks:                 0 / 0, -, Listed 34
Transferred:           27 / 28, 96%
Elapsed time:      2m56.4s
Transferring:
 *                             model.safetensors:  8% /2.875Gi, 1.417Mi/s, 31m38Transferred:   	  369.854 MiB / 2.982 GiB, 12%, 1.456 MiB/s, ETA 30m43s
Errors:                 3 (retrying may help)
Checks:                 0 / 0, -, Listed 34
Transferred:           27 / 28, 96%
Elapsed time:      2m56.9s
Transferring:
 *                             model.safetensors:  8% /2.875Gi, 1.417Mi/s, 31m34Transferred:   	  369.917 MiB / 2.982 GiB, 12%, 1.898 MiB/s, ETA 23m34s
Errors:                 3 (retrying may help)
Checks:                 0 / 0, -, Listed 34
Transferred:           27 / 28, 96%
Elapsed time:      2m57.4s
Transferring:
 *                             model.safetensors:  8% /2.875Gi, 1.865Mi/s, 23m58Transferred:   	  369.917 MiB / 2.982 GiB, 12%, 1.898 MiB/s, ETA 23m34s
Errors:                 3 (retrying may help)
Checks:                 0 / 0, -, Listed 34
Transferred:           27 / 28, 96%
Elapsed time:      2m57.9s
Transferring:
 *                             model.safetensors:  8% /2.875Gi, 1.865Mi/s, 23m58Transferred:   	  369.917 MiB / 2.982 GiB, 12%, 1.783 MiB/s, ETA 25m4s
Errors:                 3 (retrying may help)
Checks:                 0 / 0, -, Listed 34
Transferred:           27 / 28, 96%
Elapsed time:      2m58.4s
Transferring:
 *                             model.safetensors:  8% /2.875Gi, 1.749Mi/s, 25m34Transferred:   	  370.854 MiB / 2.982 GiB, 12%, 1.783 MiB/s, ETA 25m4s
Errors:                 3 (retrying may help)
Checks:                 0 / 0, -, Listed 34
Transferred:           27 / 28, 96%
Elapsed time:      2m58.9s
Transferring:
 *                             model.safetensors:  8% /2.875Gi, 1.749Mi/s, 25m34Transferred:   	  371.323 MiB / 2.982 GiB, 12%, 1.731 MiB/s, ETA 25m50s
Errors:                 3 (retrying may help)
Checks:                 0 / 0, -, Listed 34
Transferred:           27 / 28, 96%
Elapsed time:      2m59.4s
Transferring:
 *                             model.safetensors:  8% /2.875Gi, 1.727Mi/s, 25m52Transferred:   	  371.323 MiB / 2.982 GiB, 12%, 1.731 MiB/s, ETA 25m50s
Errors:                 3 (retrying may help)
Checks:                 0 / 0, -, Listed 34
Transferred:           27 / 28, 96%
Elapsed time:      2m59.9s
Transferring:
 *                             model.safetensors:  8% /2.875Gi, 1.727Mi/s, 25m52Transferred:   	  371.323 MiB / 2.982 GiB, 12%, 1.652 MiB/s, ETA 27m4s
Errors:                 3 (retrying may help)
Checks:                 0 / 0, -, Listed 34
Transferred:           27 / 28, 96%
Elapsed time:       3m0.4s
Transferring:
 *                             model.safetensors:  8% /2.875Gi, 1.619Mi/s, 27m36Transferred:   	  371.323 MiB / 2.982 GiB, 12%, 1.652 MiB/s, ETA 27m4s
Errors:                 3 (retrying may help)
Checks:                 0 / 0, -, Listed 34
Transferred:           27 / 28, 96%
Elapsed time:       3m0.9s
Transferring:
 *                             model.safetensors:  8% /2.875Gi, 1.619Mi/s, 27m36Transferred:   	  375.073 MiB / 2.982 GiB, 12%, 1.548 MiB/s, ETA 28m50s
Errors:                 3 (retrying may help)
Checks:                 0 / 0, -, Listed 34
Transferred:           27 / 28, 96%
Elapsed time:       3m1.4s
Transferring:
 *                             model.safetensors:  9% /2.875Gi, 1.712Mi/s, 26m5sTransferred:   	  376.323 MiB / 2.982 GiB, 12%, 1.548 MiB/s, ETA 28m49s
Errors:                 3 (retrying may help)
Checks:                 0 / 0, -, Listed 34
Transferred:           27 / 28, 96%
Elapsed time:       3m1.9s
Transferring:
 *                             model.safetensors:  9% /2.875Gi, 1.712Mi/s, 26m4sTransferred:   	  376.323 MiB / 2.982 GiB, 12%, 1.764 MiB/s, ETA 25m17s
Errors:                 3 (retrying may help)
Checks:                 0 / 0, -, Listed 34
Transferred:           27 / 28, 96%
Elapsed time:       3m2.4s
Transferring:
 *                             model.safetensors:  9% /2.875Gi, 1.724Mi/s, 25m53Transferred:   	  376.323 MiB / 2.982 GiB, 12%, 1.764 MiB/s, ETA 25m17s
Errors:                 3 (retrying may help)
Checks:                 0 / 0, -, Listed 34
Transferred:           27 / 28, 96%
Elapsed time:       3m2.9s
Transferring:
 *                             model.safetensors:  9% /2.875Gi, 1.724Mi/s, 25m53Transferred:   	  376.323 MiB / 2.982 GiB, 12%, 1.654 MiB/s, ETA 26m58s
Errors:                 3 (retrying may help)
Checks:                 0 / 0, -, Listed 34
Transferred:           27 / 28, 96%
Elapsed time:       3m3.4s
Transferring:
 *                             model.safetensors:  9% /2.875Gi, 1.616Mi/s, 27m36Transferred:   	  376.323 MiB / 2.982 GiB, 12%, 1.654 MiB/s, ETA 26m58s
Errors:                 3 (retrying may help)
Checks:                 0 / 0, -, Listed 34
Transferred:           27 / 28, 96%
Elapsed time:       3m4.0s
Transferring:
 *                             model.safetensors:  9% /2.875Gi, 1.616Mi/s, 27m36Transferred:   	  376.323 MiB / 2.982 GiB, 12%, 1.551 MiB/s, ETA 28m46s
Errors:                 3 (retrying may help)
Checks:                 0 / 0, -, Listed 34
Transferred:           27 / 28, 96%
Elapsed time:       3m4.4s
Transferring:
 *                             model.safetensors:  9% /2.875Gi, 1.515Mi/s, 29m27Transferred:   	  376.323 MiB / 2.982 GiB, 12%, 1.551 MiB/s, ETA 28m46s
Errors:                 3 (retrying may help)
Checks:                 0 / 0, -, Listed 34
Transferred:           27 / 28, 96%
Elapsed time:       3m4.9s
Transferring:
 *                             model.safetensors:  9% /2.875Gi, 1.515Mi/s, 29m27Transferred:   	  376.323 MiB / 2.982 GiB, 12%, 1.454 MiB/s, ETA 30m42s
Errors:                 3 (retrying may help)
Checks:                 0 / 0, -, Listed 34
Transferred:           27 / 28, 96%
Elapsed time:       3m5.4s
Transferring:
 *                             model.safetensors:  9% /2.875Gi, 1.420Mi/s, 31m25Transferred:   	  376.323 MiB / 2.982 GiB, 12%, 1.454 MiB/s, ETA 30m42s
Errors:                 3 (retrying may help)
Checks:                 0 / 0, -, Listed 34
Transferred:           27 / 28, 96%
Elapsed time:       3m5.9s
Transferring:
 *                             model.safetensors:  9% /2.875Gi, 1.420Mi/s, 31m25Transferred:   	  376.323 MiB / 2.982 GiB, 12%, 1.363 MiB/s, ETA 32m44s
Errors:                 3 (retrying may help)
Checks:                 0 / 0, -, Listed 34
Transferred:           27 / 28, 96%
Elapsed time:       3m6.4s
Transferring:
 *                             model.safetensors:  9% /2.875Gi, 1.332Mi/s, 33m30Transferred:   	  376.323 MiB / 2.982 GiB, 12%, 1.363 MiB/s, ETA 32m44s
Errors:                 3 (retrying may help)
Checks:                 0 / 0, -, Listed 34
Transferred:           27 / 28, 96%
Elapsed time:       3m6.9s
Transferring:
 *                             model.safetensors:  9% /2.875Gi, 1.332Mi/s, 33m30Transferred:   	  376.323 MiB / 2.982 GiB, 12%, 1.278 MiB/s, ETA 34m55s
Errors:                 3 (retrying may help)
Checks:                 0 / 0, -, Listed 34
Transferred:           27 / 28, 96%
Elapsed time:       3m7.4s
Transferring:
 *                             model.safetensors:  9% /2.875Gi, 1.248Mi/s, 35m44Transferred:   	  376.323 MiB / 2.982 GiB, 12%, 1.278 MiB/s, ETA 34m55s
Errors:                 3 (retrying may help)
Checks:                 0 / 0, -, Listed 34
Transferred:           27 / 28, 96%
Elapsed time:       3m7.9s
Transferring:
 *                             model.safetensors:  9% /2.875Gi, 1.248Mi/s, 35m44Transferred:   	  376.323 MiB / 2.982 GiB, 12%, 1.198 MiB/s, ETA 37m15s
Errors:                 3 (retrying may help)
Checks:                 0 / 0, -, Listed 34
Transferred:           27 / 28, 96%
Elapsed time:       3m8.4s
Transferring:
 *                             model.safetensors:  9% /2.875Gi, 1.170Mi/s, 38m7sTransferred:   	  376.323 MiB / 2.982 GiB, 12%, 1.198 MiB/s, ETA 37m15s
Errors:                 3 (retrying may help)
Checks:                 0 / 0, -, Listed 34
Transferred:           27 / 28, 96%
Elapsed time:       3m8.9s
Transferring:
 *                             model.safetensors:  9% /2.875Gi, 1.170Mi/s, 38m7sTransferred:   	  376.323 MiB / 2.982 GiB, 12%, 1.123 MiB/s, ETA 39m44s
Errors:                 3 (retrying may help)
Checks:                 0 / 0, -, Listed 34
Transferred:           27 / 28, 96%
Elapsed time:       3m9.4s
Transferring:
 *                             model.safetensors:  9% /2.875Gi, 1.097Mi/s, 40m40Transferred:   	  376.323 MiB / 2.982 GiB, 12%, 1.123 MiB/s, ETA 39m44s
Errors:                 3 (retrying may help)
Checks:                 0 / 0, -, Listed 34
Transferred:           27 / 28, 96%
Elapsed time:       3m9.9s
Transferring:
 *                             model.safetensors:  9% /2.875Gi, 1.097Mi/s, 40m40Transferred:   	  376.323 MiB / 2.982 GiB, 12%, 1.053 MiB/s, ETA 42m23s
Errors:                 3 (retrying may help)
Checks:                 0 / 0, -, Listed 34
Transferred:           27 / 28, 96%
Elapsed time:      3m10.4s
Transferring:
 *                             model.safetensors:  9% /2.875Gi, 1.029Mi/s, 43m23Transferred:   	  376.323 MiB / 2.982 GiB, 12%, 1.053 MiB/s, ETA 42m23s
Errors:                 3 (retrying may help)
Checks:                 0 / 0, -, Listed 34
Transferred:           27 / 28, 96%
Elapsed time:      3m10.9s
Transferring:
 *                             model.safetensors:  9% /2.875Gi, 1.029Mi/s, 43m23Transferred:   	  380.073 MiB / 2.982 GiB, 12%, 1010.609 KiB/s, ETA 45m9s
Errors:                 3 (retrying may help)
Checks:                 0 / 0, -, Listed 34
Transferred:           27 / 28, 96%
Elapsed time:      3m11.4s
Transferring:
 *                             model.safetensors:  9% /2.875Gi, 987.476Ki/s, 46mTransferred:   	  381.323 MiB / 2.982 GiB, 12%, 1010.609 KiB/s, ETA 45m8s
Errors:                 3 (retrying may help)
Checks:                 0 / 0, -, Listed 34
Transferred:           27 / 28, 96%
Elapsed time:      3m11.9s
Transferring:
 *                             model.safetensors:  9% /2.875Gi, 987.476Ki/s, 46mTransferred:   	  381.323 MiB / 2.982 GiB, 12%, 1.238 MiB/s, ETA 35m59s
Errors:                 3 (retrying may help)
Checks:                 0 / 0, -, Listed 34
Transferred:           27 / 28, 96%
Elapsed time:      3m12.4s
Transferring:
 *                             model.safetensors:  9% /2.875Gi, 1.217Mi/s, 36m36Transferred:   	  381.323 MiB / 2.982 GiB, 12%, 1.238 MiB/s, ETA 35m59s
Errors:                 3 (retrying may help)
Checks:                 0 / 0, -, Listed 34
Transferred:           27 / 28, 96%
Elapsed time:      3m12.9s
Transferring:
 *                             model.safetensors:  9% /2.875Gi, 1.217Mi/s, 36m36Transferred:   	  381.323 MiB / 2.982 GiB, 12%, 1.160 MiB/s, ETA 38m23s
Errors:                 3 (retrying may help)
Checks:                 0 / 0, -, Listed 34
Transferred:           27 / 28, 96%
Elapsed time:      3m13.4s
Transferring:
 *                             model.safetensors:  9% /2.875Gi, 1.141Mi/s, 39m3sTransferred:   	  381.323 MiB / 2.982 GiB, 12%, 1.160 MiB/s, ETA 38m23s
Errors:                 3 (retrying may help)
Checks:                 0 / 0, -, Listed 34
Transferred:           27 / 28, 96%
Elapsed time:      3m13.9s
Transferring:
 *                             model.safetensors:  9% /2.875Gi, 1.141Mi/s, 39m3sTransferred:   	  381.323 MiB / 2.982 GiB, 12%, 1.088 MiB/s, ETA 40m56s
Errors:                 3 (retrying may help)
Checks:                 0 / 0, -, Listed 34
Transferred:           27 / 28, 96%
Elapsed time:      3m14.4s
Transferring:
 *                             model.safetensors:  9% /2.875Gi, 1.069Mi/s, 41m39Transferred:   	  381.323 MiB / 2.982 GiB, 12%, 1.088 MiB/s, ETA 40m56s
Errors:                 3 (retrying may help)
Checks:                 0 / 0, -, Listed 34
Transferred:           27 / 28, 96%
Elapsed time:      3m14.9s
Transferring:
 *                             model.safetensors:  9% /2.875Gi, 1.069Mi/s, 41m39Transferred:   	  381.323 MiB / 2.982 GiB, 12%, 1.020 MiB/s, ETA 43m40s
Errors:                 3 (retrying may help)
Checks:                 0 / 0, -, Listed 34
Transferred:           27 / 28, 96%
Elapsed time:      3m15.4s
Transferring:
 *                             model.safetensors:  9% /2.875Gi, 1.002Mi/s, 44m26Transferred:   	  381.323 MiB / 2.982 GiB, 12%, 1.020 MiB/s, ETA 43m40s
Errors:                 3 (retrying may help)
Checks:                 0 / 0, -, Listed 34
Transferred:           27 / 28, 96%
Elapsed time:      3m15.9s
Transferring:
 *                             model.safetensors:  9% /2.875Gi, 1.002Mi/s, 44m26Transferred:   	  381.323 MiB / 2.982 GiB, 12%, 979.072 KiB/s, ETA 46m35s
Errors:                 3 (retrying may help)
Checks:                 0 / 0, -, Listed 34
Transferred:           27 / 28, 96%
Elapsed time:      3m16.4s
Transferring:
 *                             model.safetensors:  9% /2.875Gi, 962.315Ki/s, 47mTransferred:   	  381.323 MiB / 2.982 GiB, 12%, 979.072 KiB/s, ETA 46m35s
Errors:                 3 (retrying may help)
Checks:                 0 / 0, -, Listed 34
Transferred:           27 / 28, 96%
Elapsed time:      3m16.9s
Transferring:
 *                             model.safetensors:  9% /2.875Gi, 962.315Ki/s, 47mTransferred:   	  381.323 MiB / 2.982 GiB, 12%, 917.881 KiB/s, ETA 49m41s
Errors:                 3 (retrying may help)
Checks:                 0 / 0, -, Listed 34
Transferred:           27 / 28, 96%
Elapsed time:      3m17.4s
Transferring:
 *                             model.safetensors:  9% /2.875Gi, 902.171Ki/s, 50mTransferred:   	  381.323 MiB / 2.982 GiB, 12%, 917.881 KiB/s, ETA 49m41s
Errors:                 3 (retrying may help)
Checks:                 0 / 0, -, Listed 34
Transferred:           27 / 28, 96%
Elapsed time:      3m17.9s
Transferring:
 *                             model.safetensors:  9% /2.875Gi, 902.171Ki/s, 50mTransferred:   	  381.323 MiB / 2.982 GiB, 12%, 860.513 KiB/s, ETA 53m
Errors:                 3 (retrying may help)
Checks:                 0 / 0, -, Listed 34
Transferred:           27 / 28, 96%
Elapsed time:      3m18.4s
Transferring:
 *                             model.safetensors:  9% /2.875Gi, 845.785Ki/s, 53mTransferred:   	  381.323 MiB / 2.982 GiB, 12%, 860.513 KiB/s, ETA 53m
Errors:                 3 (retrying may help)
Checks:                 0 / 0, -, Listed 34
Transferred:           27 / 28, 96%
Elapsed time:      3m18.9s
Transferring:
 *                             model.safetensors:  9% /2.875Gi, 845.785Ki/s, 53mTransferred:   	  386.323 MiB / 2.982 GiB, 13%, 806.731 KiB/s, ETA 56m26s
Errors:                 3 (retrying may help)
Checks:                 0 / 0, -, Listed 34
Transferred:           27 / 28, 96%
Elapsed time:      3m19.4s
Transferring:
 *                             model.safetensors:  9% /2.875Gi, 1.083Mi/s, 41m3sTransferred:   	  386.323 MiB / 2.982 GiB, 13%, 806.731 KiB/s, ETA 56m26s
Errors:                 3 (retrying may help)
Checks:                 0 / 0, -, Listed 34
Transferred:           27 / 28, 96%
Elapsed time:      3m19.9s
Transferring:
 *                             model.safetensors:  9% /2.875Gi, 1.083Mi/s, 41m3sTransferred:   	  386.323 MiB / 2.982 GiB, 13%, 1.051 MiB/s, ETA 42m17s
Errors:                 3 (retrying may help)
Checks:                 0 / 0, -, Listed 34
Transferred:           27 / 28, 96%
Elapsed time:      3m20.4s
Transferring:
 *                             model.safetensors:  9% /2.875Gi, 1.019Mi/s, 43m37Transferred:   	  391.323 MiB / 2.982 GiB, 13%, 1.051 MiB/s, ETA 42m13s
Errors:                 3 (retrying may help)
Checks:                 0 / 0, -, Listed 34
Transferred:           27 / 28, 96%
Elapsed time:      3m20.9s
Transferring:
 *                             model.safetensors:  9% /2.875Gi, 1.019Mi/s, 43m32Transferred:   	  391.323 MiB / 2.982 GiB, 13%, 1.298 MiB/s, ETA 34m11s
Errors:                 3 (retrying may help)
Checks:                 0 / 0, -, Listed 34
Transferred:           27 / 28, 96%
Elapsed time:      3m21.4s
Transferring:
 *                             model.safetensors:  9% /2.875Gi, 1.268Mi/s, 34m59Transferred:   	  391.323 MiB / 2.982 GiB, 13%, 1.298 MiB/s, ETA 34m11s
Errors:                 3 (retrying may help)
Checks:                 0 / 0, -, Listed 34
Transferred:           27 / 28, 96%
Elapsed time:      3m21.9s
Transferring:
 *                             model.safetensors:  9% /2.875Gi, 1.268Mi/s, 34m59Transferred:   	  391.323 MiB / 2.982 GiB, 13%, 1.217 MiB/s, ETA 36m28s
Errors:                 3 (retrying may help)
Checks:                 0 / 0, -, Listed 34
Transferred:           27 / 28, 96%
Elapsed time:      3m22.4s
Transferring:
 *                             model.safetensors:  9% /2.875Gi, 1.189Mi/s, 37m19Transferred:   	  396.323 MiB / 2.982 GiB, 13%, 1.217 MiB/s, ETA 36m24s
Errors:                 3 (retrying may help)
Checks:                 0 / 0, -, Listed 34
Transferred:           27 / 28, 96%
Elapsed time:      3m22.9s
Transferring:
 *                             model.safetensors:  9% /2.875Gi, 1.189Mi/s, 37m15Transferred:   	  396.323 MiB / 2.982 GiB, 13%, 1.453 MiB/s, ETA 30m28s
Errors:                 3 (retrying may help)
Checks:                 0 / 0, -, Listed 34
Transferred:           27 / 28, 96%
Elapsed time:      3m23.4s
Transferring:
 *                             model.safetensors:  9% /2.875Gi, 1.427Mi/s, 31m2sTransferred:   	  396.323 MiB / 2.982 GiB, 13%, 1.453 MiB/s, ETA 30m28s
Errors:                 3 (retrying may help)
Checks:                 0 / 0, -, Listed 34
Transferred:           27 / 28, 96%
Elapsed time:      3m23.9s
Transferring:
 *                             model.safetensors:  9% /2.875Gi, 1.427Mi/s, 31m2sTransferred:   	  401.323 MiB / 2.982 GiB, 13%, 1.362 MiB/s, ETA 32m27s
Errors:                 3 (retrying may help)
Checks:                 0 / 0, -, Listed 34
Transferred:           27 / 28, 96%
Elapsed time:      3m24.4s
Transferring:
 *                             model.safetensors:  9% /2.875Gi, 1.590Mi/s, 27m48Transferred:   	  401.323 MiB / 2.982 GiB, 13%, 1.362 MiB/s, ETA 32m27s
Errors:                 3 (retrying may help)
Checks:                 0 / 0, -, Listed 34
Transferred:           27 / 28, 96%
Elapsed time:      3m24.9s
Transferring:
 *                             model.safetensors:  9% /2.875Gi, 1.590Mi/s, 27m48Transferred:   	  401.323 MiB / 2.982 GiB, 13%, 1.590 MiB/s, ETA 27m48s
Errors:                 3 (retrying may help)
Checks:                 0 / 0, -, Listed 34
Transferred:           27 / 28, 96%
Elapsed time:      3m25.4s
Transferring:
 *                             model.safetensors:  9% /2.875Gi, 1.551Mi/s, 28m30Transferred:   	  401.323 MiB / 2.982 GiB, 13%, 1.590 MiB/s, ETA 27m48s
Errors:                 3 (retrying may help)
Checks:                 0 / 0, -, Listed 34
Transferred:           27 / 28, 96%
Elapsed time:      3m25.9s
Transferring:
 *                             model.safetensors:  9% /2.875Gi, 1.551Mi/s, 28m30Transferred:   	  401.323 MiB / 2.982 GiB, 13%, 1.490 MiB/s, ETA 29m39s
Errors:                 3 (retrying may help)
Checks:                 0 / 0, -, Listed 34
Transferred:           27 / 28, 96%
Elapsed time:      3m26.4s
Transferring:
 *                             model.safetensors:  9% /2.875Gi, 1.454Mi/s, 30m24Transferred:   	  401.323 MiB / 2.982 GiB, 13%, 1.490 MiB/s, ETA 29m39s
Errors:                 3 (retrying may help)
Checks:                 0 / 0, -, Listed 34
Transferred:           27 / 28, 96%
Elapsed time:      3m26.9s
Transferring:
 *                             model.safetensors:  9% /2.875Gi, 1.454Mi/s, 30m24Transferred:   	  406.323 MiB / 2.982 GiB, 13%, 1.397 MiB/s, ETA 31m34s
Errors:                 3 (retrying may help)
Checks:                 0 / 0, -, Listed 34
Transferred:           27 / 28, 96%
Elapsed time:      3m27.4s
Transferring:
 *                             model.safetensors: 10% /2.875Gi, 1.537Mi/s, 28m42Transferred:   	  406.323 MiB / 2.982 GiB, 13%, 1.397 MiB/s, ETA 31m34s
Errors:                 3 (retrying may help)
Checks:                 0 / 0, -, Listed 34
Transferred:           27 / 28, 96%
Elapsed time:      3m27.9s
Transferring:
 *                             model.safetensors: 10% /2.875Gi, 1.537Mi/s, 28m42Transferred:   	  406.323 MiB / 2.982 GiB, 13%, 1.622 MiB/s, ETA 27m11s
Errors:                 3 (retrying may help)
Checks:                 0 / 0, -, Listed 34
Transferred:           27 / 28, 96%
Elapsed time:      3m28.4s
Transferring:
 *                             model.safetensors: 10% /2.875Gi, 1.580Mi/s, 27m56Transferred:   	  406.323 MiB / 2.982 GiB, 13%, 1.622 MiB/s, ETA 27m11s
Errors:                 3 (retrying may help)
Checks:                 0 / 0, -, Listed 34
Transferred:           27 / 28, 96%
Elapsed time:      3m28.9s
Transferring:
 *                             model.safetensors: 10% /2.875Gi, 1.580Mi/s, 27m56Transferred:   	  406.323 MiB / 2.982 GiB, 13%, 1.521 MiB/s, ETA 29m
Errors:                 3 (retrying may help)
Checks:                 0 / 0, -, Listed 34
Transferred:           27 / 28, 96%
Elapsed time:      3m29.4s
Transferring:
 *                             model.safetensors: 10% /2.875Gi, 1.481Mi/s, 29m47Transferred:   	  406.323 MiB / 2.982 GiB, 13%, 1.521 MiB/s, ETA 29m
Errors:                 3 (retrying may help)
Checks:                 0 / 0, -, Listed 34
Transferred:           27 / 28, 96%
Elapsed time:      3m29.9s
Transferring:
 *                             model.safetensors: 10% /2.875Gi, 1.481Mi/s, 29m47Transferred:   	  406.323 MiB / 2.982 GiB, 13%, 1.426 MiB/s, ETA 30m56s
Errors:                 3 (retrying may help)
Checks:                 0 / 0, -, Listed 34
Transferred:           27 / 28, 96%
Elapsed time:      3m30.4s
Transferring:
 *                             model.safetensors: 10% /2.875Gi, 1.388Mi/s, 31m47Transferred:   	  406.323 MiB / 2.982 GiB, 13%, 1.426 MiB/s, ETA 30m56s
Errors:                 3 (retrying may help)
Checks:                 0 / 0, -, Listed 34
Transferred:           27 / 28, 96%
Elapsed time:      3m30.9s
Transferring:
 *                             model.safetensors: 10% /2.875Gi, 1.388Mi/s, 31m47Transferred:   	  406.323 MiB / 2.982 GiB, 13%, 1.337 MiB/s, ETA 33m
Errors:                 3 (retrying may help)
Checks:                 0 / 0, -, Listed 34
Transferred:           27 / 28, 96%
Elapsed time:      3m31.4s
Transferring:
 *                             model.safetensors: 10% /2.875Gi, 1.301Mi/s, 33m54Transferred:   	  406.323 MiB / 2.982 GiB, 13%, 1.337 MiB/s, ETA 33m
Errors:                 3 (retrying may help)
Checks:                 0 / 0, -, Listed 34
Transferred:           27 / 28, 96%
Elapsed time:      3m31.9s
Transferring:
 *                             model.safetensors: 10% /2.875Gi, 1.301Mi/s, 33m54Transferred:   	  406.323 MiB / 2.982 GiB, 13%, 1.253 MiB/s, ETA 35m12s
Errors:                 3 (retrying may help)
Checks:                 0 / 0, -, Listed 34
Transferred:           27 / 28, 96%
Elapsed time:      3m32.4s
Transferring:
 *                             model.safetensors: 10% /2.875Gi, 1.220Mi/s, 36m9sTransferred:   	  411.323 MiB / 2.982 GiB, 13%, 1.253 MiB/s, ETA 35m8s
Errors:                 3 (retrying may help)
Checks:                 0 / 0, -, Listed 34
Transferred:           27 / 28, 96%
Elapsed time:      3m32.9s
Transferring:
 *                             model.safetensors: 10% /2.875Gi, 1.220Mi/s, 36m5sTransferred:   	  416.323 MiB / 2.982 GiB, 14%, 1.487 MiB/s, ETA 29m33s
Errors:                 3 (retrying may help)
Checks:                 0 / 0, -, Listed 34
Transferred:           27 / 28, 96%
Elapsed time:      3m33.4s
Transferring:
 *                             model.safetensors: 10% /2.875Gi, 1.769Mi/s, 24m51Transferred:   	  419.573 MiB / 2.982 GiB, 14%, 1.910 MiB/s, ETA 22m59s
Errors:                 3 (retrying may help)
Checks:                 0 / 0, -, Listed 34
Transferred:           27 / 28, 96%
Elapsed time:      3m34.0s
Transferring:
 *                             model.safetensors: 10% /2.875Gi, 1.769Mi/s, 24m49Transferred:   	  421.323 MiB / 2.982 GiB, 14%, 1.910 MiB/s, ETA 22m58s
Errors:                 3 (retrying may help)
Checks:                 0 / 0, -, Listed 34
Transferred:           27 / 28, 96%
Elapsed time:      3m34.4s
Transferring:
 *                             model.safetensors: 10% /2.875Gi, 1.971Mi/s, 22m15Transferred:   	  421.323 MiB / 2.982 GiB, 14%, 1.910 MiB/s, ETA 22m58s
Errors:                 3 (retrying may help)
Checks:                 0 / 0, -, Listed 34
Transferred:           27 / 28, 96%
Elapsed time:      3m34.9s
Transferring:
 *                             model.safetensors: 10% /2.875Gi, 1.971Mi/s, 22m15Transferred:   	  421.323 MiB / 2.982 GiB, 14%, 1.900 MiB/s, ETA 23m5s
Errors:                 3 (retrying may help)
Checks:                 0 / 0, -, Listed 34
Transferred:           27 / 28, 96%
Elapsed time:      3m35.4s
Transferring:
 *                             model.safetensors: 10% /2.875Gi, 1.848Mi/s, 23m44Transferred:   	  421.323 MiB / 2.982 GiB, 14%, 1.900 MiB/s, ETA 23m5s
Errors:                 3 (retrying may help)
Checks:                 0 / 0, -, Listed 34
Transferred:           27 / 28, 96%
Elapsed time:      3m35.9s
Transferring:
 *                             model.safetensors: 10% /2.875Gi, 1.848Mi/s, 23m44Transferred:   	  421.323 MiB / 2.982 GiB, 14%, 1.781 MiB/s, ETA 24m37s
Errors:                 3 (retrying may help)
Checks:                 0 / 0, -, Listed 34
Transferred:           27 / 28, 96%
Elapsed time:      3m36.4s
Transferring:
 *                             model.safetensors: 10% /2.875Gi, 1.732Mi/s, 25m19Transferred:   	  421.323 MiB / 2.982 GiB, 14%, 1.781 MiB/s, ETA 24m37s
Errors:                 3 (retrying may help)
Checks:                 0 / 0, -, Listed 34
Transferred:           27 / 28, 96%
Elapsed time:      3m36.9s
Transferring:
 *                             model.safetensors: 10% /2.875Gi, 1.732Mi/s, 25m19Transferred:   	  421.323 MiB / 2.982 GiB, 14%, 1.670 MiB/s, ETA 26m16s
Errors:                 3 (retrying may help)
Checks:                 0 / 0, -, Listed 34
Transferred:           27 / 28, 96%
Elapsed time:      3m37.4s
Transferring:
 *                             model.safetensors: 10% /2.875Gi, 1.624Mi/s, 27m1sTransferred:   	  421.323 MiB / 2.982 GiB, 14%, 1.670 MiB/s, ETA 26m16s
Errors:                 3 (retrying may help)
Checks:                 0 / 0, -, Listed 34
Transferred:           27 / 28, 96%
Elapsed time:      3m37.9s
Transferring:
 *                             model.safetensors: 10% /2.875Gi, 1.624Mi/s, 27m1sTransferred:   	  421.323 MiB / 2.982 GiB, 14%, 1.566 MiB/s, ETA 28m1s
Errors:                 3 (retrying may help)
Checks:                 0 / 0, -, Listed 34
Transferred:           27 / 28, 96%
Elapsed time:      3m38.4s
Transferring:
 *                             model.safetensors: 10% /2.875Gi, 1.522Mi/s, 28m49Transferred:   	  421.323 MiB / 2.982 GiB, 14%, 1.566 MiB/s, ETA 28m1s
Errors:                 3 (retrying may help)
Checks:                 0 / 0, -, Listed 34
Transferred:           27 / 28, 96%
Elapsed time:      3m38.9s
Transferring:
 *                             model.safetensors: 10% /2.875Gi, 1.522Mi/s, 28m49Transferred:   	  421.323 MiB / 2.982 GiB, 14%, 1.468 MiB/s, ETA 29m53s
Errors:                 3 (retrying may help)
Checks:                 0 / 0, -, Listed 34
Transferred:           27 / 28, 96%
Elapsed time:      3m39.4s
Transferring:
 *                             model.safetensors: 10% /2.875Gi, 1.427Mi/s, 30m44Transferred:   	  421.323 MiB / 2.982 GiB, 14%, 1.468 MiB/s, ETA 29m53s
Errors:                 3 (retrying may help)
Checks:                 0 / 0, -, Listed 34
Transferred:           27 / 28, 96%
Elapsed time:      3m39.9s
Transferring:
 *                             model.safetensors: 10% /2.875Gi, 1.427Mi/s, 30m44Transferred:   	  421.323 MiB / 2.982 GiB, 14%, 1.376 MiB/s, ETA 31m53s
Errors:                 3 (retrying may help)
Checks:                 0 / 0, -, Listed 34
Transferred:           27 / 28, 96%
Elapsed time:      3m40.4s
Transferring:
 *                             model.safetensors: 10% /2.875Gi, 1.338Mi/s, 32m47Transferred:   	  426.323 MiB / 2.982 GiB, 14%, 1.376 MiB/s, ETA 31m49s
Errors:                 3 (retrying may help)
Checks:                 0 / 0, -, Listed 34
Transferred:           27 / 28, 96%
Elapsed time:      3m40.9s
Transferring:
 *                             model.safetensors: 10% /2.875Gi, 1.338Mi/s, 32m43Transferred:   	  426.323 MiB / 2.982 GiB, 14%, 1.603 MiB/s, ETA 27m19s
Errors:                 3 (retrying may help)
Checks:                 0 / 0, -, Listed 34
Transferred:           27 / 28, 96%
Elapsed time:      3m41.4s
Transferring:
 *                             model.safetensors: 10% /2.875Gi, 1.567Mi/s, 27m56Transferred:   	  426.323 MiB / 2.982 GiB, 14%, 1.603 MiB/s, ETA 27m19s
Errors:                 3 (retrying may help)
Checks:                 0 / 0, -, Listed 34
Transferred:           27 / 28, 96%
Elapsed time:      3m41.9s
Transferring:
 *                             model.safetensors: 10% /2.875Gi, 1.567Mi/s, 27m56Transferred:   	  431.104 MiB / 2.982 GiB, 14%, 1.502 MiB/s, ETA 29m5s
Errors:                 3 (retrying may help)
Checks:                 0 / 0, -, Listed 34
Transferred:           27 / 28, 96%
Elapsed time:      3m42.5s
Transferring:
 *                             model.safetensors: 10% /2.875Gi, 1.520Mi/s, 28m45Transferred:   	  431.323 MiB / 2.982 GiB, 14%, 1.502 MiB/s, ETA 29m5s
Errors:                 3 (retrying may help)
Checks:                 0 / 0, -, Listed 34
Transferred:           27 / 28, 96%
Elapsed time:      3m42.9s
Transferring:
 *                             model.safetensors: 10% /2.875Gi, 1.520Mi/s, 28m45Transferred:   	  431.323 MiB / 2.982 GiB, 14%, 1.721 MiB/s, ETA 25m23s
Errors:                 3 (retrying may help)
Checks:                 0 / 0, -, Listed 34
Transferred:           27 / 28, 96%
Elapsed time:      3m43.4s
Transferring:
 *                             model.safetensors: 10% /2.875Gi, 1.687Mi/s, 25m55Transferred:   	  436.323 MiB / 2.982 GiB, 14%, 1.721 MiB/s, ETA 25m21s
Errors:                 3 (retrying may help)
Checks:                 0 / 0, -, Listed 34
Transferred:           27 / 28, 96%
Elapsed time:      3m43.9s
Transferring:
 *                             model.safetensors: 11% /2.875Gi, 1.687Mi/s, 25m52Transferred:   	  436.323 MiB / 2.982 GiB, 14%, 1.926 MiB/s, ETA 22m39s
Errors:                 3 (retrying may help)
Checks:                 0 / 0, -, Listed 34
Transferred:           27 / 28, 96%
Elapsed time:      3m44.4s
Transferring:
 *                             model.safetensors: 11% /2.875Gi, 1.894Mi/s, 23m2sTransferred:   	  436.323 MiB / 2.982 GiB, 14%, 1.926 MiB/s, ETA 22m39s
Errors:                 3 (retrying may help)
Checks:                 0 / 0, -, Listed 34
Transferred:           27 / 28, 96%
Elapsed time:      3m44.9s
Transferring:
 *                             model.safetensors: 11% /2.875Gi, 1.894Mi/s, 23m2sTransferred:   	  436.323 MiB / 2.982 GiB, 14%, 1.806 MiB/s, ETA 24m9s
Errors:                 3 (retrying may help)
Checks:                 0 / 0, -, Listed 34
Transferred:           27 / 28, 96%
Elapsed time:      3m45.4s
Transferring:
 *                             model.safetensors: 11% /2.875Gi, 1.775Mi/s, 24m34Transferred:   	  436.323 MiB / 2.982 GiB, 14%, 1.806 MiB/s, ETA 24m9s
Errors:                 3 (retrying may help)
Checks:                 0 / 0, -, Listed 34
Transferred:           27 / 28, 96%
Elapsed time:      3m45.9s
Transferring:
 *                             model.safetensors: 11% /2.875Gi, 1.775Mi/s, 24m34Transferred:   	  436.323 MiB / 2.982 GiB, 14%, 1.693 MiB/s, ETA 25m46s
Errors:                 3 (retrying may help)
Checks:                 0 / 0, -, Listed 34
Transferred:           27 / 28, 96%
Elapsed time:      3m46.4s
Transferring:
 *                             model.safetensors: 11% /2.875Gi, 1.664Mi/s, 26m12Transferred:   	  436.323 MiB / 2.982 GiB, 14%, 1.693 MiB/s, ETA 25m46s
Errors:                 3 (retrying may help)
Checks:                 0 / 0, -, Listed 34
Transferred:           27 / 28, 96%
Elapsed time:      3m46.9s
Transferring:
 *                             model.safetensors: 11% /2.875Gi, 1.664Mi/s, 26m12Transferred:   	  436.323 MiB / 2.982 GiB, 14%, 1.587 MiB/s, ETA 27m29s
Errors:                 3 (retrying may help)
Checks:                 0 / 0, -, Listed 34
Transferred:           27 / 28, 96%
Elapsed time:      3m47.4s
Transferring:
 *                             model.safetensors: 11% /2.875Gi, 1.560Mi/s, 27m57Transferred:   	  436.323 MiB / 2.982 GiB, 14%, 1.587 MiB/s, ETA 27m29s
Errors:                 3 (retrying may help)
Checks:                 0 / 0, -, Listed 34
Transferred:           27 / 28, 96%
Elapsed time:      3m47.9s
Transferring:
 *                             model.safetensors: 11% /2.875Gi, 1.560Mi/s, 27m57Transferred:   	  436.323 MiB / 2.982 GiB, 14%, 1.488 MiB/s, ETA 29m19s
Errors:                 3 (retrying may help)
Checks:                 0 / 0, -, Listed 34
Transferred:           27 / 28, 96%
Elapsed time:      3m48.4s
Transferring:
 *                             model.safetensors: 11% /2.875Gi, 1.463Mi/s, 29m49Transferred:   	  436.323 MiB / 2.982 GiB, 14%, 1.488 MiB/s, ETA 29m19s
Errors:                 3 (retrying may help)
Checks:                 0 / 0, -, Listed 34
Transferred:           27 / 28, 96%
Elapsed time:      3m48.9s
Transferring:
 *                             model.safetensors: 11% /2.875Gi, 1.463Mi/s, 29m49Transferred:   	  436.323 MiB / 2.982 GiB, 14%, 1.395 MiB/s, ETA 31m16s
Errors:                 3 (retrying may help)
Checks:                 0 / 0, -, Listed 34
Transferred:           27 / 28, 96%
Elapsed time:      3m49.4s
Transferring:
 *                             model.safetensors: 11% /2.875Gi, 1.371Mi/s, 31m48Transferred:   	  436.323 MiB / 2.982 GiB, 14%, 1.395 MiB/s, ETA 31m16s
Errors:                 3 (retrying may help)
Checks:                 0 / 0, -, Listed 34
Transferred:           27 / 28, 96%
Elapsed time:      3m49.9s
Transferring:
 *                             model.safetensors: 11% /2.875Gi, 1.371Mi/s, 31m48Transferred:   	  436.323 MiB / 2.982 GiB, 14%, 1.308 MiB/s, ETA 33m21s
Errors:                 3 (retrying may help)
Checks:                 0 / 0, -, Listed 34
Transferred:           27 / 28, 96%
Elapsed time:      3m50.4s
Transferring:
 *                             model.safetensors: 11% /2.875Gi, 1.286Mi/s, 33m56Transferred:   	  436.323 MiB / 2.982 GiB, 14%, 1.308 MiB/s, ETA 33m21s
Errors:                 3 (retrying may help)
Checks:                 0 / 0, -, Listed 34
Transferred:           27 / 28, 96%
Elapsed time:      3m50.9s
Transferring:
 *                             model.safetensors: 11% /2.875Gi, 1.286Mi/s, 33m56Transferred:   	  436.323 MiB / 2.982 GiB, 14%, 1.226 MiB/s, ETA 35m35s
Errors:                 3 (retrying may help)
Checks:                 0 / 0, -, Listed 34
Transferred:           27 / 28, 96%
Elapsed time:      3m51.4s
Transferring:
 *                             model.safetensors: 11% /2.875Gi, 1.205Mi/s, 36m11Transferred:   	  436.323 MiB / 2.982 GiB, 14%, 1.226 MiB/s, ETA 35m35s
Errors:                 3 (retrying may help)
Checks:                 0 / 0, -, Listed 34
Transferred:           27 / 28, 96%
Elapsed time:      3m51.9s
Transferring:
 *                             model.safetensors: 11% /2.875Gi, 1.205Mi/s, 36m11Transferred:   	  436.323 MiB / 2.982 GiB, 14%, 1.149 MiB/s, ETA 37m57s
Errors:                 3 (retrying may help)
Checks:                 0 / 0, -, Listed 34
Transferred:           27 / 28, 96%
Elapsed time:      3m52.4s
Transferring:
 *                             model.safetensors: 11% /2.875Gi, 1.130Mi/s, 38m36Transferred:   	  436.323 MiB / 2.982 GiB, 14%, 1.149 MiB/s, ETA 37m57s
Errors:                 3 (retrying may help)
Checks:                 0 / 0, -, Listed 34
Transferred:           27 / 28, 96%
Elapsed time:      3m52.9s
Transferring:
 *                             model.safetensors: 11% /2.875Gi, 1.130Mi/s, 38m36Transferred:   	  436.323 MiB / 2.982 GiB, 14%, 1.077 MiB/s, ETA 40m29s
Errors:                 3 (retrying may help)
Checks:                 0 / 0, -, Listed 34
Transferred:           27 / 28, 96%
Elapsed time:      3m53.4s
Transferring:
 *                             model.safetensors: 11% /2.875Gi, 1.059Mi/s, 41m11Transferred:   	  436.323 MiB / 2.982 GiB, 14%, 1.077 MiB/s, ETA 40m29s
Errors:                 3 (retrying may help)
Checks:                 0 / 0, -, Listed 34
Transferred:           27 / 28, 96%
Elapsed time:      3m53.9s
Transferring:
 *                             model.safetensors: 11% /2.875Gi, 1.059Mi/s, 41m11Transferred:   	  436.323 MiB / 2.982 GiB, 14%, 1.010 MiB/s, ETA 43m11s
Errors:                 3 (retrying may help)
Checks:                 0 / 0, -, Listed 34
Transferred:           27 / 28, 96%
Elapsed time:      3m54.4s
Transferring:
 *                             model.safetensors: 11% /2.875Gi, 1016.959Ki/s, 43Transferred:   	  441.323 MiB / 2.982 GiB, 14%, 1.010 MiB/s, ETA 43m6s
Errors:                 3 (retrying may help)
Checks:                 0 / 0, -, Listed 34
Transferred:           27 / 28, 96%
Elapsed time:      3m54.9s
Transferring:
 *                             model.safetensors: 11% /2.875Gi, 1016.959Ki/s, 43Transferred:   	  441.323 MiB / 2.982 GiB, 14%, 1.259 MiB/s, ETA 34m34s
Errors:                 3 (retrying may help)
Checks:                 0 / 0, -, Listed 34
Transferred:           27 / 28, 96%
Elapsed time:      3m55.4s
Transferring:
 *                             model.safetensors: 11% /2.875Gi, 1.244Mi/s, 35m0sTransferred:   	  441.323 MiB / 2.982 GiB, 14%, 1.259 MiB/s, ETA 34m34s
Errors:                 3 (retrying may help)
Checks:                 0 / 0, -, Listed 34
Transferred:           27 / 28, 96%
Elapsed time:      3m55.9s
Transferring:
 *                             model.safetensors: 11% /2.875Gi, 1.244Mi/s, 35m0sTransferred:   	  441.323 MiB / 2.982 GiB, 14%, 1.181 MiB/s, ETA 36m52s
Errors:                 3 (retrying may help)
Checks:                 0 / 0, -, Listed 34
Transferred:           27 / 28, 96%
Elapsed time:      3m56.4s
Transferring:
 *                             model.safetensors: 11% /2.875Gi, 1.166Mi/s, 37m20Transferred:   	  441.323 MiB / 2.982 GiB, 14%, 1.181 MiB/s, ETA 36m52s
Errors:                 3 (retrying may help)
Checks:                 0 / 0, -, Listed 34
Transferred:           27 / 28, 96%
Elapsed time:      3m56.9s
Transferring:
 *                             model.safetensors: 11% /2.875Gi, 1.166Mi/s, 37m20Transferred:   	  441.323 MiB / 2.982 GiB, 14%, 1.107 MiB/s, ETA 39m20s
Errors:                 3 (retrying may help)
Checks:                 0 / 0, -, Listed 34
Transferred:           27 / 28, 96%
Elapsed time:      3m57.4s
Transferring:
 *                             model.safetensors: 11% /2.875Gi, 1.093Mi/s, 39m50Transferred:   	  441.323 MiB / 2.982 GiB, 14%, 1.107 MiB/s, ETA 39m20s
Errors:                 3 (retrying may help)
Checks:                 0 / 0, -, Listed 34
Transferred:           27 / 28, 96%
Elapsed time:      3m57.9s
Transferring:
 *                             model.safetensors: 11% /2.875Gi, 1.093Mi/s, 39m50Transferred:   	  441.323 MiB / 2.982 GiB, 14%, 1.038 MiB/s, ETA 41m57s
Errors:                 3 (retrying may help)
Checks:                 0 / 0, -, Listed 34
Transferred:           27 / 28, 96%
Elapsed time:      3m58.4s
Transferring:
 *                             model.safetensors: 11% /2.875Gi, 1.025Mi/s, 42m29Transferred:   	  441.323 MiB / 2.982 GiB, 14%, 1.038 MiB/s, ETA 41m57s
Errors:                 3 (retrying may help)
Checks:                 0 / 0, -, Listed 34
Transferred:           27 / 28, 96%
Elapsed time:      3m58.9s
Transferring:
 *                             model.safetensors: 11% /2.875Gi, 1.025Mi/s, 42m29Transferred:   	  441.323 MiB / 2.982 GiB, 14%, 996.237 KiB/s, ETA 44m45s
Errors:                 3 (retrying may help)
Checks:                 0 / 0, -, Listed 34
Transferred:           27 / 28, 96%
Elapsed time:      3m59.4s
Transferring:
 *                             model.safetensors: 11% /2.875Gi, 983.669Ki/s, 45mTransferred:   	  441.323 MiB / 2.982 GiB, 14%, 996.237 KiB/s, ETA 44m45s
Errors:                 3 (retrying may help)
Checks:                 0 / 0, -, Listed 34
Transferred:           27 / 28, 96%
Elapsed time:      3m59.9s
Transferring:
 *                             model.safetensors: 11% /2.875Gi, 983.669Ki/s, 45mTransferred:   	  441.323 MiB / 2.982 GiB, 14%, 933.973 KiB/s, ETA 47m44s
Errors:                 3 (retrying may help)
Checks:                 0 / 0, -, Listed 34
Transferred:           27 / 28, 96%
Elapsed time:       4m0.4s
Transferring:
 *                             model.safetensors: 11% /2.875Gi, 922.189Ki/s, 48mTransferred:   	  441.323 MiB / 2.982 GiB, 14%, 933.973 KiB/s, ETA 47m44s
Errors:                 3 (retrying may help)
Checks:                 0 / 0, -, Listed 34
Transferred:           27 / 28, 96%
Elapsed time:       4m0.9s
Transferring:
 *                             model.safetensors: 11% /2.875Gi, 922.189Ki/s, 48mTransferred:   	  441.323 MiB / 2.982 GiB, 14%, 875.599 KiB/s, ETA 50m55s
Errors:                 3 (retrying may help)
Checks:                 0 / 0, -, Listed 34
Transferred:           27 / 28, 96%
Elapsed time:       4m1.4s
Transferring:
 *                             model.safetensors: 11% /2.875Gi, 864.553Ki/s, 51mTransferred:   	  441.323 MiB / 2.982 GiB, 14%, 875.599 KiB/s, ETA 50m55s
Errors:                 3 (retrying may help)
Checks:                 0 / 0, -, Listed 34
Transferred:           27 / 28, 96%
Elapsed time:       4m1.9s
Transferring:
 *                             model.safetensors: 11% /2.875Gi, 864.553Ki/s, 51mTransferred:   	  441.323 MiB / 2.982 GiB, 14%, 820.874 KiB/s, ETA 54m19s
Errors:                 3 (retrying may help)
Checks:                 0 / 0, -, Listed 34
Transferred:           27 / 28, 96%
Elapsed time:       4m2.4s
Transferring:
 *                             model.safetensors: 11% /2.875Gi, 810.519Ki/s, 55mTransferred:   	  441.323 MiB / 2.982 GiB, 14%, 820.874 KiB/s, ETA 54m19s
Errors:                 3 (retrying may help)
Checks:                 0 / 0, -, Listed 34
Transferred:           27 / 28, 96%
Elapsed time:       4m2.9s
Transferring:
 *                             model.safetensors: 11% /2.875Gi, 810.519Ki/s, 55mTransferred:   	  441.323 MiB / 2.982 GiB, 14%, 769.569 KiB/s, ETA 57m56s
Errors:                 3 (retrying may help)
Checks:                 0 / 0, -, Listed 34
Transferred:           27 / 28, 96%
Elapsed time:       4m3.4s
Transferring:
 *                             model.safetensors: 11% /2.875Gi, 759.861Ki/s, 58mTransferred:   	  444.448 MiB / 2.982 GiB, 15%, 769.569 KiB/s, ETA 57m52s
Errors:                 3 (retrying may help)
Checks:                 0 / 0, -, Listed 34
Transferred:           27 / 28, 96%
Elapsed time:       4m3.9s
Transferring:
 *                             model.safetensors: 11% /2.875Gi, 759.861Ki/s, 58mTransferred:   	  446.323 MiB / 2.982 GiB, 15%, 921.472 KiB/s, ETA 48m17s
Errors:                 3 (retrying may help)
Checks:                 0 / 0, -, Listed 34
Transferred:           27 / 28, 96%
Elapsed time:       4m4.4s
Transferring:
 *                             model.safetensors: 11% /2.875Gi, 1.008Mi/s, 43m6sTransferred:   	  447.136 MiB / 2.982 GiB, 15%, 921.472 KiB/s, ETA 48m16s
Errors:                 3 (retrying may help)
Checks:                 0 / 0, -, Listed 34
Transferred:           27 / 28, 96%
Elapsed time:       4m4.9s
Transferring:
 *                             model.safetensors: 11% /2.875Gi, 1.008Mi/s, 43m5sTransferred:   	  448.354 MiB / 2.982 GiB, 15%, 1.012 MiB/s, ETA 42m55s
Errors:                 3 (retrying may help)
Checks:                 0 / 0, -, Listed 34
Transferred:           27 / 28, 96%
Elapsed time:       4m5.4s
Transferring:
 *                             model.safetensors: 11% /2.875Gi, 1.072Mi/s, 40m30Transferred:   	  452.729 MiB / 2.982 GiB, 15%, 1.012 MiB/s, ETA 42m51s
Errors:                 3 (retrying may help)
Checks:                 0 / 0, -, Listed 34
Transferred:           27 / 28, 96%
Elapsed time:       4m5.9s
Transferring:
 *                             model.safetensors: 11% /2.875Gi, 1.072Mi/s, 40m26Transferred:   	  454.354 MiB / 2.982 GiB, 15%, 1.298 MiB/s, ETA 33m22s
Errors:                 3 (retrying may help)
Checks:                 0 / 0, -, Listed 34
Transferred:           27 / 28, 96%
Elapsed time:       4m6.4s
Transferring:
 *                             model.safetensors: 11% /2.875Gi, 1.380Mi/s, 31m23Transferred:   	  456.323 MiB / 2.982 GiB, 15%, 1.298 MiB/s, ETA 33m21s
Errors:                 3 (retrying may help)
Checks:                 0 / 0, -, Listed 34
Transferred:           27 / 28, 96%
Elapsed time:       4m6.9s
Transferring:
 *                             model.safetensors: 11% /2.875Gi, 1.380Mi/s, 31m22Transferred:   	  456.323 MiB / 2.982 GiB, 15%, 1.441 MiB/s, ETA 30m2s
Errors:                 3 (retrying may help)
Checks:                 0 / 0, -, Listed 34
Transferred:           27 / 28, 96%
Elapsed time:       4m7.4s
Transferring:
 *                             model.safetensors: 11% /2.875Gi, 1.417Mi/s, 30m33Transferred:   	  456.323 MiB / 2.982 GiB, 15%, 1.441 MiB/s, ETA 30m2s
Errors:                 3 (retrying may help)
Checks:                 0 / 0, -, Listed 34
Transferred:           27 / 28, 96%
Elapsed time:       4m7.9s
Transferring:
 *                             model.safetensors: 11% /2.875Gi, 1.417Mi/s, 30m33Transferred:   	  456.323 MiB / 2.982 GiB, 15%, 1.351 MiB/s, ETA 32m2s
Errors:                 3 (retrying may help)
Checks:                 0 / 0, -, Listed 34
Transferred:           27 / 28, 96%
Elapsed time:       4m8.4s
Transferring:
 *                             model.safetensors: 11% /2.875Gi, 1.328Mi/s, 32m35Transferred:   	  456.323 MiB / 2.982 GiB, 15%, 1.351 MiB/s, ETA 32m2s
Errors:                 3 (retrying may help)
Checks:                 0 / 0, -, Listed 34
Transferred:           27 / 28, 96%
Elapsed time:       4m8.9s
Transferring:
 *                             model.safetensors: 11% /2.875Gi, 1.328Mi/s, 32m35Transferred:   	  456.323 MiB / 2.982 GiB, 15%, 1.267 MiB/s, ETA 34m10s
Errors:                 3 (retrying may help)
Checks:                 0 / 0, -, Listed 34
Transferred:           27 / 28, 96%
Elapsed time:       4m9.4s
Transferring:
 *                             model.safetensors: 11% /2.875Gi, 1.245Mi/s, 34m45Transferred:   	  456.323 MiB / 2.982 GiB, 15%, 1.267 MiB/s, ETA 34m10s
Errors:                 3 (retrying may help)
Checks:                 0 / 0, -, Listed 34
Transferred:           27 / 28, 96%
Elapsed time:       4m9.9s
Transferring:
 *                             model.safetensors: 11% /2.875Gi, 1.245Mi/s, 34m45Transferred:   	  456.323 MiB / 2.982 GiB, 15%, 1.188 MiB/s, ETA 36m27s
Errors:                 3 (retrying may help)
Checks:                 0 / 0, -, Listed 34
Transferred:           27 / 28, 96%
Elapsed time:      4m10.4s
Transferring:
 *                             model.safetensors: 11% /2.875Gi, 1.167Mi/s, 37m4sTransferred:   	  456.323 MiB / 2.982 GiB, 15%, 1.188 MiB/s, ETA 36m27s
Errors:                 3 (retrying may help)
Checks:                 0 / 0, -, Listed 34
Transferred:           27 / 28, 96%
Elapsed time:      4m10.9s
Transferring:
 *                             model.safetensors: 11% /2.875Gi, 1.167Mi/s, 37m4sTransferred:   	  456.323 MiB / 2.982 GiB, 15%, 1.114 MiB/s, ETA 38m52s
Errors:                 3 (retrying may help)
Checks:                 0 / 0, -, Listed 34
Transferred:           27 / 28, 96%
Elapsed time:      4m11.4s
Transferring:
 *                             model.safetensors: 11% /2.875Gi, 1.095Mi/s, 39m33Transferred:   	  456.323 MiB / 2.982 GiB, 15%, 1.114 MiB/s, ETA 38m52s
Errors:                 3 (retrying may help)
Checks:                 0 / 0, -, Listed 34
Transferred:           27 / 28, 96%
Elapsed time:      4m11.9s
Transferring:
 *                             model.safetensors: 11% /2.875Gi, 1.095Mi/s, 39m33Transferred:   	  456.323 MiB / 2.982 GiB, 15%, 1.044 MiB/s, ETA 41m28s
Errors:                 3 (retrying may help)
Checks:                 0 / 0, -, Listed 34
Transferred:           27 / 28, 96%
Elapsed time:      4m12.4s
Transferring:
 *                             model.safetensors: 11% /2.875Gi, 1.026Mi/s, 42m11Transferred:   	  456.323 MiB / 2.982 GiB, 15%, 1.044 MiB/s, ETA 41m28s
Errors:                 3 (retrying may help)
Checks:                 0 / 0, -, Listed 34
Transferred:           27 / 28, 96%
Elapsed time:      4m12.9s
Transferring:
 *                             model.safetensors: 11% /2.875Gi, 1.026Mi/s, 42m11Transferred:   	  456.323 MiB / 2.982 GiB, 15%, 1002.150 KiB/s, ETA 44m14s
Errors:                 3 (retrying may help)
Checks:                 0 / 0, -, Listed 34
Transferred:           27 / 28, 96%
Elapsed time:      4m13.4s
Transferring:
 *                             model.safetensors: 11% /2.875Gi, 985.067Ki/s, 45mTransferred:   	  456.323 MiB / 2.982 GiB, 15%, 1002.150 KiB/s, ETA 44m14s
Errors:                 3 (retrying may help)
Checks:                 0 / 0, -, Listed 34
Transferred:           27 / 28, 96%
Elapsed time:      4m13.9s
Transferring:
 *                             model.safetensors: 11% /2.875Gi, 985.067Ki/s, 45mTransferred:   	  456.323 MiB / 2.982 GiB, 15%, 939.517 KiB/s, ETA 47m11s
Errors:                 3 (retrying may help)
Checks:                 0 / 0, -, Listed 34
Transferred:           27 / 28, 96%
Elapsed time:      4m14.4s
Transferring:
 *                             model.safetensors: 11% /2.875Gi, 923.501Ki/s, 48mTransferred:   	  456.323 MiB / 2.982 GiB, 15%, 939.517 KiB/s, ETA 47m11s
Errors:                 3 (retrying may help)
Checks:                 0 / 0, -, Listed 34
Transferred:           27 / 28, 96%
Elapsed time:      4m14.9s
Transferring:
 *                             model.safetensors: 11% /2.875Gi, 923.501Ki/s, 48mTransferred:   	  456.323 MiB / 2.982 GiB, 15%, 880.797 KiB/s, ETA 50m19s
Errors:                 3 (retrying may help)
Checks:                 0 / 0, -, Listed 34
Transferred:           27 / 28, 96%
Elapsed time:      4m15.4s
Transferring:
 *                             model.safetensors: 11% /2.875Gi, 865.782Ki/s, 51mTransferred:   	  456.323 MiB / 2.982 GiB, 15%, 880.797 KiB/s, ETA 50m19s
Errors:                 3 (retrying may help)
Checks:                 0 / 0, -, Listed 34
Transferred:           27 / 28, 96%
Elapsed time:      4m15.9s
Transferring:
 *                             model.safetensors: 11% /2.875Gi, 865.782Ki/s, 51mTransferred:   	  456.323 MiB / 2.982 GiB, 15%, 825.747 KiB/s, ETA 53m41s
Errors:                 3 (retrying may help)
Checks:                 0 / 0, -, Listed 34
Transferred:           27 / 28, 96%
Elapsed time:      4m16.4s
Transferring:
 *                             model.safetensors: 11% /2.875Gi, 811.671Ki/s, 54mTransferred:   	  456.323 MiB / 2.982 GiB, 15%, 825.747 KiB/s, ETA 53m41s
Errors:                 3 (retrying may help)
Checks:                 0 / 0, -, Listed 34
Transferred:           27 / 28, 96%
Elapsed time:      4m16.9s
Transferring:
 *                             model.safetensors: 11% /2.875Gi, 811.671Ki/s, 54mTransferred:   	  461.323 MiB / 2.982 GiB, 15%, 774.138 KiB/s, ETA 57m9s
Errors:                 3 (retrying may help)
Checks:                 0 / 0, -, Listed 34
Transferred:           27 / 28, 96%
Elapsed time:      4m17.4s
Transferring:
 *                             model.safetensors: 11% /2.875Gi, 1.056Mi/s, 40m56Transferred:   	  461.323 MiB / 2.982 GiB, 15%, 774.138 KiB/s, ETA 57m9s
Errors:                 3 (retrying may help)
Checks:                 0 / 0, -, Listed 34
Transferred:           27 / 28, 96%
Elapsed time:      4m17.9s
Transferring:
 *                             model.safetensors: 11% /2.875Gi, 1.056Mi/s, 40m56Transferred:   	  461.323 MiB / 2.982 GiB, 15%, 1.021 MiB/s, ETA 42m18s
Errors:                 3 (retrying may help)
Checks:                 0 / 0, -, Listed 34
Transferred:           27 / 28, 96%
Elapsed time:      4m18.4s
Transferring:
 *                             model.safetensors: 11% /2.875Gi, 1013.384Ki/s, 43Transferred:   	  461.323 MiB / 2.982 GiB, 15%, 1.021 MiB/s, ETA 42m18s
Errors:                 3 (retrying may help)
Checks:                 0 / 0, -, Listed 34
Transferred:           27 / 28, 96%
Elapsed time:      4m18.9s
Transferring:
 *                             model.safetensors: 11% /2.875Gi, 1013.384Ki/s, 43Transferred:   	  461.323 MiB / 2.982 GiB, 15%, 980.394 KiB/s, ETA 45m7s
Errors:                 3 (retrying may help)
Checks:                 0 / 0, -, Listed 34
Transferred:           27 / 28, 96%
Elapsed time:      4m19.4s
Transferring:
 *                             model.safetensors: 11% /2.875Gi, 950.047Ki/s, 46mTransferred:   	  461.323 MiB / 2.982 GiB, 15%, 980.394 KiB/s, ETA 45m7s
Errors:                 3 (retrying may help)
Checks:                 0 / 0, -, Listed 34
Transferred:           27 / 28, 96%
Elapsed time:      4m19.9s
Transferring:
 *                             model.safetensors: 11% /2.875Gi, 950.047Ki/s, 46mTransferred:   	  461.323 MiB / 2.982 GiB, 15%, 919.119 KiB/s, ETA 48m8s
Errors:                 3 (retrying may help)
Checks:                 0 / 0, -, Listed 34
Transferred:           27 / 28, 96%
Elapsed time:      4m20.4s
Transferring:
 *                             model.safetensors: 11% /2.875Gi, 890.669Ki/s, 49mTransferred:   	  461.323 MiB / 2.982 GiB, 15%, 919.119 KiB/s, ETA 48m8s
Errors:                 3 (retrying may help)
Checks:                 0 / 0, -, Listed 34
Transferred:           27 / 28, 96%
Elapsed time:      4m20.9s
Transferring:
 *                             model.safetensors: 11% /2.875Gi, 890.669Ki/s, 49mTransferred:   	  461.323 MiB / 2.982 GiB, 15%, 861.674 KiB/s, ETA 51m21s
Errors:                 3 (retrying may help)
Checks:                 0 / 0, -, Listed 34
Transferred:           27 / 28, 96%
Elapsed time:      4m21.4s
Transferring:
 *                             model.safetensors: 11% /2.875Gi, 835.002Ki/s, 52mTransferred:   	  461.323 MiB / 2.982 GiB, 15%, 861.674 KiB/s, ETA 51m21s
Errors:                 3 (retrying may help)
Checks:                 0 / 0, -, Listed 34
Transferred:           27 / 28, 96%
Elapsed time:      4m21.9s
Transferring:
 *                             model.safetensors: 11% /2.875Gi, 835.002Ki/s, 52mTransferred:   	  461.323 MiB / 2.982 GiB, 15%, 807.819 KiB/s, ETA 54m46s
Errors:                 3 (retrying may help)
Checks:                 0 / 0, -, Listed 34
Transferred:           27 / 28, 96%
Elapsed time:      4m22.4s
Transferring:
 *                             model.safetensors: 11% /2.875Gi, 782.814Ki/s, 56mTransferred:   	  461.323 MiB / 2.982 GiB, 15%, 807.819 KiB/s, ETA 54m46s
Errors:                 3 (retrying may help)
Checks:                 0 / 0, -, Listed 34
Transferred:           27 / 28, 96%
Elapsed time:      4m22.9s
Transferring:
 *                             model.safetensors: 11% /2.875Gi, 782.814Ki/s, 56mTransferred:   	  461.323 MiB / 2.982 GiB, 15%, 757.331 KiB/s, ETA 58m25s
Errors:                 3 (retrying may help)
Checks:                 0 / 0, -, Listed 34
Transferred:           27 / 28, 96%
Elapsed time:      4m23.4s
Transferring:
 *                             model.safetensors: 11% /2.875Gi, 733.889Ki/s, 1h0Transferred:   	  461.323 MiB / 2.982 GiB, 15%, 757.331 KiB/s, ETA 58m25s
Errors:                 3 (retrying may help)
Checks:                 0 / 0, -, Listed 34
Transferred:           27 / 28, 96%
Elapsed time:      4m23.9s
Transferring:
 *                             model.safetensors: 11% /2.875Gi, 733.889Ki/s, 1h0Transferred:   	  461.323 MiB / 2.982 GiB, 15%, 709.997 KiB/s, ETA 1h2m19s
Errors:                 3 (retrying may help)
Checks:                 0 / 0, -, Listed 34
Transferred:           27 / 28, 96%
Elapsed time:      4m24.4s
Transferring:
 *                             model.safetensors: 11% /2.875Gi, 688.021Ki/s, 1h4Transferred:   	  461.323 MiB / 2.982 GiB, 15%, 709.997 KiB/s, ETA 1h2m19s
Errors:                 3 (retrying may help)
Checks:                 0 / 0, -, Listed 34
Transferred:           27 / 28, 96%
Elapsed time:      4m24.9s
Transferring:
 *                             model.safetensors: 11% /2.875Gi, 688.021Ki/s, 1h4Transferred:   	  461.323 MiB / 2.982 GiB, 15%, 665.623 KiB/s, ETA 1h6m28s
Errors:                 3 (retrying may help)
Checks:                 0 / 0, -, Listed 34
Transferred:           27 / 28, 96%
Elapsed time:      4m25.4s
Transferring:
 *                             model.safetensors: 11% /2.875Gi, 645.020Ki/s, 1h8Transferred:   	  466.323 MiB / 2.982 GiB, 15%, 665.623 KiB/s, ETA 1h6m20s
Errors:                 3 (retrying may help)
Checks:                 0 / 0, -, Listed 34
Transferred:           27 / 28, 96%
Elapsed time:      4m25.9s
Transferring:
 *                             model.safetensors: 12% /2.875Gi, 645.020Ki/s, 1h8Transferred:   	  466.323 MiB / 2.982 GiB, 15%, 944.021 KiB/s, ETA 46m46s
Errors:                 3 (retrying may help)
Checks:                 0 / 0, -, Listed 34
Transferred:           27 / 28, 96%
Elapsed time:      4m26.4s
Transferring:
 *                             model.safetensors: 12% /2.875Gi, 924.698Ki/s, 47mTransferred:   	  466.323 MiB / 2.982 GiB, 15%, 944.021 KiB/s, ETA 46m46s
Errors:                 3 (retrying may help)
Checks:                 0 / 0, -, Listed 34
Transferred:           27 / 28, 96%
Elapsed time:      4m26.9s
Transferring:
 *                             model.safetensors: 12% /2.875Gi, 924.698Ki/s, 47mTransferred:   	  466.323 MiB / 2.982 GiB, 15%, 885.020 KiB/s, ETA 49m53s
Errors:                 3 (retrying may help)
Checks:                 0 / 0, -, Listed 34
Transferred:           27 / 28, 96%
Elapsed time:      4m27.4s
Transferring:
 *                             model.safetensors: 12% /2.875Gi, 866.904Ki/s, 50mTransferred:   	  466.323 MiB / 2.982 GiB, 15%, 885.020 KiB/s, ETA 49m53s
Errors:                 3 (retrying may help)
Checks:                 0 / 0, -, Listed 34
Transferred:           27 / 28, 96%
Elapsed time:      4m27.9s
Transferring:
 *                             model.safetensors: 12% /2.875Gi, 866.904Ki/s, 50mTransferred:   	  470.948 MiB / 2.982 GiB, 15%, 829.706 KiB/s, ETA 53m7s
Errors:                 3 (retrying may help)
Checks:                 0 / 0, -, Listed 34
Transferred:           27 / 28, 96%
Elapsed time:      4m28.4s
Transferring:
 *                             model.safetensors: 12% /2.875Gi, 1.083Mi/s, 39m45Transferred:   	  471.323 MiB / 2.982 GiB, 15%, 829.706 KiB/s, ETA 53m7s
Errors:                 3 (retrying may help)
Checks:                 0 / 0, -, Listed 34
Transferred:           27 / 28, 96%
Elapsed time:      4m28.9s
Transferring:
 *                             model.safetensors: 12% /2.875Gi, 1.083Mi/s, 39m45Transferred:   	  476.323 MiB / 2.982 GiB, 16%, 1.072 MiB/s, ETA 40m4s
Errors:                 3 (retrying may help)
Checks:                 0 / 0, -, Listed 34
Transferred:           27 / 28, 96%
Elapsed time:      4m29.4s
Transferring:
 *                             model.safetensors: 12% /2.875Gi, 1.330Mi/s, 32m18Transferred:   	  476.323 MiB / 2.982 GiB, 16%, 1.072 MiB/s, ETA 40m4s
Errors:                 3 (retrying may help)
Checks:                 0 / 0, -, Listed 34
Transferred:           27 / 28, 96%
Elapsed time:      4m29.9s
Transferring:
 *                             model.safetensors: 12% /2.875Gi, 1.330Mi/s, 32m18Transferred:   	  476.323 MiB / 2.982 GiB, 16%, 1.318 MiB/s, ETA 32m36s
Errors:                 3 (retrying may help)
Checks:                 0 / 0, -, Listed 34
Transferred:           27 / 28, 96%
Elapsed time:      4m30.4s
Transferring:
 *                             model.safetensors: 12% /2.875Gi, 1.268Mi/s, 33m52Transferred:   	  476.323 MiB / 2.982 GiB, 16%, 1.318 MiB/s, ETA 32m36s
Errors:                 3 (retrying may help)
Checks:                 0 / 0, -, Listed 34
Transferred:           27 / 28, 96%
Elapsed time:      4m30.9s
Transferring:
 *                             model.safetensors: 12% /2.875Gi, 1.268Mi/s, 33m52Transferred:   	  476.323 MiB / 2.982 GiB, 16%, 1.235 MiB/s, ETA 34m46s
Errors:                 3 (retrying may help)
Checks:                 0 / 0, -, Listed 34
Transferred:           27 / 28, 96%
Elapsed time:      4m31.4s
Transferring:
 *                             model.safetensors: 12% /2.875Gi, 1.189Mi/s, 36m8sTransferred:   	  476.323 MiB / 2.982 GiB, 16%, 1.235 MiB/s, ETA 34m46s
Errors:                 3 (retrying may help)
Checks:                 0 / 0, -, Listed 34
Transferred:           27 / 28, 96%
Elapsed time:      4m31.9s
Transferring:
 *                             model.safetensors: 12% /2.875Gi, 1.189Mi/s, 36m8sTransferred:   	  476.323 MiB / 2.982 GiB, 16%, 1.158 MiB/s, ETA 37m5s
Errors:                 3 (retrying may help)
Checks:                 0 / 0, -, Listed 34
Transferred:           27 / 28, 96%
Elapsed time:      4m32.4s
Transferring:
 *                             model.safetensors: 12% /2.875Gi, 1.114Mi/s, 38m33Transferred:   	  476.323 MiB / 2.982 GiB, 16%, 1.158 MiB/s, ETA 37m5s
Errors:                 3 (retrying may help)
Checks:                 0 / 0, -, Listed 34
Transferred:           27 / 28, 96%
Elapsed time:      4m32.9s
Transferring:
 *                             model.safetensors: 12% /2.875Gi, 1.114Mi/s, 38m33Transferred:   	  476.323 MiB / 2.982 GiB, 16%, 1.086 MiB/s, ETA 39m34s
Errors:                 3 (retrying may help)
Checks:                 0 / 0, -, Listed 34
Transferred:           27 / 28, 96%
Elapsed time:      4m33.4s
Transferring:
 *                             model.safetensors: 12% /2.875Gi, 1.045Mi/s, 41m7sTransferred:   	  476.323 MiB / 2.982 GiB, 16%, 1.086 MiB/s, ETA 39m34s
Errors:                 3 (retrying may help)
Checks:                 0 / 0, -, Listed 34
Transferred:           27 / 28, 96%
Elapsed time:      4m33.9s
Transferring:
 *                             model.safetensors: 12% /2.875Gi, 1.045Mi/s, 41m7sTransferred:   	  476.323 MiB / 2.982 GiB, 16%, 1.018 MiB/s, ETA 42m12s
Errors:                 3 (retrying may help)
Checks:                 0 / 0, -, Listed 34
Transferred:           27 / 28, 96%
Elapsed time:      4m34.4s
Transferring:
 *                             model.safetensors: 12% /2.875Gi, 1002.933Ki/s, 43Transferred:   	  476.323 MiB / 2.982 GiB, 16%, 1.018 MiB/s, ETA 42m12s
Errors:                 3 (retrying may help)
Checks:                 0 / 0, -, Listed 34
Transferred:           27 / 28, 96%
Elapsed time:      4m34.9s
Transferring:
 *                             model.safetensors: 12% /2.875Gi, 1002.933Ki/s, 43Transferred:   	  476.323 MiB / 2.982 GiB, 16%, 977.109 KiB/s, ETA 45m1s
Errors:                 3 (retrying may help)
Checks:                 0 / 0, -, Listed 34
Transferred:           27 / 28, 96%
Elapsed time:      4m35.4s
Transferring:
 *                             model.safetensors: 12% /2.875Gi, 940.250Ki/s, 46mTransferred:   	  476.323 MiB / 2.982 GiB, 16%, 977.109 KiB/s, ETA 45m1s
Errors:                 3 (retrying may help)
Checks:                 0 / 0, -, Listed 34
Transferred:           27 / 28, 96%
Elapsed time:      4m35.9s
Transferring:
 *                             model.safetensors: 12% /2.875Gi, 940.250Ki/s, 46mTransferred:   	  476.323 MiB / 2.982 GiB, 16%, 916.040 KiB/s, ETA 48m1s
Errors:                 3 (retrying may help)
Checks:                 0 / 0, -, Listed 34
Transferred:           27 / 28, 96%
Elapsed time:      4m36.4s
Transferring:
 *                             model.safetensors: 12% /2.875Gi, 881.484Ki/s, 49mTransferred:   	  476.323 MiB / 2.982 GiB, 16%, 916.040 KiB/s, ETA 48m1s
Errors:                 3 (retrying may help)
Checks:                 0 / 0, -, Listed 34
Transferred:           27 / 28, 96%
Elapsed time:      4m36.9s
Transferring:
 *                             model.safetensors: 12% /2.875Gi, 881.484Ki/s, 49mTransferred:   	  476.323 MiB / 2.982 GiB, 16%, 858.788 KiB/s, ETA 51m13s
Errors:                 3 (retrying may help)
Checks:                 0 / 0, -, Listed 34
Transferred:           27 / 28, 96%
Elapsed time:      4m37.4s
Transferring:
 *                             model.safetensors: 12% /2.875Gi, 826.392Ki/s, 53mTransferred:   	  476.323 MiB / 2.982 GiB, 16%, 858.788 KiB/s, ETA 51m13s
Errors:                 3 (retrying may help)
Checks:                 0 / 0, -, Listed 34
Transferred:           27 / 28, 96%
Elapsed time:      4m37.9s
Transferring:
 *                             model.safetensors: 12% /2.875Gi, 826.392Ki/s, 53mTransferred:   	  476.323 MiB / 2.982 GiB, 16%, 805.113 KiB/s, ETA 54m38s
Errors:                 3 (retrying may help)
Checks:                 0 / 0, -, Listed 34
Transferred:           27 / 28, 96%
Elapsed time:      4m38.4s
Transferring:
 *                             model.safetensors: 12% /2.875Gi, 774.742Ki/s, 56mTransferred:   	  481.323 MiB / 2.982 GiB, 16%, 805.113 KiB/s, ETA 54m32s
Errors:                 3 (retrying may help)
Checks:                 0 / 0, -, Listed 34
Transferred:           27 / 28, 96%
Elapsed time:      4m38.9s
Transferring:
 *                             model.safetensors: 12% /2.875Gi, 774.742Ki/s, 56mTransferred:   	  481.323 MiB / 2.982 GiB, 16%, 1.050 MiB/s, ETA 40m51s
Errors:                 3 (retrying may help)
Checks:                 0 / 0, -, Listed 34
Transferred:           27 / 28, 96%
Elapsed time:      4m39.4s
Transferring:
 *                             model.safetensors: 12% /2.875Gi, 1.022Mi/s, 41m57Transferred:   	  481.323 MiB / 2.982 GiB, 16%, 1.050 MiB/s, ETA 40m51s
Errors:                 3 (retrying may help)
Checks:                 0 / 0, -, Listed 34
Transferred:           27 / 28, 96%
Elapsed time:      4m39.9s
Transferring:
 *                             model.safetensors: 12% /2.875Gi, 1.022Mi/s, 41m57Transferred:   	  481.323 MiB / 2.982 GiB, 16%, 1007.619 KiB/s, ETA 43m34s
Errors:                 3 (retrying may help)
Checks:                 0 / 0, -, Listed 34
Transferred:           27 / 28, 96%
Elapsed time:      4m40.4s
Transferring:
 *                             model.safetensors: 12% /2.875Gi, 980.927Ki/s, 44mTransferred:   	  481.323 MiB / 2.982 GiB, 16%, 1007.619 KiB/s, ETA 43m34s
Errors:                 3 (retrying may help)
Checks:                 0 / 0, -, Listed 34
Transferred:           27 / 28, 96%
Elapsed time:      4m40.9s
Transferring:
 *                             model.safetensors: 12% /2.875Gi, 980.927Ki/s, 44mTransferred:   	  481.323 MiB / 2.982 GiB, 16%, 944.643 KiB/s, ETA 46m28s
Errors:                 3 (retrying may help)
Checks:                 0 / 0, -, Listed 34
Transferred:           27 / 28, 96%
Elapsed time:      4m41.4s
Transferring:
 *                             model.safetensors: 12% /2.875Gi, 919.619Ki/s, 47mTransferred:   	  481.323 MiB / 481.323 MiB, 100%, 944.643 KiB/s, ETA 0s
Errors:                 3 (retrying may help)
Checks:                 0 / 0, -, Listed 34
Transferred:           27 / 28, 96%
Elapsed time:      4m41.9s
Transferring:
 *                             model.safetensors: transferringTransferred:   	  481.323 MiB / 481.323 MiB, 100%, 885.603 KiB/s, ETA 0s
Errors:                 3 (retrying may help)
Checks:                 0 / 0, -, Listed 34
Transferred:           27 / 28, 96%
Elapsed time:      4m42.4s
Transferring:
 *                             model.safetensors: transferringTransferred:   	  486.323 MiB / 3.345 GiB, 14%, 885.603 KiB/s, ETA 56m38s
Errors:                 3 (retrying may help)
Checks:                 0 / 0, -, Listed 34
Transferred:           27 / 28, 96%
Elapsed time:      4m42.9s
Transferring:
 *                             model.safetensors:  0% /2.875Gi, 0/s, -Transferred:   	  494.229 MiB / 3.345 GiB, 14%, 1.123 MiB/s, ETA 43m29s
Errors:                 3 (retrying may help)
Checks:                 0 / 0, -, Listed 34
Transferred:           27 / 28, 96%
Elapsed time:      4m43.4s
Transferring:
 *                             model.safetensors:  0% /2.875Gi, 0/s, -Transferred:   	  496.323 MiB / 3.345 GiB, 14%, 1.123 MiB/s, ETA 43m27s
Errors:                 3 (retrying may help)
Checks:                 0 / 0, -, Listed 34
Transferred:           27 / 28, 96%
Elapsed time:      4m43.9s
Transferring:
 *                             model.safetensors:  0% /2.875Gi, 14.998Mi/s, 3m15Transferred:   	  498.542 MiB / 3.345 GiB, 15%, 1.678 MiB/s, ETA 29m4s
Errors:                 3 (retrying may help)
Checks:                 0 / 0, -, Listed 34
Transferred:           27 / 28, 96%
Elapsed time:      4m44.4s
Transferring:
 *                             model.safetensors:  0% /2.875Gi, 14.998Mi/s, 3m15Transferred:   	  500.042 MiB / 3.345 GiB, 15%, 1.678 MiB/s, ETA 29m3s
Errors:                 3 (retrying may help)
Checks:                 0 / 0, -, Listed 34
Transferred:           27 / 28, 96%
Elapsed time:      4m44.9s
Transferring:
 *                             model.safetensors:  0% /2.875Gi, 8.890Mi/s, 5m29sTransferred:   	  502.136 MiB / 3.345 GiB, 15%, 1.806 MiB/s, ETA 26m59s
Errors:                 3 (retrying may help)
Checks:                 0 / 0, -, Listed 34
Transferred:           27 / 28, 96%
Elapsed time:      4m45.4s
Transferring:
 *                             model.safetensors:  0% /2.875Gi, 8.890Mi/s, 5m28sTransferred:   	  508.917 MiB / 3.345 GiB, 15%, 1.806 MiB/s, ETA 26m55s
Errors:                 3 (retrying may help)
Checks:                 0 / 0, -, Listed 34
Transferred:           27 / 28, 96%
Elapsed time:      4m45.9s
Transferring:
 *                             model.safetensors:  0% /2.875Gi, 8.697Mi/s, 5m35sTransferred:   	  516.261 MiB / 3.345 GiB, 15%, 2.247 MiB/s, ETA 21m34s
Errors:                 3 (retrying may help)
Checks:                 0 / 0, -, Listed 34
Transferred:           27 / 28, 96%
Elapsed time:      4m46.4s
Transferring:
 *                             model.safetensors:  1% /2.875Gi, 8.697Mi/s, 5m34sTransferred:   	  519.073 MiB / 3.345 GiB, 15%, 2.247 MiB/s, ETA 21m33s
Errors:                 3 (retrying may help)
Checks:                 0 / 0, -, Listed 34
Transferred:           27 / 28, 96%
Elapsed time:      4m46.9s
Transferring:
 *                             model.safetensors:  1% /2.875Gi, 8.750Mi/s, 5m32sTransferred:   	  520.917 MiB / 3.345 GiB, 15%, 2.742 MiB/s, ETA 17m39s
Errors:                 3 (retrying may help)
Checks:                 0 / 0, -, Listed 34
Transferred:           27 / 28, 96%
Elapsed time:      4m47.4s
Transferring:
 *                             model.safetensors:  1% /2.875Gi, 8.750Mi/s, 5m31sTransferred:   	  521.323 MiB / 3.345 GiB, 15%, 2.742 MiB/s, ETA 17m39s
Errors:                 3 (retrying may help)
Checks:                 0 / 0, -, Listed 34
Transferred:           27 / 28, 96%
Elapsed time:      4m47.9s
Transferring:
 *                             model.safetensors:  1% /2.875Gi, 8.000Mi/s, 6m3sTransferred:   	  521.323 MiB / 3.345 GiB, 15%, 2.711 MiB/s, ETA 17m51s
Errors:                 3 (retrying may help)
Checks:                 0 / 0, -, Listed 34
Transferred:           27 / 28, 96%
Elapsed time:      4m48.4s
Transferring:
 *                             model.safetensors:  1% /2.875Gi, 8.000Mi/s, 6m3sTransferred:   	  521.323 MiB / 3.345 GiB, 15%, 2.711 MiB/s, ETA 17m51s
Errors:                 3 (retrying may help)
Checks:                 0 / 0, -, Listed 34
Transferred:           27 / 28, 96%
Elapsed time:      4m48.9s
Transferring:
 *                             model.safetensors:  1% /2.875Gi, 6.666Mi/s, 7m15sTransferred:   	  526.323 MiB / 3.345 GiB, 15%, 2.542 MiB/s, ETA 19m
Errors:                 3 (retrying may help)
Checks:                 0 / 0, -, Listed 34
Transferred:           27 / 28, 96%
Elapsed time:      4m49.4s
Transferring:
 *                             model.safetensors:  1% /2.875Gi, 6.666Mi/s, 7m14sTransferred:   	  526.323 MiB / 3.345 GiB, 15%, 2.542 MiB/s, ETA 19m
Errors:                 3 (retrying may help)
Checks:                 0 / 0, -, Listed 34
Transferred:           27 / 28, 96%
Elapsed time:      4m49.9s
Transferring:
 *                             model.safetensors:  1% /2.875Gi, 6.428Mi/s, 7m31sTransferred:   	  528.511 MiB / 3.345 GiB, 15%, 2.695 MiB/s, ETA 17m54s
Errors:                 3 (retrying may help)
Checks:                 0 / 0, -, Listed 34
Transferred:           27 / 28, 96%
Elapsed time:      4m50.4s
Transferring:
 *                             model.safetensors:  1% /2.875Gi, 6.428Mi/s, 7m30sTransferred:   	  534.417 MiB / 3.345 GiB, 16%, 2.695 MiB/s, ETA 17m52s
Errors:                 3 (retrying may help)
Checks:                 0 / 0, -, Listed 34
Transferred:           27 / 28, 96%
Elapsed time:      4m50.9s
Transferring:
 *                             model.safetensors:  1% /2.875Gi, 6.562Mi/s, 7m20sTransferred:   	  538.823 MiB / 3.345 GiB, 16%, 3.033 MiB/s, ETA 15m51s
Errors:                 3 (retrying may help)
Checks:                 0 / 0, -, Listed 34
Transferred:           27 / 28, 96%
Elapsed time:      4m51.4s
Transferring:
 *                             model.safetensors:  1% /2.875Gi, 6.562Mi/s, 7m19sTransferred:   	  541.042 MiB / 3.345 GiB, 16%, 3.033 MiB/s, ETA 15m51s
Errors:                 3 (retrying may help)
Checks:                 0 / 0, -, Listed 34
Transferred:           27 / 28, 96%
Elapsed time:      4m51.9s
Transferring:
 *                             model.safetensors:  2% /2.875Gi, 6.576Mi/s, 7m18sTransferred:   	  541.323 MiB / 3.345 GiB, 16%, 3.257 MiB/s, ETA 14m45s
Errors:                 3 (retrying may help)
Checks:                 0 / 0, -, Listed 34
Transferred:           27 / 28, 96%
Elapsed time:      4m52.4s
Transferring:
 *                             model.safetensors:  2% /2.875Gi, 6.576Mi/s, 7m18sTransferred:   	  541.323 MiB / 3.345 GiB, 16%, 3.257 MiB/s, ETA 14m45s
Errors:                 3 (retrying may help)
Checks:                 0 / 0, -, Listed 34
Transferred:           27 / 28, 96%
Elapsed time:      4m52.9s
Transferring:
 *                             model.safetensors:  2% /2.875Gi, 6.000Mi/s, 8m0sTransferred:   	  543.979 MiB / 3.345 GiB, 16%, 3.071 MiB/s, ETA 15m38s
Errors:                 3 (retrying may help)
Checks:                 0 / 0, -, Listed 34
Transferred:           27 / 28, 96%
Elapsed time:      4m53.4s
Transferring:
 *                             model.safetensors:  2% /2.875Gi, 6.000Mi/s, 8m0sTransferred:   	  546.323 MiB / 3.345 GiB, 16%, 3.071 MiB/s, ETA 15m37s
Errors:                 3 (retrying may help)
Checks:                 0 / 0, -, Listed 34
Transferred:           27 / 28, 96%
Elapsed time:      4m53.9s
Transferring:
 *                             model.safetensors:  2% /2.875Gi, 5.835Mi/s, 8m13sTransferred:   	  546.323 MiB / 3.345 GiB, 16%, 3.192 MiB/s, ETA 15m2s
Errors:                 3 (retrying may help)
Checks:                 0 / 0, -, Listed 34
Transferred:           27 / 28, 96%
Elapsed time:      4m54.4s
Transferring:
 *                             model.safetensors:  2% /2.875Gi, 5.835Mi/s, 8m13sTransferred:   	  549.636 MiB / 3.345 GiB, 16%, 3.192 MiB/s, ETA 15m1s
Errors:                 3 (retrying may help)
Checks:                 0 / 0, -, Listed 34
Transferred:           27 / 28, 96%
Elapsed time:      4m54.9s
Transferring:
 *                             model.safetensors:  2% /2.875Gi, 5.693Mi/s, 8m25sTransferred:   	  551.323 MiB / 3.345 GiB, 16%, 3.199 MiB/s, ETA 14m58s
Errors:                 3 (retrying may help)
Checks:                 0 / 0, -, Listed 34
Transferred:           27 / 28, 96%
Elapsed time:      4m55.4s
Transferring:
 *                             model.safetensors:  2% /2.875Gi, 5.693Mi/s, 8m24sTransferred:   	  551.323 MiB / 3.345 GiB, 16%, 3.199 MiB/s, ETA 14m58s
Errors:                 3 (retrying may help)
Checks:                 0 / 0, -, Listed 34
Transferred:           27 / 28, 96%
Elapsed time:      4m55.9s
Transferring:
 *                             model.safetensors:  2% /2.875Gi, 5.384Mi/s, 8m53sTransferred:   	  551.323 MiB / 3.345 GiB, 16%, 3.105 MiB/s, ETA 15m25s
Errors:                 3 (retrying may help)
Checks:                 0 / 0, -, Listed 34
Transferred:           27 / 28, 96%
Elapsed time:      4m56.4s
Transferring:
 *                             model.safetensors:  2% /2.875Gi, 5.384Mi/s, 8m53sTransferred:   	  551.323 MiB / 3.345 GiB, 16%, 3.105 MiB/s, ETA 15m25s
Errors:                 3 (retrying may help)
Checks:                 0 / 0, -, Listed 34
Transferred:           27 / 28, 96%
Elapsed time:      4m56.9s
Transferring:
 *                             model.safetensors:  2% /2.875Gi, 5.000Mi/s, 9m34sTransferred:   	  551.323 MiB / 3.345 GiB, 16%, 2.911 MiB/s, ETA 16m27s
Errors:                 3 (retrying may help)
Checks:                 0 / 0, -, Listed 34
Transferred:           27 / 28, 96%
Elapsed time:      4m57.4s
Transferring:
 *                             model.safetensors:  2% /2.875Gi, 5.000Mi/s, 9m34sTransferred:   	  558.542 MiB / 3.345 GiB, 16%, 3.180 MiB/s, ETA 15m1s
Errors:                 3 (retrying may help)
Checks:                 0 / 0, -, Listed 34
Transferred:           27 / 28, 96%
Elapsed time:      4m58.0s
Transferring:
 *                             model.safetensors:  2% /2.875Gi, 4.896Mi/s, 9m45sTransferred:   	  561.323 MiB / 3.345 GiB, 16%, 3.180 MiB/s, ETA 15m
Errors:                 3 (retrying may help)
Checks:                 0 / 0, -, Listed 34
Transferred:           27 / 28, 96%
Elapsed time:      4m58.4s
Transferring:
 *                             model.safetensors:  2% /2.875Gi, 4.896Mi/s, 9m45sTransferred:   	  561.323 MiB / 3.345 GiB, 16%, 3.180 MiB/s, ETA 15m
Errors:                 3 (retrying may help)
Checks:                 0 / 0, -, Listed 34
Transferred:           27 / 28, 96%
Elapsed time:      4m58.9s
Transferring:
 *                             model.safetensors:  2% /2.875Gi, 5.000Mi/s, 9m32sTransferred:   	  566.073 MiB / 3.345 GiB, 17%, 3.155 MiB/s, ETA 15m6s
Errors:                 3 (retrying may help)
Checks:                 0 / 0, -, Listed 34
Transferred:           27 / 28, 96%
Elapsed time:      4m59.4s
Transferring:
 *                             model.safetensors:  2% /2.875Gi, 5.000Mi/s, 9m31sTransferred:   	  566.323 MiB / 3.345 GiB, 17%, 3.155 MiB/s, ETA 15m6s
Errors:                 3 (retrying may help)
Checks:                 0 / 0, -, Listed 34
Transferred:           27 / 28, 96%
Elapsed time:      4m59.9s
Transferring:
 *                             model.safetensors:  2% /2.875Gi, 5.000Mi/s, 9m31sTransferred:   	  566.323 MiB / 3.345 GiB, 17%, 3.270 MiB/s, ETA 14m34s
Errors:                 3 (retrying may help)
Checks:                 0 / 0, -, Listed 34
Transferred:           27 / 28, 96%
Elapsed time:       5m0.4s
Transferring:
 *                             model.safetensors:  2% /2.875Gi, 5.000Mi/s, 9m31sTransferred:   	  566.323 MiB / 3.345 GiB, 17%, 3.270 MiB/s, ETA 14m34s
Errors:                 3 (retrying may help)
Checks:                 0 / 0, -, Listed 34
Transferred:           27 / 28, 96%
Elapsed time:       5m0.9s
Transferring:
 *                             model.safetensors:  2% /2.875Gi, 4.687Mi/s, 10m10Transferred:   	  566.323 MiB / 3.345 GiB, 17%, 3.066 MiB/s, ETA 15m32s
Errors:                 3 (retrying may help)
Checks:                 0 / 0, -, Listed 34
Transferred:           27 / 28, 96%
Elapsed time:       5m1.4s
Transferring:
 *                             model.safetensors:  2% /2.875Gi, 4.687Mi/s, 10m10Transferred:   	  566.323 MiB / 3.345 GiB, 17%, 3.066 MiB/s, ETA 15m32s
Errors:                 3 (retrying may help)
Checks:                 0 / 0, -, Listed 34
Transferred:           27 / 28, 96%
Elapsed time:       5m1.9s
Transferring:
 *                             model.safetensors:  2% /2.875Gi, 4.394Mi/s, 10m50Transferred:   	  566.323 MiB / 3.345 GiB, 17%, 2.874 MiB/s, ETA 16m34s
Errors:                 3 (retrying may help)
Checks:                 0 / 0, -, Listed 34
Transferred:           27 / 28, 96%
Elapsed time:       5m2.4s
Transferring:
 *                             model.safetensors:  2% /2.875Gi, 4.394Mi/s, 10m50Transferred:   	  566.323 MiB / 3.345 GiB, 17%, 2.874 MiB/s, ETA 16m34s
Errors:                 3 (retrying may help)
Checks:                 0 / 0, -, Listed 34
Transferred:           27 / 28, 96%
Elapsed time:       5m2.9s
Transferring:
 *                             model.safetensors:  2% /2.875Gi, 4.120Mi/s, 11m34Transferred:   	  566.323 MiB / 3.345 GiB, 17%, 2.695 MiB/s, ETA 17m41s
Errors:                 3 (retrying may help)
Checks:                 0 / 0, -, Listed 34
Transferred:           27 / 28, 96%
Elapsed time:       5m3.4s
Transferring:
 *                             model.safetensors:  2% /2.875Gi, 4.120Mi/s, 11m34Transferred:   	  566.323 MiB / 3.345 GiB, 17%, 2.695 MiB/s, ETA 17m41s
Errors:                 3 (retrying may help)
Checks:                 0 / 0, -, Listed 34
Transferred:           27 / 28, 96%
Elapsed time:       5m3.9s
Transferring:
 *                             model.safetensors:  2% /2.875Gi, 3.862Mi/s, 12m20Transferred:   	  571.323 MiB / 3.345 GiB, 17%, 2.526 MiB/s, ETA 18m49s
Errors:                 3 (retrying may help)
Checks:                 0 / 0, -, Listed 34
Transferred:           27 / 28, 96%
Elapsed time:       5m4.4s
Transferring:
 *                             model.safetensors:  3% /2.875Gi, 3.862Mi/s, 12m19Transferred:   	  571.323 MiB / 3.345 GiB, 17%, 2.526 MiB/s, ETA 18m49s
Errors:                 3 (retrying may help)
Checks:                 0 / 0, -, Listed 34
Transferred:           27 / 28, 96%
Elapsed time:       5m4.9s
Transferring:
 *                             model.safetensors:  3% /2.875Gi, 3.933Mi/s, 12m5sTransferred:   	  571.323 MiB / 3.345 GiB, 17%, 2.681 MiB/s, ETA 17m44s
Errors:                 3 (retrying may help)
Checks:                 0 / 0, -, Listed 34
Transferred:           27 / 28, 96%
Elapsed time:       5m5.4s
Transferring:
 *                             model.safetensors:  3% /2.875Gi, 3.933Mi/s, 12m5sTransferred:   	  571.323 MiB / 3.345 GiB, 17%, 2.681 MiB/s, ETA 17m44s
Errors:                 3 (retrying may help)
Checks:                 0 / 0, -, Listed 34
Transferred:           27 / 28, 96%
Elapsed time:       5m5.9s
Transferring:
 *                             model.safetensors:  3% /2.875Gi, 3.688Mi/s, 12m54Transferred:   	  571.323 MiB / 3.345 GiB, 17%, 2.513 MiB/s, ETA 18m55s
Errors:                 3 (retrying may help)
Checks:                 0 / 0, -, Listed 34
Transferred:           27 / 28, 96%
Elapsed time:       5m6.4s
Transferring:
 *                             model.safetensors:  3% /2.875Gi, 3.688Mi/s, 12m54Transferred:   	  576.323 MiB / 3.345 GiB, 17%, 2.513 MiB/s, ETA 18m53s
Errors:                 3 (retrying may help)
Checks:                 0 / 0, -, Listed 34
Transferred:           27 / 28, 96%
Elapsed time:       5m6.9s
Transferring:
 *                             model.safetensors:  3% /2.875Gi, 3.686Mi/s, 12m53Transferred:   	  576.323 MiB / 3.345 GiB, 17%, 2.669 MiB/s, ETA 17m47s
Errors:                 3 (retrying may help)
Checks:                 0 / 0, -, Listed 34
Transferred:           27 / 28, 96%
Elapsed time:       5m7.4s
Transferring:
 *                             model.safetensors:  3% /2.875Gi, 3.686Mi/s, 12m53Transferred:   	  576.323 MiB / 3.345 GiB, 17%, 2.669 MiB/s, ETA 17m47s
Errors:                 3 (retrying may help)
Checks:                 0 / 0, -, Listed 34
Transferred:           27 / 28, 96%
Elapsed time:       5m7.9s
Transferring:
 *                             model.safetensors:  3% /2.875Gi, 3.539Mi/s, 13m25Transferred:   	  576.323 MiB / 3.345 GiB, 17%, 2.502 MiB/s, ETA 18m58s
Errors:                 3 (retrying may help)
Checks:                 0 / 0, -, Listed 34
Transferred:           27 / 28, 96%
Elapsed time:       5m8.4s
Transferring:
 *                             model.safetensors:  3% /2.875Gi, 3.539Mi/s, 13m25Transferred:   	  576.323 MiB / 3.345 GiB, 17%, 2.502 MiB/s, ETA 18m58s
Errors:                 3 (retrying may help)
Checks:                 0 / 0, -, Listed 34
Transferred:           27 / 28, 96%
Elapsed time:       5m8.9s
Transferring:
 *                             model.safetensors:  3% /2.875Gi, 3.318Mi/s, 14m18Transferred:   	  576.323 MiB / 3.345 GiB, 17%, 2.346 MiB/s, ETA 20m14s
Errors:                 3 (retrying may help)
Checks:                 0 / 0, -, Listed 34
Transferred:           27 / 28, 96%
Elapsed time:       5m9.4s
Transferring:
 *                             model.safetensors:  3% /2.875Gi, 3.318Mi/s, 14m18Transferred:   	  576.323 MiB / 3.345 GiB, 17%, 2.346 MiB/s, ETA 20m14s
Errors:                 3 (retrying may help)
Checks:                 0 / 0, -, Listed 34
Transferred:           27 / 28, 96%
Elapsed time:       5m9.9s
Transferring:
 *                             model.safetensors:  3% /2.875Gi, 3.111Mi/s, 15m16Transferred:   	  576.323 MiB / 3.345 GiB, 17%, 2.199 MiB/s, ETA 21m35s
Errors:                 3 (retrying may help)
Checks:                 0 / 0, -, Listed 34
Transferred:           27 / 28, 96%
Elapsed time:      5m10.4s
Transferring:
 *                             model.safetensors:  3% /2.875Gi, 3.111Mi/s, 15m16Transferred:   	  576.323 MiB / 3.345 GiB, 17%, 2.199 MiB/s, ETA 21m35s
Errors:                 3 (retrying may help)
Checks:                 0 / 0, -, Listed 34
Transferred:           27 / 28, 96%
Elapsed time:      5m10.9s
Transferring:
 *                             model.safetensors:  3% /2.875Gi, 2.916Mi/s, 16m17Transferred:   	  576.323 MiB / 3.345 GiB, 17%, 2.062 MiB/s, ETA 23m2s
Errors:                 3 (retrying may help)
Checks:                 0 / 0, -, Listed 34
Transferred:           27 / 28, 96%
Elapsed time:      5m11.4s
Transferring:
 *                             model.safetensors:  3% /2.875Gi, 2.916Mi/s, 16m17Transferred:   	  576.323 MiB / 3.345 GiB, 17%, 2.062 MiB/s, ETA 23m2s
Errors:                 3 (retrying may help)
Checks:                 0 / 0, -, Listed 34
Transferred:           27 / 28, 96%
Elapsed time:      5m11.9s
Transferring:
 *                             model.safetensors:  3% /2.875Gi, 2.734Mi/s, 17m22Transferred:   	  576.323 MiB / 3.345 GiB, 17%, 1.933 MiB/s, ETA 24m34s
Errors:                 3 (retrying may help)
Checks:                 0 / 0, -, Listed 34
Transferred:           27 / 28, 96%
Elapsed time:      5m12.4s
Transferring:
 *                             model.safetensors:  3% /2.875Gi, 2.734Mi/s, 17m22Transferred:   	  581.042 MiB / 3.345 GiB, 17%, 1.933 MiB/s, ETA 24m31s
Errors:                 3 (retrying may help)
Checks:                 0 / 0, -, Listed 34
Transferred:           27 / 28, 96%
Elapsed time:      5m12.9s
Transferring:
 *                             model.safetensors:  3% /2.875Gi, 2.563Mi/s, 18m29Transferred:   	  581.323 MiB / 3.345 GiB, 17%, 2.107 MiB/s, ETA 22m30s
Errors:                 3 (retrying may help)
Checks:                 0 / 0, -, Listed 34
Transferred:           27 / 28, 96%
Elapsed time:      5m13.4s
Transferring:
 *                             model.safetensors:  3% /2.875Gi, 2.563Mi/s, 18m29Transferred:   	  581.323 MiB / 3.345 GiB, 17%, 2.107 MiB/s, ETA 22m30s
Errors:                 3 (retrying may help)
Checks:                 0 / 0, -, Listed 34
Transferred:           27 / 28, 96%
Elapsed time:      5m13.9s
Transferring:
 *                             model.safetensors:  3% /2.875Gi, 2.715Mi/s, 17m27Transferred:   	  581.323 MiB / 3.345 GiB, 17%, 1.993 MiB/s, ETA 23m47s
Errors:                 3 (retrying may help)
Checks:                 0 / 0, -, Listed 34
Transferred:           27 / 28, 96%
Elapsed time:      5m14.4s
Transferring:
 *                             model.safetensors:  3% /2.875Gi, 2.715Mi/s, 17m27Transferred:   	  581.323 MiB / 3.345 GiB, 17%, 1.993 MiB/s, ETA 23m47s
Errors:                 3 (retrying may help)
Checks:                 0 / 0, -, Listed 34
Transferred:           27 / 28, 96%
Elapsed time:      5m14.9s
Transferring:
 *                             model.safetensors:  3% /2.875Gi, 2.546Mi/s, 18m37Transferred:   	  581.323 MiB / 3.345 GiB, 17%, 1.868 MiB/s, ETA 25m22s
Errors:                 3 (retrying may help)
Checks:                 0 / 0, -, Listed 34
Transferred:           27 / 28, 96%
Elapsed time:      5m15.4s
Transferring:
 *                             model.safetensors:  3% /2.875Gi, 2.546Mi/s, 18m37Transferred:   	  581.323 MiB / 3.345 GiB, 17%, 1.868 MiB/s, ETA 25m22s
Errors:                 3 (retrying may help)
Checks:                 0 / 0, -, Listed 34
Transferred:           27 / 28, 96%
Elapsed time:      5m15.9s
Transferring:
 *                             model.safetensors:  3% /2.875Gi, 2.387Mi/s, 19m51Transferred:   	  581.323 MiB / 3.345 GiB, 17%, 1.751 MiB/s, ETA 27m4s
Errors:                 3 (retrying may help)
Checks:                 0 / 0, -, Listed 34
Transferred:           27 / 28, 96%
Elapsed time:      5m16.4s
Transferring:
 *                             model.safetensors:  3% /2.875Gi, 2.387Mi/s, 19m51Transferred:   	  581.323 MiB / 3.345 GiB, 17%, 1.751 MiB/s, ETA 27m4s
Errors:                 3 (retrying may help)
Checks:                 0 / 0, -, Listed 34
Transferred:           27 / 28, 96%
Elapsed time:      5m16.9s
Transferring:
 *                             model.safetensors:  3% /2.875Gi, 2.237Mi/s, 21m11Transferred:   	  581.323 MiB / 3.345 GiB, 17%, 1.642 MiB/s, ETA 28m52s
Errors:                 3 (retrying may help)
Checks:                 0 / 0, -, Listed 34
Transferred:           27 / 28, 96%
Elapsed time:      5m17.4s
Transferring:
 *                             model.safetensors:  3% /2.875Gi, 2.237Mi/s, 21m11Transferred:   	  581.323 MiB / 3.345 GiB, 17%, 1.642 MiB/s, ETA 28m52s
Errors:                 3 (retrying may help)
Checks:                 0 / 0, -, Listed 34
Transferred:           27 / 28, 96%
Elapsed time:      5m17.9s
Transferring:
 *                             model.safetensors:  3% /2.875Gi, 2.098Mi/s, 22m36Transferred:   	  581.323 MiB / 3.345 GiB, 17%, 1.539 MiB/s, ETA 30m47s
Errors:                 3 (retrying may help)
Checks:                 0 / 0, -, Listed 34
Transferred:           27 / 28, 96%
Elapsed time:      5m18.4s
Transferring:
 *                             model.safetensors:  3% /2.875Gi, 2.098Mi/s, 22m36Transferred:   	  581.323 MiB / 3.345 GiB, 17%, 1.539 MiB/s, ETA 30m47s
Errors:                 3 (retrying may help)
Checks:                 0 / 0, -, Listed 34
Transferred:           27 / 28, 96%
Elapsed time:      5m18.9s
Transferring:
 *                             model.safetensors:  3% /2.875Gi, 1.966Mi/s, 24m6sTransferred:   	  581.323 MiB / 3.345 GiB, 17%, 1.443 MiB/s, ETA 32m51s
Errors:                 3 (retrying may help)
Checks:                 0 / 0, -, Listed 34
Transferred:           27 / 28, 96%
Elapsed time:      5m19.4s
Transferring:
 *                             model.safetensors:  3% /2.875Gi, 1.966Mi/s, 24m6sTransferred:   	  586.323 MiB / 3.345 GiB, 17%, 1.443 MiB/s, ETA 32m47s
Errors:                 3 (retrying may help)
Checks:                 0 / 0, -, Listed 34
Transferred:           27 / 28, 96%
Elapsed time:      5m19.9s
Transferring:
 *                             model.safetensors:  3% /2.875Gi, 1.844Mi/s, 25m40Transferred:   	  586.323 MiB / 3.345 GiB, 17%, 1.665 MiB/s, ETA 28m24s
Errors:                 3 (retrying may help)
Checks:                 0 / 0, -, Listed 34
Transferred:           27 / 28, 96%
Elapsed time:      5m20.4s
Transferring:
 *                             model.safetensors:  3% /2.875Gi, 1.844Mi/s, 25m40Transferred:   	  586.323 MiB / 3.345 GiB, 17%, 1.665 MiB/s, ETA 28m24s
Errors:                 3 (retrying may help)
Checks:                 0 / 0, -, Listed 34
Transferred:           27 / 28, 96%
Elapsed time:      5m20.9s
Transferring:
 *                             model.safetensors:  3% /2.875Gi, 2.041Mi/s, 23m11Transferred:   	  586.323 MiB / 3.345 GiB, 17%, 1.561 MiB/s, ETA 30m18s
Errors:                 3 (retrying may help)
Checks:                 0 / 0, -, Listed 34
Transferred:           27 / 28, 96%
Elapsed time:      5m21.4s
Transferring:
 *                             model.safetensors:  3% /2.875Gi, 2.041Mi/s, 23m11Transferred:   	  586.323 MiB / 3.345 GiB, 17%, 1.561 MiB/s, ETA 30m18s
Errors:                 3 (retrying may help)
Checks:                 0 / 0, -, Listed 34
Transferred:           27 / 28, 96%
Elapsed time:      5m21.9s
Transferring:
 *                             model.safetensors:  3% /2.875Gi, 1.913Mi/s, 24m44Transferred:   	  586.323 MiB / 3.345 GiB, 17%, 1.464 MiB/s, ETA 32m19s
Errors:                 3 (retrying may help)
Checks:                 0 / 0, -, Listed 34
Transferred:           27 / 28, 96%
Elapsed time:      5m22.4s
Transferring:
 *                             model.safetensors:  3% /2.875Gi, 1.913Mi/s, 24m44Transferred:   	  586.323 MiB / 3.345 GiB, 17%, 1.464 MiB/s, ETA 32m19s
Errors:                 3 (retrying may help)
Checks:                 0 / 0, -, Listed 34
Transferred:           27 / 28, 96%
Elapsed time:      5m22.9s
Transferring:
 *                             model.safetensors:  3% /2.875Gi, 1.794Mi/s, 26m22Transferred:   	  586.323 MiB / 3.345 GiB, 17%, 1.372 MiB/s, ETA 34m29s
Errors:                 3 (retrying may help)
Checks:                 0 / 0, -, Listed 34
Transferred:           27 / 28, 96%
Elapsed time:      5m23.4s
Transferring:
 *                             model.safetensors:  3% /2.875Gi, 1.794Mi/s, 26m22Transferred:   	  586.323 MiB / 3.345 GiB, 17%, 1.372 MiB/s, ETA 34m29s
Errors:                 3 (retrying may help)
Checks:                 0 / 0, -, Listed 34
Transferred:           27 / 28, 96%
Elapsed time:      5m23.9s
Transferring:
 *                             model.safetensors:  3% /2.875Gi, 1.682Mi/s, 28m8sTransferred:   	  586.323 MiB / 3.345 GiB, 17%, 1.287 MiB/s, ETA 36m47s
Errors:                 3 (retrying may help)
Checks:                 0 / 0, -, Listed 34
Transferred:           27 / 28, 96%
Elapsed time:      5m24.4s
Transferring:
 *                             model.safetensors:  3% /2.875Gi, 1.682Mi/s, 28m8sTransferred:   	  586.323 MiB / 3.345 GiB, 17%, 1.287 MiB/s, ETA 36m47s
Errors:                 3 (retrying may help)
Checks:                 0 / 0, -, Listed 34
Transferred:           27 / 28, 96%
Elapsed time:      5m24.9s
Transferring:
 *                             model.safetensors:  3% /2.875Gi, 1.577Mi/s, 30m1sTransferred:   	  586.323 MiB / 3.345 GiB, 17%, 1.206 MiB/s, ETA 39m14s
Errors:                 3 (retrying may help)
Checks:                 0 / 0, -, Listed 34
Transferred:           27 / 28, 96%
Elapsed time:      5m25.4s
Transferring:
 *                             model.safetensors:  3% /2.875Gi, 1.577Mi/s, 30m1sTransferred:   	  591.323 MiB / 3.345 GiB, 17%, 1.206 MiB/s, ETA 39m10s
Errors:                 3 (retrying may help)
Checks:                 0 / 0, -, Listed 34
Transferred:           27 / 28, 96%
Elapsed time:      5m25.9s
Transferring:
 *                             model.safetensors:  3% /2.875Gi, 1.790Mi/s, 26m23Transferred:   	  591.323 MiB / 3.345 GiB, 17%, 1.443 MiB/s, ETA 32m43s
Errors:                 3 (retrying may help)
Checks:                 0 / 0, -, Listed 34
Transferred:           27 / 28, 96%
Elapsed time:      5m26.4s
Transferring:
 *                             model.safetensors:  3% /2.875Gi, 1.790Mi/s, 26m23Transferred:   	  591.323 MiB / 3.345 GiB, 17%, 1.443 MiB/s, ETA 32m43s
Errors:                 3 (retrying may help)
Checks:                 0 / 0, -, Listed 34
Transferred:           27 / 28, 96%
Elapsed time:      5m26.9s
Transferring:
 *                             model.safetensors:  3% /2.875Gi, 1.679Mi/s, 28m8sTransferred:   	  591.323 MiB / 3.345 GiB, 17%, 1.353 MiB/s, ETA 34m54s
Errors:                 3 (retrying may help)
Checks:                 0 / 0, -, Listed 34
Transferred:           27 / 28, 96%
Elapsed time:      5m27.4s
Transferring:
 *                             model.safetensors:  3% /2.875Gi, 1.679Mi/s, 28m8sTransferred:   	  596.323 MiB / 3.345 GiB, 17%, 1.353 MiB/s, ETA 34m51s
Errors:                 3 (retrying may help)
Checks:                 0 / 0, -, Listed 34
Transferred:           27 / 28, 96%
Elapsed time:      5m27.9s
Transferring:
 *                             model.safetensors:  3% /2.875Gi, 1.574Mi/s, 29m57Transferred:   	  596.323 MiB / 3.345 GiB, 17%, 1.581 MiB/s, ETA 29m49s
Errors:                 3 (retrying may help)
Checks:                 0 / 0, -, Listed 34
Transferred:           27 / 28, 96%
Elapsed time:      5m28.4s
Transferring:
 *                             model.safetensors:  3% /2.875Gi, 1.574Mi/s, 29m57Transferred:   	  596.323 MiB / 3.345 GiB, 17%, 1.581 MiB/s, ETA 29m49s
Errors:                 3 (retrying may help)
Checks:                 0 / 0, -, Listed 34
Transferred:           27 / 28, 96%
Elapsed time:      5m28.9s
Transferring:
 *                             model.safetensors:  3% /2.875Gi, 1.788Mi/s, 26m22Transferred:   	  596.323 MiB / 3.345 GiB, 17%, 1.482 MiB/s, ETA 31m49s
Errors:                 3 (retrying may help)
Checks:                 0 / 0, -, Listed 34
Transferred:           27 / 28, 96%
Elapsed time:      5m29.4s
Transferring:
 *                             model.safetensors:  3% /2.875Gi, 1.788Mi/s, 26m22Transferred:   	  596.323 MiB / 3.345 GiB, 17%, 1.482 MiB/s, ETA 31m49s
Errors:                 3 (retrying may help)
Checks:                 0 / 0, -, Listed 34
Transferred:           27 / 28, 96%
Elapsed time:      5m29.9s
Transferring:
 *                             model.safetensors:  3% /2.875Gi, 1.676Mi/s, 28m8sTransferred:   	  596.323 MiB / 3.345 GiB, 17%, 1.390 MiB/s, ETA 33m56s
Errors:                 3 (retrying may help)
Checks:                 0 / 0, -, Listed 34
Transferred:           27 / 28, 96%
Elapsed time:      5m30.4s
Transferring:
 *                             model.safetensors:  3% /2.875Gi, 1.676Mi/s, 28m8sTransferred:   	  596.323 MiB / 3.345 GiB, 17%, 1.390 MiB/s, ETA 33m56s
Errors:                 3 (retrying may help)
Checks:                 0 / 0, -, Listed 34
Transferred:           27 / 28, 96%
Elapsed time:      5m30.9s
Transferring:
 *                             model.safetensors:  3% /2.875Gi, 1.571Mi/s, 30m0sTransferred:   	  596.323 MiB / 3.345 GiB, 17%, 1.303 MiB/s, ETA 36m12s
Errors:                 3 (retrying may help)
Checks:                 0 / 0, -, Listed 34
Transferred:           27 / 28, 96%
Elapsed time:      5m31.4s
Transferring:
 *                             model.safetensors:  3% /2.875Gi, 1.571Mi/s, 30m0sTransferred:   	  596.323 MiB / 3.345 GiB, 17%, 1.303 MiB/s, ETA 36m12s
Errors:                 3 (retrying may help)
Checks:                 0 / 0, -, Listed 34
Transferred:           27 / 28, 96%
Elapsed time:      5m31.9s
Transferring:
 *                             model.safetensors:  3% /2.875Gi, 1.473Mi/s, 32m0sTransferred:   	  596.323 MiB / 3.345 GiB, 17%, 1.221 MiB/s, ETA 38m36s
Errors:                 3 (retrying may help)
Checks:                 0 / 0, -, Listed 34
Transferred:           27 / 28, 96%
Elapsed time:      5m32.4s
Transferring:
 *                             model.safetensors:  3% /2.875Gi, 1.473Mi/s, 32m0sTransferred:   	  596.323 MiB / 3.345 GiB, 17%, 1.221 MiB/s, ETA 38m36s
Errors:                 3 (retrying may help)
Checks:                 0 / 0, -, Listed 34
Transferred:           27 / 28, 96%
Elapsed time:      5m32.9s
Transferring:
 *                             model.safetensors:  3% /2.875Gi, 1.381Mi/s, 34m8sTransferred:   	  596.323 MiB / 3.345 GiB, 17%, 1.145 MiB/s, ETA 41m11s
Errors:                 3 (retrying may help)
Checks:                 0 / 0, -, Listed 34
Transferred:           27 / 28, 96%
Elapsed time:      5m33.4s
Transferring:
 *                             model.safetensors:  3% /2.875Gi, 1.381Mi/s, 34m8sTransferred:   	  596.323 MiB / 3.345 GiB, 17%, 1.145 MiB/s, ETA 41m11s
Errors:                 3 (retrying may help)
Checks:                 0 / 0, -, Listed 34
Transferred:           27 / 28, 96%
Elapsed time:      5m33.9s
Transferring:
 *                             model.safetensors:  3% /2.875Gi, 1.295Mi/s, 36m25Transferred:   	  596.323 MiB / 3.345 GiB, 17%, 1.073 MiB/s, ETA 43m56s
Errors:                 3 (retrying may help)
Checks:                 0 / 0, -, Listed 34
Transferred:           27 / 28, 96%
Elapsed time:      5m34.4s
Transferring:
 *                             model.safetensors:  3% /2.875Gi, 1.295Mi/s, 36m25Transferred:   	  601.323 MiB / 3.345 GiB, 18%, 1.073 MiB/s, ETA 43m51s
Errors:                 3 (retrying may help)
Checks:                 0 / 0, -, Listed 34
Transferred:           27 / 28, 96%
Elapsed time:      5m34.9s
Transferring:
 *                             model.safetensors:  4% /2.875Gi, 1.511Mi/s, 31m9sTransferred:   	  601.323 MiB / 3.345 GiB, 18%, 1.319 MiB/s, ETA 35m41s
Errors:                 3 (retrying may help)
Checks:                 0 / 0, -, Listed 34
Transferred:           27 / 28, 96%
Elapsed time:      5m35.4s
Transferring:
 *                             model.safetensors:  4% /2.875Gi, 1.511Mi/s, 31m9sTransferred:   	  601.323 MiB / 3.345 GiB, 18%, 1.319 MiB/s, ETA 35m41s
Errors:                 3 (retrying may help)
Checks:                 0 / 0, -, Listed 34
Transferred:           27 / 28, 96%
Elapsed time:      5m35.9s
Transferring:
 *                             model.safetensors:  4% /2.875Gi, 1.432Mi/s, 32m52Transferred:   	  601.323 MiB / 3.345 GiB, 18%, 1.236 MiB/s, ETA 38m4s
Errors:                 3 (retrying may help)
Checks:                 0 / 0, -, Listed 34
Transferred:           27 / 28, 96%
Elapsed time:      5m36.4s
Transferring:
 *                             model.safetensors:  4% /2.875Gi, 1.432Mi/s, 32m52Transferred:   	  601.323 MiB / 3.345 GiB, 18%, 1.236 MiB/s, ETA 38m4s
Errors:                 3 (retrying may help)
Checks:                 0 / 0, -, Listed 34
Transferred:           27 / 28, 96%
Elapsed time:      5m36.9s
Transferring:
 *                             model.safetensors:  4% /2.875Gi, 1.342Mi/s, 35m4sTransferred:   	  601.323 MiB / 3.345 GiB, 18%, 1.159 MiB/s, ETA 40m36s
Errors:                 3 (retrying may help)
Checks:                 0 / 0, -, Listed 34
Transferred:           27 / 28, 96%
Elapsed time:      5m37.4s
Transferring:
 *                             model.safetensors:  4% /2.875Gi, 1.342Mi/s, 35m4sTransferred:   	  601.323 MiB / 3.345 GiB, 18%, 1.159 MiB/s, ETA 40m36s
Errors:                 3 (retrying may help)
Checks:                 0 / 0, -, Listed 34
Transferred:           27 / 28, 96%
Elapsed time:      5m37.9s
Transferring:
 *                             model.safetensors:  4% /2.875Gi, 1.259Mi/s, 37m24Transferred:   	  601.323 MiB / 3.345 GiB, 18%, 1.087 MiB/s, ETA 43m19s
Errors:                 3 (retrying may help)
Checks:                 0 / 0, -, Listed 34
Transferred:           27 / 28, 96%
Elapsed time:      5m38.4s
Transferring:
 *                             model.safetensors:  4% /2.875Gi, 1.259Mi/s, 37m24Transferred:   	  601.323 MiB / 3.345 GiB, 18%, 1.087 MiB/s, ETA 43m19s
Errors:                 3 (retrying may help)
Checks:                 0 / 0, -, Listed 34
Transferred:           27 / 28, 96%
Elapsed time:      5m38.9s
Transferring:
 *                             model.safetensors:  4% /2.875Gi, 1.180Mi/s, 39m53Transferred:   	  601.323 MiB / 3.345 GiB, 18%, 1.019 MiB/s, ETA 46m12s
Errors:                 3 (retrying may help)
Checks:                 0 / 0, -, Listed 34
Transferred:           27 / 28, 96%
Elapsed time:      5m39.4s
Transferring:
 *                             model.safetensors:  4% /2.875Gi, 1.180Mi/s, 39m53Transferred:   	  601.323 MiB / 3.345 GiB, 18%, 1.019 MiB/s, ETA 46m12s
Errors:                 3 (retrying may help)
Checks:                 0 / 0, -, Listed 34
Transferred:           27 / 28, 96%
Elapsed time:      5m39.9s
Transferring:
 *                             model.safetensors:  4% /2.875Gi, 1.106Mi/s, 42m33Transferred:   	  601.323 MiB / 3.345 GiB, 18%, 977.978 KiB/s, ETA 49m17s
Errors:                 3 (retrying may help)
Checks:                 0 / 0, -, Listed 34
Transferred:           27 / 28, 96%
Elapsed time:      5m40.4s
Transferring:
 *                             model.safetensors:  4% /2.875Gi, 1.106Mi/s, 42m33Transferred:   	  601.323 MiB / 3.345 GiB, 18%, 977.978 KiB/s, ETA 49m17s
Errors:                 3 (retrying may help)
Checks:                 0 / 0, -, Listed 34
Transferred:           27 / 28, 96%
Elapsed time:      5m40.9s
Transferring:
 *                             model.safetensors:  4% /2.875Gi, 1.037Mi/s, 45m23Transferred:   	  601.323 MiB / 3.345 GiB, 18%, 916.854 KiB/s, ETA 52m34s
Errors:                 3 (retrying may help)
Checks:                 0 / 0, -, Listed 34
Transferred:           27 / 28, 96%
Elapsed time:      5m41.4s
Transferring:
 *                             model.safetensors:  4% /2.875Gi, 1.037Mi/s, 45m23Transferred:   	  601.323 MiB / 3.345 GiB, 18%, 916.854 KiB/s, ETA 52m34s
Errors:                 3 (retrying may help)
Checks:                 0 / 0, -, Listed 34
Transferred:           27 / 28, 96%
Elapsed time:      5m41.9s
Transferring:
 *                             model.safetensors:  4% /2.875Gi, 995.497Ki/s, 48mTransferred:   	  601.323 MiB / 3.345 GiB, 18%, 859.551 KiB/s, ETA 56m4s
Errors:                 3 (retrying may help)
Checks:                 0 / 0, -, Listed 34
Transferred:           27 / 28, 96%
Elapsed time:      5m42.4s
Transferring:
 *                             model.safetensors:  4% /2.875Gi, 995.497Ki/s, 48mTransferred:   	  601.323 MiB / 3.345 GiB, 18%, 859.551 KiB/s, ETA 56m4s
Errors:                 3 (retrying may help)
Checks:                 0 / 0, -, Listed 34
Transferred:           27 / 28, 96%
Elapsed time:      5m42.9s
Transferring:
 *                             model.safetensors:  4% /2.875Gi, 933.278Ki/s, 51mTransferred:   	  606.323 MiB / 3.345 GiB, 18%, 805.828 KiB/s, ETA 59m42s
Errors:                 3 (retrying may help)
Checks:                 0 / 0, -, Listed 34
Transferred:           27 / 28, 96%
Elapsed time:      5m43.4s
Transferring:
 *                             model.safetensors:  4% /2.875Gi, 933.278Ki/s, 51mTransferred:   	  606.323 MiB / 3.345 GiB, 18%, 805.828 KiB/s, ETA 59m42s
Errors:                 3 (retrying may help)
Checks:                 0 / 0, -, Listed 34
Transferred:           27 / 28, 96%
Elapsed time:      5m43.9s
Transferring:
 *                             model.safetensors:  4% /2.875Gi, 1.167Mi/s, 40m16Transferred:   	  606.323 MiB / 3.345 GiB, 18%, 1.050 MiB/s, ETA 44m44s
Errors:                 3 (retrying may help)
Checks:                 0 / 0, -, Listed 34
Transferred:           27 / 28, 96%
Elapsed time:      5m44.4s
Transferring:
 *                             model.safetensors:  4% /2.875Gi, 1.167Mi/s, 40m16Transferred:   	  606.323 MiB / 3.345 GiB, 18%, 1.050 MiB/s, ETA 44m44s
Errors:                 3 (retrying may help)
Checks:                 0 / 0, -, Listed 34
Transferred:           27 / 28, 96%
Elapsed time:      5m44.9s
Transferring:
 *                             model.safetensors:  4% /2.875Gi, 1.094Mi/s, 42m57Transferred:   	  606.323 MiB / 3.345 GiB, 18%, 1008.247 KiB/s, ETA 47m43s
Errors:                 3 (retrying may help)
Checks:                 0 / 0, -, Listed 34
Transferred:           27 / 28, 96%
Elapsed time:      5m45.4s
Transferring:
 *                             model.safetensors:  4% /2.875Gi, 1.094Mi/s, 42m57Transferred:   	  606.323 MiB / 3.345 GiB, 18%, 1008.247 KiB/s, ETA 47m43s
Errors:                 3 (retrying may help)
Checks:                 0 / 0, -, Listed 34
Transferred:           27 / 28, 96%
Elapsed time:      5m45.9s
Transferring:
 *                             model.safetensors:  4% /2.875Gi, 1.026Mi/s, 45m48Transferred:   	  606.323 MiB / 3.345 GiB, 18%, 945.231 KiB/s, ETA 50m54s
Errors:                 3 (retrying may help)
Checks:                 0 / 0, -, Listed 34
Transferred:           27 / 28, 96%
Elapsed time:      5m46.4s
Transferring:
 *                             model.safetensors:  4% /2.875Gi, 1.026Mi/s, 45m48Transferred:   	  611.323 MiB / 3.345 GiB, 18%, 945.231 KiB/s, ETA 50m48s
Errors:                 3 (retrying may help)
Checks:                 0 / 0, -, Listed 34
Transferred:           27 / 28, 96%
Elapsed time:      5m46.9s
Transferring:
 *                             model.safetensors:  4% /2.875Gi, 1.264Mi/s, 37m6sTransferred:   	  611.323 MiB / 3.345 GiB, 18%, 1.178 MiB/s, ETA 39m49s
Errors:                 3 (retrying may help)
Checks:                 0 / 0, -, Listed 34
Transferred:           27 / 28, 96%
Elapsed time:      5m47.4s
Transferring:
 *                             model.safetensors:  4% /2.875Gi, 1.264Mi/s, 37m6sTransferred:   	  611.323 MiB / 3.345 GiB, 18%, 1.178 MiB/s, ETA 39m49s
Errors:                 3 (retrying may help)
Checks:                 0 / 0, -, Listed 34
Transferred:           27 / 28, 96%
Elapsed time:      5m47.9s
Transferring:
 *                             model.safetensors:  4% /2.875Gi, 1.195Mi/s, 39m15Transferred:   	  611.323 MiB / 3.345 GiB, 18%, 1.104 MiB/s, ETA 42m28s
Errors:                 3 (retrying may help)
Checks:                 0 / 0, -, Listed 34
Transferred:           27 / 28, 96%
Elapsed time:      5m48.4s
Transferring:
 *                             model.safetensors:  4% /2.875Gi, 1.195Mi/s, 39m15Transferred:   	  611.323 MiB / 3.345 GiB, 18%, 1.104 MiB/s, ETA 42m28s
Errors:                 3 (retrying may help)
Checks:                 0 / 0, -, Listed 34
Transferred:           27 / 28, 96%
Elapsed time:      5m48.9s
Transferring:
 *                             model.safetensors:  4% /2.875Gi, 1.120Mi/s, 41m52Transferred:   	  616.323 MiB / 3.345 GiB, 18%, 1.035 MiB/s, ETA 45m13s
Errors:                 3 (retrying may help)
Checks:                 0 / 0, -, Listed 34
Transferred:           27 / 28, 96%
Elapsed time:      5m49.4s
Transferring:
 *                             model.safetensors:  4% /2.875Gi, 1.120Mi/s, 41m47Transferred:   	  616.323 MiB / 3.345 GiB, 18%, 1.035 MiB/s, ETA 45m13s
Errors:                 3 (retrying may help)
Checks:                 0 / 0, -, Listed 34
Transferred:           27 / 28, 96%
Elapsed time:      5m49.9s
Transferring:
 *                             model.safetensors:  4% /2.875Gi, 1.363Mi/s, 34m21Transferred:   	  616.323 MiB / 3.345 GiB, 18%, 1.283 MiB/s, ETA 36m29s
Errors:                 3 (retrying may help)
Checks:                 0 / 0, -, Listed 34
Transferred:           27 / 28, 96%
Elapsed time:      5m50.4s
Transferring:
 *                             model.safetensors:  4% /2.875Gi, 1.363Mi/s, 34m21Transferred:   	  616.323 MiB / 3.345 GiB, 18%, 1.283 MiB/s, ETA 36m29s
Errors:                 3 (retrying may help)
Checks:                 0 / 0, -, Listed 34
Transferred:           27 / 28, 96%
Elapsed time:      5m50.9s
Transferring:
 *                             model.safetensors:  4% /2.875Gi, 1.278Mi/s, 36m38Transferred:   	  616.323 MiB / 3.345 GiB, 18%, 1.203 MiB/s, ETA 38m55s
Errors:                 3 (retrying may help)
Checks:                 0 / 0, -, Listed 34
Transferred:           27 / 28, 96%
Elapsed time:      5m51.4s
Transferring:
 *                             model.safetensors:  4% /2.875Gi, 1.278Mi/s, 36m38Transferred:   	  616.323 MiB / 3.345 GiB, 18%, 1.203 MiB/s, ETA 38m55s
Errors:                 3 (retrying may help)
Checks:                 0 / 0, -, Listed 34
Transferred:           27 / 28, 96%
Elapsed time:      5m51.9s
Transferring:
 *                             model.safetensors:  4% /2.875Gi, 1.198Mi/s, 39m5sTransferred:   	  616.323 MiB / 3.345 GiB, 18%, 1.128 MiB/s, ETA 41m31s
Errors:                 3 (retrying may help)
Checks:                 0 / 0, -, Listed 34
Transferred:           27 / 28, 96%
Elapsed time:      5m52.4s
Transferring:
 *                             model.safetensors:  4% /2.875Gi, 1.198Mi/s, 39m5sTransferred:   	  616.323 MiB / 3.345 GiB, 18%, 1.128 MiB/s, ETA 41m31s
Errors:                 3 (retrying may help)
Checks:                 0 / 0, -, Listed 34
Transferred:           27 / 28, 96%
Elapsed time:      5m52.9s
Transferring:
 *                             model.safetensors:  4% /2.875Gi, 1.123Mi/s, 41m41Transferred:   	  616.323 MiB / 3.345 GiB, 18%, 1.057 MiB/s, ETA 44m17s
Errors:                 3 (retrying may help)
Checks:                 0 / 0, -, Listed 34
Transferred:           27 / 28, 96%
Elapsed time:      5m53.4s
Transferring:
 *                             model.safetensors:  4% /2.875Gi, 1.123Mi/s, 41m41Transferred:   	  616.323 MiB / 3.345 GiB, 18%, 1.057 MiB/s, ETA 44m17s
Errors:                 3 (retrying may help)
Checks:                 0 / 0, -, Listed 34
Transferred:           27 / 28, 96%
Elapsed time:      5m53.9s
Transferring:
 *                             model.safetensors:  4% /2.875Gi, 1.053Mi/s, 44m28Transferred:   	  616.323 MiB / 3.345 GiB, 18%, 1014.908 KiB/s, ETA 47m14s
Errors:                 3 (retrying may help)
Checks:                 0 / 0, -, Listed 34
Transferred:           27 / 28, 96%
Elapsed time:      5m54.4s
Transferring:
 *                             model.safetensors:  4% /2.875Gi, 1.053Mi/s, 44m28Transferred:   	  616.323 MiB / 3.345 GiB, 18%, 1014.908 KiB/s, ETA 47m14s
Errors:                 3 (retrying may help)
Checks:                 0 / 0, -, Listed 34
Transferred:           27 / 28, 96%
Elapsed time:      5m54.9s
Transferring:
 *                             model.safetensors:  4% /2.875Gi, 1010.625Ki/s, 47Transferred:   	  616.323 MiB / 3.345 GiB, 18%, 951.477 KiB/s, ETA 50m23s
Errors:                 3 (retrying may help)
Checks:                 0 / 0, -, Listed 34
Transferred:           27 / 28, 96%
Elapsed time:      5m55.4s
Transferring:
 *                             model.safetensors:  4% /2.875Gi, 1010.625Ki/s, 47Transferred:   	  616.323 MiB / 3.345 GiB, 18%, 951.477 KiB/s, ETA 50m23s
Errors:                 3 (retrying may help)
Checks:                 0 / 0, -, Listed 34
Transferred:           27 / 28, 96%
Elapsed time:      5m55.9s
Transferring:
 *                             model.safetensors:  4% /2.875Gi, 947.461Ki/s, 50mTransferred:   	  621.323 MiB / 3.345 GiB, 18%, 892.009 KiB/s, ETA 53m39s
Errors:                 3 (retrying may help)
Checks:                 0 / 0, -, Listed 34
Transferred:           27 / 28, 96%
Elapsed time:      5m56.4s
Transferring:
 *                             model.safetensors:  4% /2.875Gi, 947.461Ki/s, 50mTransferred:   	  621.323 MiB / 3.345 GiB, 18%, 892.009 KiB/s, ETA 53m39s
Errors:                 3 (retrying may help)
Checks:                 0 / 0, -, Listed 34
Transferred:           27 / 28, 96%
Elapsed time:      5m56.9s
Transferring:
 *                             model.safetensors:  4% /2.875Gi, 1.180Mi/s, 39m36Transferred:   	  621.323 MiB / 3.345 GiB, 18%, 1.129 MiB/s, ETA 41m23s
Errors:                 3 (retrying may help)
Checks:                 0 / 0, -, Listed 34
Transferred:           27 / 28, 96%
Elapsed time:      5m57.4s
Transferring:
 *                             model.safetensors:  4% /2.875Gi, 1.180Mi/s, 39m36Transferred:   	  621.323 MiB / 3.345 GiB, 18%, 1.129 MiB/s, ETA 41m23s
Errors:                 3 (retrying may help)
Checks:                 0 / 0, -, Listed 34
Transferred:           27 / 28, 96%
Elapsed time:      5m57.9s
Transferring:
 *                             model.safetensors:  4% /2.875Gi, 1.106Mi/s, 42m15Transferred:   	  621.323 MiB / 3.345 GiB, 18%, 1.059 MiB/s, ETA 44m9s
Errors:                 3 (retrying may help)
Checks:                 0 / 0, -, Listed 34
Transferred:           27 / 28, 96%
Elapsed time:      5m58.4s
Transferring:
 *                             model.safetensors:  4% /2.875Gi, 1.106Mi/s, 42m15Transferred:   	  621.323 MiB / 3.345 GiB, 18%, 1.059 MiB/s, ETA 44m9s
Errors:                 3 (retrying may help)
Checks:                 0 / 0, -, Listed 34
Transferred:           27 / 28, 96%
Elapsed time:      5m58.9s
Transferring:
 *                             model.safetensors:  4% /2.875Gi, 1.037Mi/s, 45m4sTransferred:   	  621.323 MiB / 3.345 GiB, 18%, 1016.235 KiB/s, ETA 47m5s
Errors:                 3 (retrying may help)
Checks:                 0 / 0, -, Listed 34
Transferred:           27 / 28, 96%
Elapsed time:      5m59.4s
Transferring:
 *                             model.safetensors:  4% /2.875Gi, 1.037Mi/s, 45m4sTransferred:   	  621.323 MiB / 3.345 GiB, 18%, 1016.235 KiB/s, ETA 47m5s
Errors:                 3 (retrying may help)
Checks:                 0 / 0, -, Listed 34
Transferred:           27 / 28, 96%
Elapsed time:      5m59.9s
Transferring:
 *                             model.safetensors:  4% /2.875Gi, 995.555Ki/s, 48mTransferred:   	  621.323 MiB / 3.345 GiB, 18%, 952.721 KiB/s, ETA 50m14s
Errors:                 3 (retrying may help)
Checks:                 0 / 0, -, Listed 34
Transferred:           27 / 28, 96%
Elapsed time:       6m0.4s
Transferring:
 *                             model.safetensors:  4% /2.875Gi, 995.555Ki/s, 48mTransferred:   	  621.323 MiB / 3.345 GiB, 18%, 952.721 KiB/s, ETA 50m14s
Errors:                 3 (retrying may help)
Checks:                 0 / 0, -, Listed 34
Transferred:           27 / 28, 96%
Elapsed time:       6m0.9s
Transferring:
 *                             model.safetensors:  4% /2.875Gi, 933.333Ki/s, 51mTransferred:   	  621.323 MiB / 3.345 GiB, 18%, 893.176 KiB/s, ETA 53m35s
Errors:                 3 (retrying may help)
Checks:                 0 / 0, -, Listed 34
Transferred:           27 / 28, 96%
Elapsed time:       6m1.4s
Transferring:
 *                             model.safetensors:  4% /2.875Gi, 933.333Ki/s, 51mTransferred:   	  621.323 MiB / 3.345 GiB, 18%, 893.176 KiB/s, ETA 53m35s
Errors:                 3 (retrying may help)
Checks:                 0 / 0, -, Listed 34
Transferred:           27 / 28, 96%
Elapsed time:       6m1.9s
Transferring:
 *                             model.safetensors:  4% /2.875Gi, 875Ki/s, 54m41sTransferred:   	  621.323 MiB / 3.345 GiB, 18%, 837.352 KiB/s, ETA 57m9s
Errors:                 3 (retrying may help)
Checks:                 0 / 0, -, Listed 34
Transferred:           27 / 28, 96%
Elapsed time:       6m2.4s
Transferring:
 *                             model.safetensors:  4% /2.875Gi, 875Ki/s, 54m41sTransferred:   	  621.323 MiB / 3.345 GiB, 18%, 837.352 KiB/s, ETA 57m9s
Errors:                 3 (retrying may help)
Checks:                 0 / 0, -, Listed 34
Transferred:           27 / 28, 96%
Elapsed time:       6m2.9s
Transferring:
 *                             model.safetensors:  4% /2.875Gi, 820.312Ki/s, 58mTransferred:   	  621.323 MiB / 3.345 GiB, 18%, 785.018 KiB/s, ETA 1h58s
Errors:                 3 (retrying may help)
Checks:                 0 / 0, -, Listed 34
Transferred:           27 / 28, 96%
Elapsed time:       6m3.4s
Transferring:
 *                             model.safetensors:  4% /2.875Gi, 820.312Ki/s, 58mTransferred:   	  621.323 MiB / 3.345 GiB, 18%, 785.018 KiB/s, ETA 1h58s
Errors:                 3 (retrying may help)
Checks:                 0 / 0, -, Listed 34
Transferred:           27 / 28, 96%
Elapsed time:       6m3.9s
Transferring:
 *                             model.safetensors:  4% /2.875Gi, 769.043Ki/s, 1h2Transferred:   	  621.323 MiB / 3.345 GiB, 18%, 735.954 KiB/s, ETA 1h5m2s
Errors:                 3 (retrying may help)
Checks:                 0 / 0, -, Listed 34
Transferred:           27 / 28, 96%
Elapsed time:       6m4.4s
Transferring:
 *                             model.safetensors:  4% /2.875Gi, 769.043Ki/s, 1h2Transferred:   	  621.323 MiB / 3.345 GiB, 18%, 735.954 KiB/s, ETA 1h5m2s
Errors:                 3 (retrying may help)
Checks:                 0 / 0, -, Listed 34
Transferred:           27 / 28, 96%
Elapsed time:       6m4.9s
Transferring:
 *                             model.safetensors:  4% /2.875Gi, 720.978Ki/s, 1h6Transferred:   	  626.323 MiB / 3.345 GiB, 18%, 689.957 KiB/s, ETA 1h9m14s
Errors:                 3 (retrying may help)
Checks:                 0 / 0, -, Listed 34
Transferred:           27 / 28, 96%
Elapsed time:       6m5.4s
Transferring:
 *                             model.safetensors:  4% /2.875Gi, 720.978Ki/s, 1h6Transferred:   	  626.323 MiB / 3.345 GiB, 18%, 689.957 KiB/s, ETA 1h9m14s
Errors:                 3 (retrying may help)
Checks:                 0 / 0, -, Listed 34
Transferred:           27 / 28, 96%
Elapsed time:       6m5.9s
Transferring:
 *                             model.safetensors:  4% /2.875Gi, 995.907Ki/s, 47mTransferred:   	  626.323 MiB / 3.345 GiB, 18%, 966.834 KiB/s, ETA 49m24s
Errors:                 3 (retrying may help)
Checks:                 0 / 0, -, Listed 34
Transferred:           27 / 28, 96%
Elapsed time:       6m6.4s
Transferring:
 *                             model.safetensors:  4% /2.875Gi, 995.907Ki/s, 47mTransferred:   	  626.323 MiB / 3.345 GiB, 18%, 966.834 KiB/s, ETA 49m24s
Errors:                 3 (retrying may help)
Checks:                 0 / 0, -, Listed 34
Transferred:           27 / 28, 96%
Elapsed time:       6m6.9s
Transferring:
 *                             model.safetensors:  4% /2.875Gi, 933.663Ki/s, 51mTransferred:   	  626.323 MiB / 3.345 GiB, 18%, 906.407 KiB/s, ETA 52m42s
Errors:                 3 (retrying may help)
Checks:                 0 / 0, -, Listed 34
Transferred:           27 / 28, 96%
Elapsed time:       6m7.4s
Transferring:
 *                             model.safetensors:  4% /2.875Gi, 933.663Ki/s, 51mTransferred:   	  631.323 MiB / 3.345 GiB, 18%, 906.407 KiB/s, ETA 52m36s
Errors:                 3 (retrying may help)
Checks:                 0 / 0, -, Listed 34
Transferred:           27 / 28, 96%
Elapsed time:       6m7.9s
Transferring:
 *                             model.safetensors:  5% /2.875Gi, 875.310Ki/s, 54mTransferred:   	  631.323 MiB / 3.345 GiB, 18%, 1.142 MiB/s, ETA 40m46s
Errors:                 3 (retrying may help)
Checks:                 0 / 0, -, Listed 34
Transferred:           27 / 28, 96%
Elapsed time:       6m8.4s
Transferring:
 *                             model.safetensors:  5% /2.875Gi, 875.310Ki/s, 54mTransferred:   	  631.323 MiB / 3.345 GiB, 18%, 1.142 MiB/s, ETA 40m46s
Errors:                 3 (retrying may help)
Checks:                 0 / 0, -, Listed 34
Transferred:           27 / 28, 96%
Elapsed time:       6m8.9s
Transferring:
 *                             model.safetensors:  5% /2.875Gi, 1.114Mi/s, 41m48Transferred:   	  631.323 MiB / 3.345 GiB, 18%, 1.071 MiB/s, ETA 43m29s
Errors:                 3 (retrying may help)
Checks:                 0 / 0, -, Listed 34
Transferred:           27 / 28, 96%
Elapsed time:       6m9.4s
Transferring:
 *                             model.safetensors:  5% /2.875Gi, 1.114Mi/s, 41m48Transferred:   	  631.323 MiB / 3.345 GiB, 18%, 1.071 MiB/s, ETA 43m29s
Errors:                 3 (retrying may help)
Checks:                 0 / 0, -, Listed 34
Transferred:           27 / 28, 96%
Elapsed time:       6m9.9s
Transferring:
 *                             model.safetensors:  5% /2.875Gi, 1.044Mi/s, 44m36Transferred:   	  631.323 MiB / 3.345 GiB, 18%, 1.004 MiB/s, ETA 46m23s
Errors:                 3 (retrying may help)
Checks:                 0 / 0, -, Listed 34
Transferred:           27 / 28, 96%
Elapsed time:      6m10.4s
Transferring:
 *                             model.safetensors:  5% /2.875Gi, 1.044Mi/s, 44m36Transferred:   	  636.323 MiB / 3.345 GiB, 19%, 1.004 MiB/s, ETA 46m18s
Errors:                 3 (retrying may help)
Checks:                 0 / 0, -, Listed 34
Transferred:           27 / 28, 96%
Elapsed time:      6m10.9s
Transferring:
 *                             model.safetensors:  5% /2.875Gi, 1002.488Ki/s, 47Transferred:   	  636.323 MiB / 3.345 GiB, 19%, 1.254 MiB/s, ETA 37m4s
Errors:                 3 (retrying may help)
Checks:                 0 / 0, -, Listed 34
Transferred:           27 / 28, 96%
Elapsed time:      6m11.4s
Transferring:
 *                             model.safetensors:  5% /2.875Gi, 1002.488Ki/s, 47Transferred:   	  636.323 MiB / 3.345 GiB, 19%, 1.254 MiB/s, ETA 37m4s
Errors:                 3 (retrying may help)
Checks:                 0 / 0, -, Listed 34
Transferred:           27 / 28, 96%
Elapsed time:      6m11.9s
Transferring:
 *                             model.safetensors:  5% /2.875Gi, 1.230Mi/s, 37m47Transferred:   	  636.323 MiB / 3.345 GiB, 19%, 1.175 MiB/s, ETA 39m33s
Errors:                 3 (retrying may help)
Checks:                 0 / 0, -, Listed 34
Transferred:           27 / 28, 96%
Elapsed time:      6m12.4s
Transferring:
 *                             model.safetensors:  5% /2.875Gi, 1.230Mi/s, 37m47Transferred:   	  636.323 MiB / 3.345 GiB, 19%, 1.175 MiB/s, ETA 39m33s
Errors:                 3 (retrying may help)
Checks:                 0 / 0, -, Listed 34
Transferred:           27 / 28, 96%
Elapsed time:      6m12.9s
Transferring:
 *                             model.safetensors:  5% /2.875Gi, 1.153Mi/s, 40m18Transferred:   	  636.323 MiB / 3.345 GiB, 19%, 1.102 MiB/s, ETA 42m11s
Errors:                 3 (retrying may help)
Checks:                 0 / 0, -, Listed 34
Transferred:           27 / 28, 96%
Elapsed time:      6m13.4s
Transferring:
 *                             model.safetensors:  5% /2.875Gi, 1.153Mi/s, 40m18Transferred:   	  636.323 MiB / 3.345 GiB, 19%, 1.102 MiB/s, ETA 42m11s
Errors:                 3 (retrying may help)
Checks:                 0 / 0, -, Listed 34
Transferred:           27 / 28, 96%
Elapsed time:      6m13.9s
Transferring:
 *                             model.safetensors:  5% /2.875Gi, 1.081Mi/s, 42m59Transferred:   	  636.323 MiB / 3.345 GiB, 19%, 1.033 MiB/s, ETA 45m
Errors:                 3 (retrying may help)
Checks:                 0 / 0, -, Listed 34
Transferred:           27 / 28, 96%
Elapsed time:      6m14.4s
Transferring:
 *                             model.safetensors:  5% /2.875Gi, 1.081Mi/s, 42m59Transferred:   	  636.323 MiB / 3.345 GiB, 19%, 1.033 MiB/s, ETA 45m
Errors:                 3 (retrying may help)
Checks:                 0 / 0, -, Listed 34
Transferred:           27 / 28, 96%
Elapsed time:      6m14.9s
Transferring:
 *                             model.safetensors:  5% /2.875Gi, 1.014Mi/s, 45m51Transferred:   	  636.323 MiB / 3.345 GiB, 19%, 991.744 KiB/s, ETA 48m
Errors:                 3 (retrying may help)
Checks:                 0 / 0, -, Listed 34
Transferred:           27 / 28, 96%
Elapsed time:      6m15.4s
Transferring:
 *                             model.safetensors:  5% /2.875Gi, 1.014Mi/s, 45m51Transferred:   	  636.323 MiB / 3.345 GiB, 19%, 991.744 KiB/s, ETA 48m
Errors:                 3 (retrying may help)
Checks:                 0 / 0, -, Listed 34
Transferred:           27 / 28, 96%
Elapsed time:      6m15.9s
Transferring:
 *                             model.safetensors:  5% /2.875Gi, 973.190Ki/s, 48mTransferred:   	  636.323 MiB / 3.345 GiB, 19%, 929.760 KiB/s, ETA 51m12s
Errors:                 3 (retrying may help)
Checks:                 0 / 0, -, Listed 34
Transferred:           27 / 28, 96%
Elapsed time:      6m16.4s
Transferring:
 *                             model.safetensors:  5% /2.875Gi, 973.190Ki/s, 48mTransferred:   	  636.323 MiB / 3.345 GiB, 19%, 929.760 KiB/s, ETA 51m12s
Errors:                 3 (retrying may help)
Checks:                 0 / 0, -, Listed 34
Transferred:           27 / 28, 96%
Elapsed time:      6m16.9s
Transferring:
 *                             model.safetensors:  5% /2.875Gi, 912.366Ki/s, 52mTransferred:   	  636.323 MiB / 3.345 GiB, 19%, 871.649 KiB/s, ETA 54m36s
Errors:                 3 (retrying may help)
Checks:                 0 / 0, -, Listed 34
Transferred:           27 / 28, 96%
Elapsed time:      6m17.4s
Transferring:
 *                             model.safetensors:  5% /2.875Gi, 912.366Ki/s, 52mTransferred:   	  636.323 MiB / 3.345 GiB, 19%, 871.649 KiB/s, ETA 54m36s
Errors:                 3 (retrying may help)
Checks:                 0 / 0, -, Listed 34
Transferred:           27 / 28, 96%
Elapsed time:      6m17.9s
Transferring:
 *                             model.safetensors:  5% /2.875Gi, 855.343Ki/s, 55mTransferred:   	  641.323 MiB / 3.345 GiB, 19%, 817.172 KiB/s, ETA 58m9s
Errors:                 3 (retrying may help)
Checks:                 0 / 0, -, Listed 34
Transferred:           27 / 28, 96%
Elapsed time:      6m18.4s
Transferring:
 *                             model.safetensors:  5% /2.875Gi, 855.343Ki/s, 55mTransferred:   	  641.323 MiB / 3.345 GiB, 19%, 817.172 KiB/s, ETA 58m9s
Errors:                 3 (retrying may help)
Checks:                 0 / 0, -, Listed 34
Transferred:           27 / 28, 96%
Elapsed time:      6m18.9s
Transferring:
 *                             model.safetensors:  5% /2.875Gi, 1.096Mi/s, 42m21Transferred:   	  641.323 MiB / 3.345 GiB, 19%, 1.061 MiB/s, ETA 43m45s
Errors:                 3 (retrying may help)
Checks:                 0 / 0, -, Listed 34
Transferred:           27 / 28, 96%
Elapsed time:      6m19.4s
Transferring:
 *                             model.safetensors:  5% /2.875Gi, 1.096Mi/s, 42m21Transferred:   	  641.323 MiB / 3.345 GiB, 19%, 1.061 MiB/s, ETA 43m45s
Errors:                 3 (retrying may help)
Checks:                 0 / 0, -, Listed 34
Transferred:           27 / 28, 96%
Elapsed time:      6m19.9s
Transferring:
 *                             model.safetensors:  5% /2.875Gi, 1.027Mi/s, 45m10Transferred:   	  641.323 MiB / 3.345 GiB, 19%, 1018.219 KiB/s, ETA 46m40s
Errors:                 3 (retrying may help)
Checks:                 0 / 0, -, Listed 34
Transferred:           27 / 28, 96%
Elapsed time:      6m20.4s
Transferring:
 *                             model.safetensors:  5% /2.875Gi, 1.027Mi/s, 45m10Transferred:   	  641.323 MiB / 3.345 GiB, 19%, 1018.219 KiB/s, ETA 46m40s
Errors:                 3 (retrying may help)
Checks:                 0 / 0, -, Listed 34
Transferred:           27 / 28, 96%
Elapsed time:      6m20.9s
Transferring:
 *                             model.safetensors:  5% /2.875Gi, 986.030Ki/s, 48mTransferred:   	  641.323 MiB / 3.345 GiB, 19%, 954.580 KiB/s, ETA 49m46s
Errors:                 3 (retrying may help)
Checks:                 0 / 0, -, Listed 34
Transferred:           27 / 28, 96%
Elapsed time:      6m21.4s
Transferring:
 *                             model.safetensors:  5% /2.875Gi, 986.030Ki/s, 48mTransferred:   	  641.323 MiB / 3.345 GiB, 19%, 954.580 KiB/s, ETA 49m46s
Errors:                 3 (retrying may help)
Checks:                 0 / 0, -, Listed 34
Transferred:           27 / 28, 96%
Elapsed time:      6m21.9s
Transferring:
 *                             model.safetensors:  5% /2.875Gi, 924.403Ki/s, 51mTransferred:   	  641.323 MiB / 3.345 GiB, 19%, 894.918 KiB/s, ETA 53m6s
Errors:                 3 (retrying may help)
Checks:                 0 / 0, -, Listed 34
Transferred:           27 / 28, 96%
Elapsed time:      6m22.4s
Transferring:
 *                             model.safetensors:  5% /2.875Gi, 924.403Ki/s, 51mTransferred:   	  641.323 MiB / 3.345 GiB, 19%, 894.918 KiB/s, ETA 53m6s
Errors:                 3 (retrying may help)
Checks:                 0 / 0, -, Listed 34
Transferred:           27 / 28, 96%
Elapsed time:      6m22.9s
Transferring:
 *                             model.safetensors:  5% /2.875Gi, 866.629Ki/s, 54mTransferred:   	  641.323 MiB / 3.345 GiB, 19%, 838.986 KiB/s, ETA 56m38s
Errors:                 3 (retrying may help)
Checks:                 0 / 0, -, Listed 34
Transferred:           27 / 28, 96%
Elapsed time:      6m23.4s
Transferring:
 *                             model.safetensors:  5% /2.875Gi, 866.629Ki/s, 54mTransferred:   	  641.323 MiB / 3.345 GiB, 19%, 838.986 KiB/s, ETA 56m38s
Errors:                 3 (retrying may help)
Checks:                 0 / 0, -, Listed 34
Transferred:           27 / 28, 96%
Elapsed time:      6m23.9s
Transferring:
 *                             model.safetensors:  5% /2.875Gi, 812.464Ki/s, 58mTransferred:   	  641.323 MiB / 3.345 GiB, 19%, 786.550 KiB/s, ETA 1h25s
Errors:                 3 (retrying may help)
Checks:                 0 / 0, -, Listed 34
Transferred:           27 / 28, 96%
Elapsed time:      6m24.4s
Transferring:
 *                             model.safetensors:  5% /2.875Gi, 812.464Ki/s, 58mTransferred:   	  641.323 MiB / 3.345 GiB, 19%, 786.550 KiB/s, ETA 1h25s
Errors:                 3 (retrying may help)
Checks:                 0 / 0, -, Listed 34
Transferred:           27 / 28, 96%
Elapsed time:      6m24.9s
Transferring:
 *                             model.safetensors:  5% /2.875Gi, 761.686Ki/s, 1h2Transferred:   	  641.323 MiB / 3.345 GiB, 19%, 737.390 KiB/s, ETA 1h4m26s
Errors:                 3 (retrying may help)
Checks:                 0 / 0, -, Listed 34
Transferred:           27 / 28, 96%
Elapsed time:      6m25.4s
Transferring:
 *                             model.safetensors:  5% /2.875Gi, 761.686Ki/s, 1h2Transferred:   	  641.323 MiB / 3.345 GiB, 19%, 737.390 KiB/s, ETA 1h4m26s
Errors:                 3 (retrying may help)
Checks:                 0 / 0, -, Listed 34
Transferred:           27 / 28, 96%
Elapsed time:      6m25.9s
Transferring:
 *                             model.safetensors:  5% /2.875Gi, 714.080Ki/s, 1h6Transferred:   	  641.323 MiB / 3.345 GiB, 19%, 691.303 KiB/s, ETA 1h8m44s
Errors:                 3 (retrying may help)
Checks:                 0 / 0, -, Listed 34
Transferred:           27 / 28, 96%
Elapsed time:      6m26.4s
Transferring:
 *                             model.safetensors:  5% /2.875Gi, 714.080Ki/s, 1h6Transferred:   	  646.198 MiB / 3.345 GiB, 19%, 691.303 KiB/s, ETA 1h8m37s
Errors:                 3 (retrying may help)
Checks:                 0 / 0, -, Listed 34
Transferred:           27 / 28, 96%
Elapsed time:      6m26.9s
Transferring:
 *                             model.safetensors:  5% /2.875Gi, 669.450Ki/s, 1h1Transferred:   	  646.323 MiB / 3.345 GiB, 19%, 960.102 KiB/s, ETA 49m24s
Errors:                 3 (retrying may help)
Checks:                 0 / 0, -, Listed 34
Transferred:           27 / 28, 96%
Elapsed time:      6m27.4s
Transferring:
 *                             model.safetensors:  5% /2.875Gi, 669.450Ki/s, 1h1Transferred:   	  646.323 MiB / 3.345 GiB, 19%, 960.102 KiB/s, ETA 49m24s
Errors:                 3 (retrying may help)
Checks:                 0 / 0, -, Listed 34
Transferred:           27 / 28, 96%
Elapsed time:      6m27.9s
Transferring:
 *                             model.safetensors:  5% /2.875Gi, 947.607Ki/s, 50mTransferred:   	  646.323 MiB / 3.345 GiB, 19%, 908.095 KiB/s, ETA 52m14s
Errors:                 3 (retrying may help)
Checks:                 0 / 0, -, Listed 34
Transferred:           27 / 28, 96%
Elapsed time:      6m28.4s
Transferring:
 *                             model.safetensors:  5% /2.875Gi, 947.607Ki/s, 50mTransferred:   	  646.323 MiB / 3.345 GiB, 19%, 908.095 KiB/s, ETA 52m14s
Errors:                 3 (retrying may help)
Checks:                 0 / 0, -, Listed 34
Transferred:           27 / 28, 96%
Elapsed time:      6m28.9s
Transferring:
 *                             model.safetensors:  5% /2.875Gi, 888.382Ki/s, 53mTransferred:   	  649.979 MiB / 3.345 GiB, 19%, 851.339 KiB/s, ETA 55m38s
Errors:                 3 (retrying may help)
Checks:                 0 / 0, -, Listed 34
Transferred:           27 / 28, 96%
Elapsed time:      6m29.4s
Transferring:
 *                             model.safetensors:  5% /2.875Gi, 888.382Ki/s, 53mTransferred:   	  651.323 MiB / 3.345 GiB, 19%, 851.339 KiB/s, ETA 55m37s
Errors:                 3 (retrying may help)
Checks:                 0 / 0, -, Listed 34
Transferred:           27 / 28, 96%
Elapsed time:      6m29.9s
Transferring:
 *                             model.safetensors:  5% /2.875Gi, 1.126Mi/s, 41m4sTransferred:   	  651.323 MiB / 3.345 GiB, 19%, 1.092 MiB/s, ETA 42m20s
Errors:                 3 (retrying may help)
Checks:                 0 / 0, -, Listed 34
Transferred:           27 / 28, 96%
Elapsed time:      6m30.4s
Transferring:
 *                             model.safetensors:  5% /2.875Gi, 1.126Mi/s, 41m4sTransferred:   	  652.386 MiB / 3.345 GiB, 19%, 1.092 MiB/s, ETA 42m19s
Errors:                 3 (retrying may help)
Checks:                 0 / 0, -, Listed 34
Transferred:           27 / 28, 96%
Elapsed time:      6m30.9s
Transferring:
 *                             model.safetensors:  5% /2.875Gi, 1.106Mi/s, 41m46Transferred:   	  652.417 MiB / 3.345 GiB, 19%, 1.090 MiB/s, ETA 42m24s
Errors:                 3 (retrying may help)
Checks:                 0 / 0, -, Listed 34
Transferred:           27 / 28, 96%
Elapsed time:      6m31.4s
Transferring:
 *                             model.safetensors:  5% /2.875Gi, 1.106Mi/s, 41m46Transferred:   	  652.698 MiB / 3.345 GiB, 19%, 1.090 MiB/s, ETA 42m23s
Errors:                 3 (retrying may help)
Checks:                 0 / 0, -, Listed 34
Transferred:           27 / 28, 96%
Elapsed time:      6m31.9s
Transferring:
 *                             model.safetensors:  5% /2.875Gi, 1.072Mi/s, 43m6sTransferred:   	  652.698 MiB / 3.345 GiB, 19%, 1.041 MiB/s, ETA 44m22s
Errors:                 3 (retrying may help)
Checks:                 0 / 0, -, Listed 34
Transferred:           27 / 28, 96%
Elapsed time:      6m32.4s
Transferring:
 *                             model.safetensors:  5% /2.875Gi, 1.072Mi/s, 43m6sTransferred:   	  652.698 MiB / 3.345 GiB, 19%, 1.041 MiB/s, ETA 44m22s
Errors:                 3 (retrying may help)
Checks:                 0 / 0, -, Listed 34
Transferred:           27 / 28, 96%
Elapsed time:      6m32.9s
Transferring:
 *                             model.safetensors:  5% /2.875Gi, 1.005Mi/s, 45m58Transferred:   	  652.698 MiB / 3.345 GiB, 19%, 999.826 KiB/s, ETA 47m20s
Errors:                 3 (retrying may help)
Checks:                 0 / 0, -, Listed 34
Transferred:           27 / 28, 96%
Elapsed time:      6m33.4s
Transferring:
 *                             model.safetensors:  5% /2.875Gi, 1.005Mi/s, 45m58Transferred:   	  653.511 MiB / 3.513 GiB, 18%, 999.826 KiB/s, ETA 50m14s
Errors:                 3 (retrying may help)
Checks:                 0 / 0, -, Listed 34
Transferred:           27 / 28, 96%
Elapsed time:      6m33.9s
Transferring:
 *                             model.safetensors:  0% /2.875Gi, 0/s, -Transferred:   	  656.167 MiB / 3.513 GiB, 18%, 989.337 KiB/s, ETA 50m44s
Errors:                 3 (retrying may help)
Checks:                 0 / 0, -, Listed 34
Transferred:           27 / 28, 96%
Elapsed time:      6m34.4s
Transferring:
 *                             model.safetensors:  0% /2.875Gi, 0/s, -Transferred:   	  656.667 MiB / 3.513 GiB, 18%, 989.337 KiB/s, ETA 50m43s
Errors:                 3 (retrying may help)
Checks:                 0 / 0, -, Listed 34
Transferred:           27 / 28, 96%
Elapsed time:      6m34.9s
Transferring:
 *                             model.safetensors:  0% /2.875Gi, 3.968Mi/s, 12m20Transferred:   	  658.261 MiB / 3.513 GiB, 18%, 1.103 MiB/s, ETA 44m24s
Errors:                 3 (retrying may help)
Checks:                 0 / 0, -, Listed 34
Transferred:           27 / 28, 96%
Elapsed time:      6m35.4s
Transferring:
 *                             model.safetensors:  0% /2.875Gi, 3.968Mi/s, 12m20Transferred:   	  663.636 MiB / 3.513 GiB, 18%, 1.103 MiB/s, ETA 44m19s
Errors:                 3 (retrying may help)
Checks:                 0 / 0, -, Listed 34
Transferred:           27 / 28, 96%
Elapsed time:      6m35.9s
Transferring:
 *                             model.safetensors:  0% /2.875Gi, 5.344Mi/s, 9m8sTransferred:   	  667.011 MiB / 3.513 GiB, 19%, 1.470 MiB/s, ETA 33m13s
Errors:                 3 (retrying may help)
Checks:                 0 / 0, -, Listed 34
Transferred:           27 / 28, 96%
Elapsed time:      6m36.4s
Transferring:
 *                             model.safetensors:  0% /2.875Gi, 5.344Mi/s, 9m8sTransferred:   	  670.792 MiB / 3.513 GiB, 19%, 1.470 MiB/s, ETA 33m11s
Errors:                 3 (retrying may help)
Checks:                 0 / 0, -, Listed 34
Transferred:           27 / 28, 96%
Elapsed time:      6m36.9s
Transferring:
 *                             model.safetensors:  0% /2.875Gi, 6.031Mi/s, 8m5sTransferred:   	  671.167 MiB / 3.513 GiB, 19%, 1.825 MiB/s, ETA 26m43s
Errors:                 3 (retrying may help)
Checks:                 0 / 0, -, Listed 34
Transferred:           27 / 28, 96%
Elapsed time:      6m37.4s
Transferring:
 *                             model.safetensors:  0% /2.875Gi, 6.031Mi/s, 8m5sTransferred:   	  674.136 MiB / 3.513 GiB, 19%, 1.825 MiB/s, ETA 26m41s
Errors:                 3 (retrying may help)
Checks:                 0 / 0, -, Listed 34
Transferred:           27 / 28, 96%
Elapsed time:      6m37.9s
Transferring:
 *                             model.safetensors:  0% /2.875Gi, 5.297Mi/s, 9m11sTransferred:   	  677.698 MiB / 3.513 GiB, 19%, 1.920 MiB/s, ETA 25m20s
Errors:                 3 (retrying may help)
Checks:                 0 / 0, -, Listed 34
Transferred:           27 / 28, 96%
Elapsed time:      6m38.4s
Transferring:
 *                             model.safetensors:  0% /2.875Gi, 5.297Mi/s, 9m11sTransferred:   	  677.698 MiB / 3.513 GiB, 19%, 1.920 MiB/s, ETA 25m20s
Errors:                 3 (retrying may help)
Checks:                 0 / 0, -, Listed 34
Transferred:           27 / 28, 96%
Elapsed time:      6m38.9s
Transferring:
 *                             model.safetensors:  0% /2.875Gi, 5.000Mi/s, 9m43sTransferred:   	  677.698 MiB / 3.513 GiB, 19%, 2.023 MiB/s, ETA 24m3s
Errors:                 3 (retrying may help)
Checks:                 0 / 0, -, Listed 34
Transferred:           27 / 28, 96%
Elapsed time:      6m39.4s
Transferring:
 *                             model.safetensors:  0% /2.875Gi, 5.000Mi/s, 9m43sTransferred:   	  677.698 MiB / 3.513 GiB, 19%, 2.023 MiB/s, ETA 24m3s
Errors:                 3 (retrying may help)
Checks:                 0 / 0, -, Listed 34
Transferred:           27 / 28, 96%
Elapsed time:      6m39.9s
Transferring:
 *                             model.safetensors:  0% /2.875Gi, 4.167Mi/s, 11m40Transferred:   	  677.698 MiB / 677.698 MiB, 100%, 1.896 MiB/s, ETA 0s
Errors:                 3 (retrying may help)
Checks:                 0 / 0, -, Listed 34
Transferred:           27 / 28, 96%
Elapsed time:      6m40.4s
Transferring:
 *                             model.safetensors: transferringTransferred:   	  683.511 MiB / 3.537 GiB, 19%, 1.896 MiB/s, ETA 25m49s
Errors:                 3 (retrying may help)
Checks:                 0 / 0, -, Listed 34
Transferred:           27 / 28, 96%
Elapsed time:      6m40.9s
Transferring:
 *                             model.safetensors:  0% /2.875Gi, 0/s, -Transferred:   	  685.167 MiB / 3.537 GiB, 19%, 2.141 MiB/s, ETA 22m51s
Errors:                 3 (retrying may help)
Checks:                 0 / 0, -, Listed 34
Transferred:           27 / 28, 96%
Elapsed time:      6m41.4s
Transferring:
 *                             model.safetensors:  0% /2.875Gi, 0/s, -Transferred:   	  685.667 MiB / 3.537 GiB, 19%, 2.141 MiB/s, ETA 22m51s
Errors:                 3 (retrying may help)
Checks:                 0 / 0, -, Listed 34
Transferred:           27 / 28, 96%
Elapsed time:      6m41.9s
Transferring:
 *                             model.safetensors:  0% /2.875Gi, 7.968Mi/s, 6m8sTransferred:   	  690.667 MiB / 3.537 GiB, 19%, 2.142 MiB/s, ETA 22m48s
Errors:                 3 (retrying may help)
Checks:                 0 / 0, -, Listed 34
Transferred:           27 / 28, 96%
Elapsed time:      6m42.4s
Transferring:
 *                             model.safetensors:  0% /2.875Gi, 7.968Mi/s, 6m7sTransferred:   	  691.979 MiB / 3.537 GiB, 19%, 2.142 MiB/s, ETA 22m47s
Errors:                 3 (retrying may help)
Checks:                 0 / 0, -, Listed 34
Transferred:           27 / 28, 96%
Elapsed time:      6m42.9s
Transferring:
 *                             model.safetensors:  0% /2.875Gi, 6.890Mi/s, 7m5sTransferred:   	  696.354 MiB / 3.537 GiB, 19%, 2.403 MiB/s, ETA 20m17s
Errors:                 3 (retrying may help)
Checks:                 0 / 0, -, Listed 34
Transferred:           27 / 28, 96%
Elapsed time:      6m43.4s
Transferring:
 *                             model.safetensors:  0% /2.875Gi, 6.890Mi/s, 7m4sTransferred:   	  698.761 MiB / 3.537 GiB, 19%, 2.403 MiB/s, ETA 20m16s
Errors:                 3 (retrying may help)
Checks:                 0 / 0, -, Listed 34
Transferred:           27 / 28, 96%
Elapsed time:      6m43.9s
Transferring:
 *                             model.safetensors:  0% /2.875Gi, 6.417Mi/s, 7m35sTransferred:   	  701.511 MiB / 3.537 GiB, 19%, 2.676 MiB/s, ETA 18m11s
Errors:                 3 (retrying may help)
Checks:                 0 / 0, -, Listed 34
Transferred:           27 / 28, 96%
Elapsed time:      6m44.4s
Transferring:
 *                             model.safetensors:  0% /2.875Gi, 6.417Mi/s, 7m35sTransferred:   	  705.167 MiB / 3.537 GiB, 19%, 2.676 MiB/s, ETA 18m9s
Errors:                 3 (retrying may help)
Checks:                 0 / 0, -, Listed 34
Transferred:           27 / 28, 96%
Elapsed time:      6m44.9s
Transferring:
 *                             model.safetensors:  0% /2.875Gi, 6.656Mi/s, 7m18sTransferred:   	  705.667 MiB / 3.537 GiB, 19%, 2.909 MiB/s, ETA 16m42s
Errors:                 3 (retrying may help)
Checks:                 0 / 0, -, Listed 34
Transferred:           27 / 28, 96%
Elapsed time:      6m45.4s
Transferring:
 *                             model.safetensors:  0% /2.875Gi, 6.656Mi/s, 7m18sTransferred:   	  706.417 MiB / 3.537 GiB, 20%, 2.909 MiB/s, ETA 16m42s
Errors:                 3 (retrying may help)
Checks:                 0 / 0, -, Listed 34
Transferred:           27 / 28, 96%
Elapsed time:      6m45.9s
Transferring:
 *                             model.safetensors:  0% /2.875Gi, 5.594Mi/s, 8m41sTransferred:   	  706.417 MiB / 3.537 GiB, 20%, 2.806 MiB/s, ETA 17m19s
Errors:                 3 (retrying may help)
Checks:                 0 / 0, -, Listed 34
Transferred:           27 / 28, 96%
Elapsed time:      6m46.4s
Transferring:
 *                             model.safetensors:  0% /2.875Gi, 5.594Mi/s, 8m41sTransferred:   	  706.417 MiB / 3.537 GiB, 20%, 2.806 MiB/s, ETA 17m19s
Errors:                 3 (retrying may help)
Checks:                 0 / 0, -, Listed 34
Transferred:           27 / 28, 96%
Elapsed time:      6m46.9s
Transferring:
 *                             model.safetensors:  0% /2.875Gi, 4.786Mi/s, 10m9sTransferred:   	  706.417 MiB / 706.417 MiB, 100%, 2.630 MiB/s, ETA 0s
Errors:                 3 (retrying may help)
Checks:                 0 / 0, -, Listed 34
Transferred:           27 / 28, 96%
Elapsed time:      6m47.4s
Transferring:
 *                             model.safetensors: transferringTransferred:   	  712.792 MiB / 3.565 GiB, 20%, 2.630 MiB/s, ETA 18m37s
Errors:                 3 (retrying may help)
Checks:                 0 / 0, -, Listed 34
Transferred:           27 / 28, 96%
Elapsed time:      6m47.9s
Transferring:
 *                             model.safetensors:  0% /2.875Gi, 0/s, -Transferred:   	  713.136 MiB / 3.565 GiB, 20%, 2.864 MiB/s, ETA 17m5s
Errors:                 3 (retrying may help)
Checks:                 0 / 0, -, Listed 34
Transferred:           27 / 28, 96%
Elapsed time:      6m48.4s
Transferring:
 *                             model.safetensors:  0% /2.875Gi, 0/s, -Transferred:   	  714.823 MiB / 3.565 GiB, 20%, 2.864 MiB/s, ETA 17m5s
Errors:                 3 (retrying may help)
Checks:                 0 / 0, -, Listed 34
Transferred:           27 / 28, 96%
Elapsed time:      6m48.9s
Transferring:
 *                             model.safetensors:  0% /2.875Gi, 6.718Mi/s, 7m17sTransferred:   	  717.011 MiB / 3.565 GiB, 20%, 2.812 MiB/s, ETA 17m23s
Errors:                 3 (retrying may help)
Checks:                 0 / 0, -, Listed 34
Transferred:           27 / 28, 96%
Elapsed time:      6m49.4s
Transferring:
 *                             model.safetensors:  0% /2.875Gi, 6.718Mi/s, 7m16sTransferred:   	  725.386 MiB / 3.565 GiB, 20%, 2.812 MiB/s, ETA 17m20s
Errors:                 3 (retrying may help)
Checks:                 0 / 0, -, Listed 34
Transferred:           27 / 28, 96%
Elapsed time:      6m49.9s
Transferring:
 *                             model.safetensors:  0% /2.875Gi, 5.297Mi/s, 9m12sTransferred:   	  726.886 MiB / 3.565 GiB, 20%, 3.297 MiB/s, ETA 14m46s
Errors:                 3 (retrying may help)
Checks:                 0 / 0, -, Listed 34
Transferred:           27 / 28, 96%
Elapsed time:      6m50.4s
Transferring:
 *                             model.safetensors:  0% /2.875Gi, 5.297Mi/s, 9m12sTransferred:   	  727.854 MiB / 3.565 GiB, 20%, 3.297 MiB/s, ETA 14m46s
Errors:                 3 (retrying may help)
Checks:                 0 / 0, -, Listed 34
Transferred:           27 / 28, 96%
Elapsed time:      6m50.9s
Transferring:
 *                             model.safetensors:  0% /2.875Gi, 6.823Mi/s, 7m8sTransferred:   	  730.011 MiB / 3.565 GiB, 20%, 3.245 MiB/s, ETA 15m
Errors:                 3 (retrying may help)
Checks:                 0 / 0, -, Listed 34
Transferred:           27 / 28, 96%
Elapsed time:      6m51.4s
Transferring:
 *                             model.safetensors:  0% /2.875Gi, 6.823Mi/s, 7m8sTransferred:   	  731.417 MiB / 3.565 GiB, 20%, 3.245 MiB/s, ETA 14m59s
Errors:                 3 (retrying may help)
Checks:                 0 / 0, -, Listed 34
Transferred:           27 / 28, 96%
Elapsed time:      6m51.9s
Transferring:
 *                             model.safetensors:  0% /2.875Gi, 5.898Mi/s, 8m14sTransferred:   	  734.104 MiB / 3.565 GiB, 20%, 3.265 MiB/s, ETA 14m53s
Errors:                 3 (retrying may help)
Checks:                 0 / 0, -, Listed 34
Transferred:           27 / 28, 96%
Elapsed time:      6m52.4s
Transferring:
 *                             model.safetensors:  0% /2.875Gi, 5.898Mi/s, 8m14sTransferred:   	  736.417 MiB / 3.565 GiB, 20%, 3.265 MiB/s, ETA 14m52s
Errors:                 3 (retrying may help)
Checks:                 0 / 0, -, Listed 34
Transferred:           27 / 28, 96%
Elapsed time:      6m52.9s
Transferring:
 *                             model.safetensors:  1% /2.875Gi, 6.000Mi/s, 8m5sTransferred:   	  736.417 MiB / 3.565 GiB, 20%, 3.373 MiB/s, ETA 14m23s
Errors:                 3 (retrying may help)
Checks:                 0 / 0, -, Listed 34
Transferred:           27 / 28, 96%
Elapsed time:      6m53.4s
Transferring:
 *                             model.safetensors:  1% /2.875Gi, 6.000Mi/s, 8m5sTransferred:   	  736.417 MiB / 3.565 GiB, 20%, 3.373 MiB/s, ETA 14m23s
Errors:                 3 (retrying may help)
Checks:                 0 / 0, -, Listed 34
Transferred:           27 / 28, 96%
Elapsed time:      6m53.9s
Transferring:
 *                             model.safetensors:  1% /2.875Gi, 5.000Mi/s, 9m42sTransferred:   	  736.417 MiB / 3.565 GiB, 20%, 3.162 MiB/s, ETA 15m21s
Errors:                 3 (retrying may help)
Checks:                 0 / 0, -, Listed 34
Transferred:           27 / 28, 96%
Elapsed time:      6m54.4s
Transferring:
 *                             model.safetensors:  1% /2.875Gi, 5.000Mi/s, 9m42sTransferred:   	  736.417 MiB / 736.417 MiB, 100%, 3.162 MiB/s, ETA 0s
Errors:                 3 (retrying may help)
Checks:                 0 / 0, -, Listed 34
Transferred:           27 / 28, 96%
Elapsed time:      6m54.9s
Transferring:
 *                             model.safetensors: transferringTransferred:   	  738.604 MiB / 3.595 GiB, 20%, 2.965 MiB/s, ETA 16m32s
Errors:                 3 (retrying may help)
Checks:                 0 / 0, -, Listed 34
Transferred:           27 / 28, 96%
Elapsed time:      6m55.4s
Transferring:
 *                             model.safetensors:  0% /2.875Gi, 0/s, -Transferred:   	  741.417 MiB / 3.595 GiB, 20%, 2.965 MiB/s, ETA 16m31s
Errors:                 3 (retrying may help)
Checks:                 0 / 0, -, Listed 34
Transferred:           27 / 28, 96%
Elapsed time:      6m55.9s
Transferring:
 *                             model.safetensors:  0% /2.875Gi, 0/s, -Transferred:   	  741.417 MiB / 3.595 GiB, 20%, 3.092 MiB/s, ETA 15m50s
Errors:                 3 (retrying may help)
Checks:                 0 / 0, -, Listed 34
Transferred:           27 / 28, 96%
Elapsed time:      6m56.4s
Transferring:
 *                             model.safetensors:  0% /2.875Gi, 5.000Mi/s, 9m47sTransferred:   	  746.573 MiB / 3.595 GiB, 20%, 3.092 MiB/s, ETA 15m49s
Errors:                 3 (retrying may help)
Checks:                 0 / 0, -, Listed 34
Transferred:           27 / 28, 96%
Elapsed time:      6m56.9s
Transferring:
 *                             model.safetensors:  0% /2.875Gi, 5.000Mi/s, 9m46sTransferred:   	  748.573 MiB / 3.595 GiB, 20%, 3.221 MiB/s, ETA 15m10s
Errors:                 3 (retrying may help)
Checks:                 0 / 0, -, Listed 34
Transferred:           27 / 28, 96%
Elapsed time:      6m57.4s
Transferring:
 *                             model.safetensors:  0% /2.875Gi, 5.672Mi/s, 8m36sTransferred:   	  752.761 MiB / 3.595 GiB, 20%, 3.221 MiB/s, ETA 15m9s
Errors:                 3 (retrying may help)
Checks:                 0 / 0, -, Listed 34
Transferred:           27 / 28, 96%
Elapsed time:      6m57.9s
Transferring:
 *                             model.safetensors:  0% /2.875Gi, 5.672Mi/s, 8m36sTransferred:   	  762.354 MiB / 3.595 GiB, 21%, 3.406 MiB/s, ETA 14m16s
Errors:                 3 (retrying may help)
Checks:                 0 / 0, -, Listed 34
Transferred:           27 / 28, 96%
Elapsed time:      6m58.4s
Transferring:
 *                             model.safetensors:  0% /2.875Gi, 8.646Mi/s, 5m37sTransferred:   	  766.417 MiB / 3.595 GiB, 21%, 3.406 MiB/s, ETA 14m15s
Errors:                 3 (retrying may help)
Checks:                 0 / 0, -, Listed 34
Transferred:           27 / 28, 96%
Elapsed time:      6m58.9s
Transferring:
 *                             model.safetensors:  1% /2.875Gi, 8.646Mi/s, 5m37sTransferred:   	  766.417 MiB / 3.595 GiB, 21%, 4.047 MiB/s, ETA 12m
Errors:                 3 (retrying may help)
Checks:                 0 / 0, -, Listed 34
Transferred:           27 / 28, 96%
Elapsed time:      6m59.4s
Transferring:
 *                             model.safetensors:  1% /2.875Gi, 7.500Mi/s, 6m28sTransferred:   	  766.417 MiB / 3.595 GiB, 21%, 4.047 MiB/s, ETA 12m
Errors:                 3 (retrying may help)
Checks:                 0 / 0, -, Listed 34
Transferred:           27 / 28, 96%
Elapsed time:      6m59.9s
Transferring:
 *                             model.safetensors:  1% /2.875Gi, 7.500Mi/s, 6m28sTransferred:   	  766.417 MiB / 3.595 GiB, 21%, 3.794 MiB/s, ETA 12m48s
Errors:                 3 (retrying may help)
Checks:                 0 / 0, -, Listed 34
Transferred:           27 / 28, 96%
Elapsed time:       7m0.4s
Transferring:
 *                             model.safetensors:  1% /2.875Gi, 6.000Mi/s, 8m5sTransferred:   	  766.417 MiB / 766.417 MiB, 100%, 3.794 MiB/s, ETA 0s
Errors:                 3 (retrying may help)
Checks:                 0 / 0, -, Listed 34
Transferred:           27 / 28, 96%
Elapsed time:       7m0.9s
Transferring:
 *                             model.safetensors: transferringTransferred:   	  769.886 MiB / 3.624 GiB, 21%, 3.557 MiB/s, ETA 13m46s
Errors:                 3 (retrying may help)
Checks:                 0 / 0, -, Listed 34
Transferred:           27 / 28, 96%
Elapsed time:       7m1.4s
Transferring:
 *                             model.safetensors:  0% /2.875Gi, 0/s, -Transferred:   	  772.229 MiB / 3.624 GiB, 21%, 3.557 MiB/s, ETA 13m46s
Errors:                 3 (retrying may help)
Checks:                 0 / 0, -, Listed 34
Transferred:           27 / 28, 96%
Elapsed time:       7m1.9s
Transferring:
 *                             model.safetensors:  0% /2.875Gi, 0/s, -Transferred:   	  772.792 MiB / 3.624 GiB, 21%, 3.698 MiB/s, ETA 13m14s
Errors:                 3 (retrying may help)
Checks:                 0 / 0, -, Listed 34
Transferred:           27 / 28, 96%
Elapsed time:       7m2.4s
Transferring:
 *                             model.safetensors:  0% /2.875Gi, 6.093Mi/s, 8m2sTransferred:   	  773.886 MiB / 3.624 GiB, 21%, 3.698 MiB/s, ETA 13m14s
Errors:                 3 (retrying may help)
Checks:                 0 / 0, -, Listed 34
Transferred:           27 / 28, 96%
Elapsed time:       7m2.9s
Transferring:
 *                             model.safetensors:  0% /2.875Gi, 6.093Mi/s, 8m1sTransferred:   	  781.136 MiB / 3.624 GiB, 21%, 3.570 MiB/s, ETA 13m40s
Errors:                 3 (retrying may help)
Checks:                 0 / 0, -, Listed 34
Transferred:           27 / 28, 96%
Elapsed time:       7m3.4s
Transferring:
 *                             model.safetensors:  0% /2.875Gi, 7.359Mi/s, 6m38sTransferred:   	  783.292 MiB / 3.624 GiB, 21%, 3.570 MiB/s, ETA 13m39s
Errors:                 3 (retrying may help)
Checks:                 0 / 0, -, Listed 34
Transferred:           27 / 28, 96%
Elapsed time:       7m3.9s
Transferring:
 *                             model.safetensors:  0% /2.875Gi, 7.359Mi/s, 6m37sTransferred:   	  785.792 MiB / 3.624 GiB, 21%, 3.935 MiB/s, ETA 12m23s
Errors:                 3 (retrying may help)
Checks:                 0 / 0, -, Listed 34
Transferred:           27 / 28, 96%
Elapsed time:       7m4.4s
Transferring:
 *                             model.safetensors:  0% /2.875Gi, 6.458Mi/s, 7m32sTransferred:   	  792.261 MiB / 3.624 GiB, 21%, 3.935 MiB/s, ETA 12m21s
Errors:                 3 (retrying may help)
Checks:                 0 / 0, -, Listed 34
Transferred:           27 / 28, 96%
Elapsed time:       7m4.9s
Transferring:
 *                             model.safetensors:  0% /2.875Gi, 6.458Mi/s, 7m31sTransferred:   	  792.542 MiB / 3.624 GiB, 21%, 4.250 MiB/s, ETA 11m26s
Errors:                 3 (retrying may help)
Checks:                 0 / 0, -, Listed 34
Transferred:           27 / 28, 96%
Elapsed time:       7m5.4s
Transferring:
 *                             model.safetensors:  0% /2.875Gi, 6.531Mi/s, 7m26sTransferred:   	  793.323 MiB / 3.624 GiB, 21%, 4.250 MiB/s, ETA 11m26s
Errors:                 3 (retrying may help)
Checks:                 0 / 0, -, Listed 34
Transferred:           27 / 28, 96%
Elapsed time:       7m5.9s
Transferring:
 *                             model.safetensors:  0% /2.875Gi, 6.531Mi/s, 7m26sTransferred:   	  793.323 MiB / 3.624 GiB, 21%, 4.050 MiB/s, ETA 12m
Errors:                 3 (retrying may help)
Checks:                 0 / 0, -, Listed 34
Transferred:           27 / 28, 96%
Elapsed time:       7m6.4s
Transferring:
 *                             model.safetensors:  0% /2.875Gi, 5.381Mi/s, 9m2sTransferred:   	  793.323 MiB / 793.323 MiB, 100%, 4.050 MiB/s, ETA 0s
Errors:                 3 (retrying may help)
Checks:                 0 / 0, -, Listed 34
Transferred:           27 / 28, 96%
Elapsed time:       7m6.9s
Transferring:
 *                             model.safetensors: transferringTransferred:   	  796.667 MiB / 3.650 GiB, 21%, 3.797 MiB/s, ETA 12m54s
Errors:                 3 (retrying may help)
Checks:                 0 / 0, -, Listed 34
Transferred:           27 / 28, 96%
Elapsed time:       7m7.4s
Transferring:
 *                             model.safetensors:  0% /2.875Gi, 0/s, -Transferred:   	  799.136 MiB / 3.650 GiB, 21%, 3.797 MiB/s, ETA 12m53s
Errors:                 3 (retrying may help)
Checks:                 0 / 0, -, Listed 34
Transferred:           27 / 28, 96%
Elapsed time:       7m7.9s
Transferring:
 *                             model.safetensors:  0% /2.875Gi, 0/s, -Transferred:   	  800.667 MiB / 3.650 GiB, 21%, 3.923 MiB/s, ETA 12m28s
Errors:                 3 (retrying may help)
Checks:                 0 / 0, -, Listed 34
Transferred:           27 / 28, 96%
Elapsed time:       7m8.4s
Transferring:
 *                             model.safetensors:  0% /2.875Gi, 7.344Mi/s, 6m39sTransferred:   	  805.011 MiB / 3.650 GiB, 22%, 3.923 MiB/s, ETA 12m27s
Errors:                 3 (retrying may help)
Checks:                 0 / 0, -, Listed 34
Transferred:           27 / 28, 96%
Elapsed time:       7m8.9s
Transferring:
 *                             model.safetensors:  0% /2.875Gi, 7.344Mi/s, 6m39sTransferred:   	  807.386 MiB / 3.650 GiB, 22%, 4.045 MiB/s, ETA 12m4s
Errors:                 3 (retrying may help)
Checks:                 0 / 0, -, Listed 34
Transferred:           27 / 28, 96%
Elapsed time:       7m9.4s
Transferring:
 *                             model.safetensors:  0% /2.875Gi, 7.031Mi/s, 6m56sTransferred:   	  809.761 MiB / 3.650 GiB, 22%, 4.045 MiB/s, ETA 12m3s
Errors:                 3 (retrying may help)
Checks:                 0 / 0, -, Listed 34
Transferred:           27 / 28, 96%
Elapsed time:       7m9.9s
Transferring:
 *                             model.safetensors:  0% /2.875Gi, 7.031Mi/s, 6m56sTransferred:   	  811.417 MiB / 3.650 GiB, 22%, 4.089 MiB/s, ETA 11m55s
Errors:                 3 (retrying may help)
Checks:                 0 / 0, -, Listed 34
Transferred:           27 / 28, 96%
Elapsed time:      7m10.4s
Transferring:
 *                             model.safetensors:  0% /2.875Gi, 5.937Mi/s, 8m12sTransferred:   	  814.761 MiB / 3.650 GiB, 22%, 4.089 MiB/s, ETA 11m54s
Errors:                 3 (retrying may help)
Checks:                 0 / 0, -, Listed 34
Transferred:           27 / 28, 96%
Elapsed time:      7m10.9s
Transferring:
 *                             model.safetensors:  0% /2.875Gi, 5.937Mi/s, 8m12sTransferred:   	  816.261 MiB / 3.650 GiB, 22%, 4.146 MiB/s, ETA 11m44s
Errors:                 3 (retrying may help)
Checks:                 0 / 0, -, Listed 34
Transferred:           27 / 28, 96%
Elapsed time:      7m11.4s
Transferring:
 *                             model.safetensors:  0% /2.875Gi, 5.734Mi/s, 8m29sTransferred:   	  819.636 MiB / 3.650 GiB, 22%, 4.146 MiB/s, ETA 11m43s
Errors:                 3 (retrying may help)
Checks:                 0 / 0, -, Listed 34
Transferred:           27 / 28, 96%
Elapsed time:      7m11.9s
Transferring:
 *                             model.safetensors:  0% /2.875Gi, 5.734Mi/s, 8m28sTransferred:   	  821.261 MiB / 3.650 GiB, 22%, 4.192 MiB/s, ETA 11m35s
Errors:                 3 (retrying may help)
Checks:                 0 / 0, -, Listed 34
Transferred:           27 / 28, 96%
Elapsed time:      7m12.4s
Transferring:
 *                             model.safetensors:  0% /2.875Gi, 5.587Mi/s, 8m41sTransferred:   	  821.261 MiB / 3.650 GiB, 22%, 4.192 MiB/s, ETA 11m35s
Errors:                 3 (retrying may help)
Checks:                 0 / 0, -, Listed 34
Transferred:           27 / 28, 96%
Elapsed time:      7m12.9s
Transferring:
 *                             model.safetensors:  0% /2.875Gi, 5.587Mi/s, 8m41sTransferred:   	  821.573 MiB / 3.650 GiB, 22%, 4.031 MiB/s, ETA 12m3s
Errors:                 3 (retrying may help)
Checks:                 0 / 0, -, Listed 34
Transferred:           27 / 28, 96%
Elapsed time:      7m13.4s
Transferring:
 *                             model.safetensors:  0% /2.875Gi, 4.708Mi/s, 10m19Transferred:   	  821.573 MiB / 3.650 GiB, 22%, 4.031 MiB/s, ETA 12m3s
Errors:                 3 (retrying may help)
Checks:                 0 / 0, -, Listed 34
Transferred:           27 / 28, 96%
Elapsed time:      7m13.9s
Transferring:
 *                             model.safetensors:  0% /2.875Gi, 4.708Mi/s, 10m19Transferred:   	  821.573 MiB / 3.650 GiB, 22%, 3.799 MiB/s, ETA 12m47s
Errors:                 3 (retrying may help)
Checks:                 0 / 0, -, Listed 34
Transferred:           27 / 28, 96%
Elapsed time:      7m14.4s
Transferring:
 *                             model.safetensors:  0% /2.875Gi, 4.036Mi/s, 12m2sTransferred:   	  821.573 MiB / 821.573 MiB, 100%, 3.799 MiB/s, ETA 0s
Errors:                 3 (retrying may help)
Checks:                 0 / 0, -, Listed 34
Transferred:           27 / 28, 96%
Elapsed time:      7m14.9s
Transferring:
 *                             model.safetensors: transferringTransferred:   	  826.386 MiB / 3.678 GiB, 22%, 3.561 MiB/s, ETA 13m45s
Errors:                 3 (retrying may help)
Checks:                 0 / 0, -, Listed 34
Transferred:           27 / 28, 96%
Elapsed time:      7m15.4s
Transferring:
 *                             model.safetensors:  0% /2.875Gi, 0/s, -Transferred:   	  827.386 MiB / 3.678 GiB, 22%, 3.561 MiB/s, ETA 13m45s
Errors:                 3 (retrying may help)
Checks:                 0 / 0, -, Listed 34
Transferred:           27 / 28, 96%
Elapsed time:      7m15.9s
Transferring:
 *                             model.safetensors:  0% /2.875Gi, 0/s, -Transferred:   	  828.229 MiB / 3.678 GiB, 22%, 3.702 MiB/s, ETA 13m13s
Errors:                 3 (retrying may help)
Checks:                 0 / 0, -, Listed 34
Transferred:           27 / 28, 96%
Elapsed time:      7m16.4s
Transferring:
 *                             model.safetensors:  0% /2.875Gi, 5.812Mi/s, 8m25sTransferred:   	  830.042 MiB / 3.678 GiB, 22%, 3.702 MiB/s, ETA 13m13s
Errors:                 3 (retrying may help)
Checks:                 0 / 0, -, Listed 34
Transferred:           27 / 28, 96%
Elapsed time:      7m16.9s
Transferring:
 *                             model.safetensors:  0% /2.875Gi, 5.812Mi/s, 8m25sTransferred:   	  836.667 MiB / 3.678 GiB, 22%, 3.637 MiB/s, ETA 13m25s
Errors:                 3 (retrying may help)
Checks:                 0 / 0, -, Listed 34
Transferred:           27 / 28, 96%
Elapsed time:      7m17.4s
Transferring:
 *                             model.safetensors:  0% /2.875Gi, 7.140Mi/s, 6m50sTransferred:   	  836.917 MiB / 3.678 GiB, 22%, 3.637 MiB/s, ETA 13m25s
Errors:                 3 (retrying may help)
Checks:                 0 / 0, -, Listed 34
Transferred:           27 / 28, 96%
Elapsed time:      7m17.9s
Transferring:
 *                             model.safetensors:  0% /2.875Gi, 7.140Mi/s, 6m50sTransferred:   	  838.479 MiB / 3.678 GiB, 22%, 3.839 MiB/s, ETA 12m42s
Errors:                 3 (retrying may help)
Checks:                 0 / 0, -, Listed 34
Transferred:           27 / 28, 96%
Elapsed time:      7m18.4s
Transferring:
 *                             model.safetensors:  0% /2.875Gi, 5.542Mi/s, 8m48sTransferred:   	  845.979 MiB / 3.678 GiB, 22%, 3.839 MiB/s, ETA 12m40s
Errors:                 3 (retrying may help)
Checks:                 0 / 0, -, Listed 34
Transferred:           27 / 28, 96%
Elapsed time:      7m18.9s
Transferring:
 *                             model.safetensors:  0% /2.875Gi, 5.542Mi/s, 8m46sTransferred:   	  848.042 MiB / 3.678 GiB, 23%, 4.166 MiB/s, ETA 11m40s
Errors:                 3 (retrying may help)
Checks:                 0 / 0, -, Listed 34
Transferred:           27 / 28, 96%
Elapsed time:      7m19.4s
Transferring:
 *                             model.safetensors:  0% /2.875Gi, 6.617Mi/s, 7m20sTransferred:   	  850.042 MiB / 3.678 GiB, 23%, 4.166 MiB/s, ETA 11m40s
Errors:                 3 (retrying may help)
Checks:                 0 / 0, -, Listed 34
Transferred:           27 / 28, 96%
Elapsed time:      7m19.9s
Transferring:
 *                             model.safetensors:  0% /2.875Gi, 6.617Mi/s, 7m20sTransferred:   	  850.042 MiB / 3.678 GiB, 23%, 4.159 MiB/s, ETA 11m41s
Errors:                 3 (retrying may help)
Checks:                 0 / 0, -, Listed 34
Transferred:           27 / 28, 96%
Elapsed time:      7m20.4s
Transferring:
 *                             model.safetensors:  0% /2.875Gi, 5.694Mi/s, 8m32sTransferred:   	  850.042 MiB / 3.678 GiB, 23%, 4.159 MiB/s, ETA 11m41s
Errors:                 3 (retrying may help)
Checks:                 0 / 0, -, Listed 34
Transferred:           27 / 28, 96%
Elapsed time:      7m20.9s
Transferring:
 *                             model.safetensors:  0% /2.875Gi, 5.694Mi/s, 8m32sTransferred:   	  850.042 MiB / 3.678 GiB, 23%, 3.899 MiB/s, ETA 12m27s
Errors:                 3 (retrying may help)
Checks:                 0 / 0, -, Listed 34
Transferred:           27 / 28, 96%
Elapsed time:      7m21.4s
Transferring:
 *                             model.safetensors:  0% /2.875Gi, 4.745Mi/s, 10m14Transferred:   	  850.042 MiB / 3.678 GiB, 23%, 3.899 MiB/s, ETA 12m27s
Errors:                 3 (retrying may help)
Checks:                 0 / 0, -, Listed 34
Transferred:           27 / 28, 96%
Elapsed time:      7m21.9s
Transferring:
 *                             model.safetensors:  0% /2.875Gi, 4.745Mi/s, 10m14Transferred:   	  850.042 MiB / 3.678 GiB, 23%, 3.656 MiB/s, ETA 13m17s
Errors:                 3 (retrying may help)
Checks:                 0 / 0, -, Listed 34
Transferred:           27 / 28, 96%
Elapsed time:      7m22.4s
Transferring:
 *                             model.safetensors:  0% /2.875Gi, 4.067Mi/s, 11m56Transferred:   	  850.042 MiB / 850.042 MiB, 100%, 3.656 MiB/s, ETA 0s
Errors:                 3 (retrying may help)
Checks:                 0 / 0, -, Listed 34
Transferred:           27 / 28, 96%
Elapsed time:      7m22.9s
Transferring:
 *                             model.safetensors: transferringTransferred:   	  850.042 MiB / 850.042 MiB, 100%, 3.427 MiB/s, ETA 0s
Errors:                 3 (retrying may help)
Checks:                 0 / 0, -, Listed 34
Transferred:           27 / 28, 96%
Elapsed time:      7m23.4s
Transferring:
 *                             model.safetensors: transferringTransferred:   	  852.104 MiB / 3.706 GiB, 22%, 3.427 MiB/s, ETA 14m18s
Errors:                 3 (retrying may help)
Checks:                 0 / 0, -, Listed 34
Transferred:           27 / 28, 96%
Elapsed time:      7m23.9s
Transferring:
 *                             model.safetensors:  0% /2.875Gi, 0/s, -Transferred:   	  857.823 MiB / 3.706 GiB, 23%, 3.342 MiB/s, ETA 14m38s
Errors:                 3 (retrying may help)
Checks:                 0 / 0, -, Listed 34
Transferred:           27 / 28, 96%
Elapsed time:      7m24.4s
Transferring:
 *                             model.safetensors:  0% /2.875Gi, 0/s, -Transferred:   	  858.636 MiB / 3.706 GiB, 23%, 3.342 MiB/s, ETA 14m38s
Errors:                 3 (retrying may help)
Checks:                 0 / 0, -, Listed 34
Transferred:           27 / 28, 96%
Elapsed time:      7m24.9s
Transferring:
 *                             model.safetensors:  0% /2.875Gi, 8.593Mi/s, 5m41sTransferred:   	  867.261 MiB / 3.706 GiB, 23%, 3.541 MiB/s, ETA 13m46s
Errors:                 3 (retrying may help)
Checks:                 0 / 0, -, Listed 34
Transferred:           27 / 28, 96%
Elapsed time:      7m25.4s
Transferring:
 *                             model.safetensors:  0% /2.875Gi, 8.593Mi/s, 5m40sTransferred:   	  867.761 MiB / 3.706 GiB, 23%, 3.541 MiB/s, ETA 13m46s
Errors:                 3 (retrying may help)
Checks:                 0 / 0, -, Listed 34
Transferred:           27 / 28, 96%
Elapsed time:      7m25.9s
Transferring:
 *                             model.safetensors:  0% /2.875Gi, 8.859Mi/s, 5m30sTransferred:   	  868.011 MiB / 3.706 GiB, 23%, 3.890 MiB/s, ETA 12m32s
Errors:                 3 (retrying may help)
Checks:                 0 / 0, -, Listed 34
Transferred:           27 / 28, 96%
Elapsed time:      7m26.4s
Transferring:
 *                             model.safetensors:  0% /2.875Gi, 8.859Mi/s, 5m30sTransferred:   	  869.823 MiB / 3.706 GiB, 23%, 3.890 MiB/s, ETA 12m31s
Errors:                 3 (retrying may help)
Checks:                 0 / 0, -, Listed 34
Transferred:           27 / 28, 96%
Elapsed time:      7m26.9s
Transferring:
 *                             model.safetensors:  0% /2.875Gi, 6.594Mi/s, 7m23sTransferred:   	  870.854 MiB / 3.706 GiB, 23%, 3.776 MiB/s, ETA 12m54s
Errors:                 3 (retrying may help)
Checks:                 0 / 0, -, Listed 34
Transferred:           27 / 28, 96%
Elapsed time:      7m27.4s
Transferring:
 *                             model.safetensors:  0% /2.875Gi, 6.594Mi/s, 7m23sTransferred:   	  875.761 MiB / 3.706 GiB, 23%, 3.776 MiB/s, ETA 12m52s
Errors:                 3 (retrying may help)
Checks:                 0 / 0, -, Listed 34
Transferred:           27 / 28, 96%
Elapsed time:      7m27.9s
Transferring:
 *                             model.safetensors:  0% /2.875Gi, 6.430Mi/s, 7m33sTransferred:   	  878.761 MiB / 3.706 GiB, 23%, 3.911 MiB/s, ETA 12m25s
Errors:                 3 (retrying may help)
Checks:                 0 / 0, -, Listed 34
Transferred:           27 / 28, 96%
Elapsed time:      7m28.4s
Transferring:
 *                             model.safetensors:  0% /2.875Gi, 6.430Mi/s, 7m33sTransferred:   	  879.011 MiB / 3.706 GiB, 23%, 3.911 MiB/s, ETA 12m25s
Errors:                 3 (retrying may help)
Checks:                 0 / 0, -, Listed 34
Transferred:           27 / 28, 96%
Elapsed time:      7m28.9s
Transferring:
 *                             model.safetensors:  0% /2.875Gi, 5.794Mi/s, 8m23sTransferred:   	  884.448 MiB / 3.706 GiB, 23%, 3.870 MiB/s, ETA 12m32s
Errors:                 3 (retrying may help)
Checks:                 0 / 0, -, Listed 34
Transferred:           27 / 28, 96%
Elapsed time:      7m29.5s
Transferring:
 *                             model.safetensors:  1% /2.875Gi, 5.794Mi/s, 8m22sTransferred:   	  884.761 MiB / 3.706 GiB, 23%, 3.870 MiB/s, ETA 12m31s
Errors:                 3 (retrying may help)
Checks:                 0 / 0, -, Listed 34
Transferred:           27 / 28, 96%
Elapsed time:      7m29.9s
Transferring:
 *                             model.safetensors:  1% /2.875Gi, 5.786Mi/s, 8m22sTransferred:   	  884.761 MiB / 3.706 GiB, 23%, 3.987 MiB/s, ETA 12m9s
Errors:                 3 (retrying may help)
Checks:                 0 / 0, -, Listed 34
Transferred:           27 / 28, 96%
Elapsed time:      7m30.4s
Transferring:
 *                             model.safetensors:  1% /2.875Gi, 5.786Mi/s, 8m22sTransferred:   	  884.761 MiB / 3.706 GiB, 23%, 3.987 MiB/s, ETA 12m9s
Errors:                 3 (retrying may help)
Checks:                 0 / 0, -, Listed 34
Transferred:           27 / 28, 96%
Elapsed time:      7m30.9s
Transferring:
 *                             model.safetensors:  1% /2.875Gi, 4.960Mi/s, 9m46sTransferred:   	  884.761 MiB / 3.706 GiB, 23%, 3.738 MiB/s, ETA 12m58s
Errors:                 3 (retrying may help)
Checks:                 0 / 0, -, Listed 34
Transferred:           27 / 28, 96%
Elapsed time:      7m31.4s
Transferring:
 *                             model.safetensors:  1% /2.875Gi, 4.960Mi/s, 9m46sTransferred:   	  884.761 MiB / 3.706 GiB, 23%, 3.738 MiB/s, ETA 12m58s
Errors:                 3 (retrying may help)
Checks:                 0 / 0, -, Listed 34
Transferred:           27 / 28, 96%
Elapsed time:      7m31.9s
Transferring:
 *                             model.safetensors:  1% /2.875Gi, 4.340Mi/s, 11m10Transferred:   	  884.761 MiB / 3.706 GiB, 23%, 3.504 MiB/s, ETA 13m50s
Errors:                 3 (retrying may help)
Checks:                 0 / 0, -, Listed 34
Transferred:           27 / 28, 96%
Elapsed time:      7m32.4s
Transferring:
 *                             model.safetensors:  1% /2.875Gi, 4.340Mi/s, 11m10Transferred:   	  884.761 MiB / 3.706 GiB, 23%, 3.504 MiB/s, ETA 13m50s
Errors:                 3 (retrying may help)
Checks:                 0 / 0, -, Listed 34
Transferred:           27 / 28, 96%
Elapsed time:      7m32.9s
Transferring:
 *                             model.safetensors:  1% /2.875Gi, 3.858Mi/s, 12m34Transferred:   	  884.761 MiB / 3.706 GiB, 23%, 3.285 MiB/s, ETA 14m45s
Errors:                 3 (retrying may help)
Checks:                 0 / 0, -, Listed 34
Transferred:           27 / 28, 96%
Elapsed time:      7m33.4s
Transferring:
 *                             model.safetensors:  1% /2.875Gi, 3.858Mi/s, 12m34
2026/03/19 16:18:06 ERROR : model.safetensors: Failed to copy: multi-thread copy: failed to write chunk: failed to upload chunk 4 with 5242880 bytes: operation error S3: UploadPart, https response error StatusCode: 500, RequestID: , HostID: , error while deserializing xml error response : XML syntax error on line 6: element <hr> closed by </body>
failed to get rate limit token, retry quota exceeded, 3 available, 5 requested
Transferred:   	  884.761 MiB / 884.761 MiB, 100%, 3.285 MiB/s, ETA 0s
Errors:                 4 (retrying may help)
Checks:                 0 / 0, -, Listed 34
Transferred:           27 / 28, 96%
Elapsed time:      7m33.5s
Transferring:
 *                             model.safetensors: transferring
2026/03/19 16:18:06 ERROR : Attempt 1/3 failed with 4 errors and: multi-thread copy: failed to write chunk: failed to upload chunk 4 with 5242880 bytes: operation error S3: UploadPart, https response error StatusCode: 500, RequestID: , HostID: , error while deserializing xml error response : XML syntax error on line 6: element <hr> closed by </body>
failed to get rate limit token, retry quota exceeded, 3 available, 5 requested
Transferred:   	  884.761 MiB / 884.761 MiB, 100%, 3.285 MiB/s, ETA 0s
Errors:                 4 (retrying may help)
Checks:                 0 / 0, -, Listed 34
Transferred:           27 / 27, 100%
Elapsed time:      7m33.5sTransferred:   	  884.761 MiB / 884.761 MiB, 100%, 3.285 MiB/s, ETA 0s
Checks:                 0 / 0, -, Listed 45
Transferred:           27 / 27, 100%
Elapsed time:      7m33.9sTransferred:   	  884.761 MiB / 895.709 MiB, 99%, 3.285 MiB/s, ETA 3s
Checks:                 0 / 6, 0%, Listed 53
Transferred:           27 / 31, 87%
Elapsed time:      7m34.4s
Checking:
 *                                .gitattributes: checking
 *                                       LICENSE: checking
 *                                     README.md: checking
 *                                   config.json: checking
 *                        generation_config.json: checking
 *                         tokenizer_config.json: checking
Transferring:
 *                                    merges.txt:  0% /1.594Mi, 0/s, -
 *                             model.safetensors: transferring
 *                                tokenizer.json:  0% /6.706Mi, 0/s, -
 *                                    vocab.json:  0% /2.648Mi, 0/s, -Transferred:   	  884.761 MiB / 895.709 MiB, 99%, 3.285 MiB/s, ETA 3s
Checks:                 2 / 6, 33%, Listed 53
Transferred:           27 / 31, 87%
Elapsed time:      7m34.9s
Checking:
 *                                     README.md: checking
 *                                   config.json: checking
 *                        generation_config.json: checking
 *                         tokenizer_config.json: checking
Transferring:
 *                                    merges.txt:  0% /1.594Mi, 0/s, -
 *                             model.safetensors: transferring
 *                                tokenizer.json:  0% /6.706Mi, 0/s, -
 *                                    vocab.json:  0% /2.648Mi, 0/s, -Transferred:   	  884.761 MiB / 895.709 MiB, 99%, 3.080 MiB/s, ETA 3s
Checks:                 2 / 6, 33%, Listed 53
Transferred:           27 / 31, 87%
Elapsed time:      7m35.4s
Checking:
 *                                     README.md: checking
 *                                   config.json: checking
 *                        generation_config.json: checking
 *                         tokenizer_config.json: checking
Transferring:
 *                                    merges.txt:  0% /1.594Mi, 0/s, -
 *                             model.safetensors: transferring
 *                                tokenizer.json:  0% /6.706Mi, 0/s, -
 *                                    vocab.json:  0% /2.648Mi, 0/s, -Transferred:   	  884.761 MiB / 895.709 MiB, 99%, 3.080 MiB/s, ETA 3s
Checks:                 2 / 6, 33%, Listed 53
Transferred:           27 / 31, 87%
Elapsed time:      7m35.9s
Checking:
 *                                     README.md: checking
 *                                   config.json: checking
 *                        generation_config.json: checking
 *                         tokenizer_config.json: checking
Transferring:
 *                                    merges.txt:  0% /1.594Mi, 0/s, -
 *                             model.safetensors: transferring
 *                                tokenizer.json:  0% /6.706Mi, 0/s, -
 *                                    vocab.json:  0% /2.648Mi, 0/s, -Transferred:   	  884.761 MiB / 895.709 MiB, 99%, 2.888 MiB/s, ETA 3s
Checks:                 3 / 6, 50%, Listed 53
Transferred:           27 / 31, 87%
Elapsed time:      7m36.4s
Checking:
 *                                     README.md: checking
 *                        generation_config.json: checking
 *                         tokenizer_config.json: checking
Transferring:
 *                                    merges.txt:  0% /1.594Mi, 0/s, -
 *                             model.safetensors: transferring
 *                                tokenizer.json:  0% /6.706Mi, 0/s, -
 *                                    vocab.json:  0% /2.648Mi, 0/s, -Transferred:   	  891.874 MiB / 895.709 MiB, 100%, 2.888 MiB/s, ETA 1s
Checks:                 5 / 6, 83%, Listed 56
Transferred:           27 / 31, 87%
Elapsed time:      7m36.9s
Checking:
 *                         tokenizer_config.json: checking
Transferring:
 *                                    merges.txt: 50% /1.594Mi, 0/s, -
 *                             model.safetensors: transferring
 *                                tokenizer.json: 82% /6.706Mi, 0/s, -
 *                                    vocab.json: 29% /2.648Mi, 0/s, -Transferred:   	  894.401 MiB / 895.709 MiB, 100%, 3.276 MiB/s, ETA 0s
Checks:                 5 / 6, 83%, Listed 56
Transferred:           27 / 31, 87%
Elapsed time:      7m37.4s
Checking:
 *                         tokenizer_config.json: checking
Transferring:
 *                                    merges.txt:100% /1.594Mi, 457.326Ki/s, 0s
 *                             model.safetensors: transferring
 *                                tokenizer.json:100% /6.706Mi, 2.235Mi/s, 0s
 *                                    vocab.json: 50% /2.648Mi, 361.337Ki/s, 3sTransferred:   	  894.963 MiB / 895.709 MiB, 100%, 3.276 MiB/s, ETA 0s
Checks:                 6 / 7, 86%, Listed 78
Transferred:           27 / 31, 87%
Elapsed time:      7m37.9s
Checking:
 *                 .cache/huggingface/.gitignore: checking
Transferring:
 *                                    merges.txt:100% /1.594Mi, 457.326Ki/s, 0s
 *                             model.safetensors: transferring
 *                                tokenizer.json:100% /6.706Mi, 2.235Mi/s, 0s
 *                                    vocab.json: 71% /2.648Mi, 361.337Ki/s, 2sTransferred:   	  895.526 MiB / 895.709 MiB, 100%, 3.158 MiB/s, ETA 0s
Checks:                 7 / 7, 100%, Listed 78
Transferred:           27 / 31, 87%
Elapsed time:      7m38.4s
Transferring:
 *                                    merges.txt:100% /1.594Mi, 408.159Ki/s, 0s
 *                             model.safetensors: transferring
 *                                tokenizer.json:100% /6.706Mi, 1.676Mi/s, 0s
 *                                    vocab.json: 93% /2.648Mi, 559.003Ki/s, 0sTransferred:   	  895.709 MiB / 3.750 GiB, 23%, 3.158 MiB/s, ETA 15m32s
Checks:                 7 / 27, 26%, Listed 98
Transferred:           27 / 31, 87%
Elapsed time:      7m38.9s
Checking:
 * .cache/huggingface/dow…ad/.gitattributes.lock: checking
 * .cache/huggingface/dow…gitattributes.metadata: checking
 *      .cache/huggingface/download/LICENSE.lock: checking
 *  .cache/huggingface/download/LICENSE.metadata: checking
 * .cache/huggingface/dow…oad/README.md.metadata: checking
 *    .cache/huggingface/download/README.md.lock: checking
 *  .cache/huggingface/download/config.json.lock: checking
 * .cache/huggingface/dow…d/config.json.metadata: checking
Transferring:
 *                                    merges.txt:100% /1.594Mi, 408.159Ki/s, 0s
 *                             model.safetensors:  0% /2.875Gi, 0/s, -
 *                                tokenizer.json:100% /6.706Mi, 1.676Mi/s, 0s
 *                                    vocab.json:100% /2.648Mi, 559.003Ki/s, 0sTransferred:   	  899.365 MiB / 3.757 GiB, 23%, 3.214 MiB/s, ETA 15m17s
Checks:                10 / 27, 37%, Listed 98
Transferred:           27 / 31, 87%
Elapsed time:      7m39.4s
Checking:
 * .cache/huggingface/dow…ad/.gitattributes.lock: checking
 * .cache/huggingface/dow…gitattributes.metadata: checking
 *    .cache/huggingface/download/README.md.lock: checking
 *  .cache/huggingface/download/config.json.lock: checking
 * .cache/huggingface/dow…d/config.json.metadata: checking
 * .cache/huggingface/dow…ation_config.json.lock: checking
 * .cache/huggingface/dow…n_config.json.metadata: checking
 *   .cache/huggingface/download/merges.txt.lock: checking
Transferring:
 *                                    merges.txt:100% /1.594Mi, 326.527Ki/s, 0s
 *                             model.safetensors:  0% /2.875Gi, 0/s, -
 *                                tokenizer.json:  0% /6.706Mi, 0/s, -
 *                                    vocab.json:100% /2.648Mi, 542.353Ki/s, 0sTransferred:   	  904.924 MiB / 3.757 GiB, 24%, 3.214 MiB/s, ETA 15m15s
Checks:                13 / 27, 48%, Listed 98
Transferred:           27 / 31, 87%
Elapsed time:      7m39.9s
Checking:
 * .cache/huggingface/dow…gitattributes.metadata: checking
 * .cache/huggingface/dow…d/config.json.metadata: checking
 * .cache/huggingface/dow…ation_config.json.lock: checking
 * .cache/huggingface/dow…n_config.json.metadata: checking
 *   .cache/huggingface/download/merges.txt.lock: checking
 * .cache/huggingface/dow…ad/merges.txt.metadata: checking
 * .cache/huggingface/dow…model.safetensors.lock: checking
 * .cache/huggingface/dow…l.safetensors.metadata: checking
Transferring:
 *                                    merges.txt:100% /1.594Mi, 326.527Ki/s, 0s
 *                             model.safetensors:  0% /2.875Gi, 5.594Mi/s, 8m44s
 *                                tokenizer.json: 13% /6.706Mi, 0/s, -
 *                                    vocab.json:100% /2.648Mi, 542.353Ki/s, 0sTransferred:   	  909.643 MiB / 3.758 GiB, 24%, 3.415 MiB/s, ETA 14m20s
Checks:                15 / 27, 56%, Listed 98
Transferred:           27 / 31, 87%
Elapsed time:      7m40.4s
Checking:
 * .cache/huggingface/dow…ation_config.json.lock: checking
 * .cache/huggingface/dow…n_config.json.metadata: checking
 *   .cache/huggingface/download/merges.txt.lock: checking
 * .cache/huggingface/dow…ad/merges.txt.metadata: checking
 * .cache/huggingface/dow…model.safetensors.lock: checking
 * .cache/huggingface/dow…l.safetensors.metadata: checking
 * .cache/huggingface/dow…ad/tokenizer.json.lock: checking
 * .cache/huggingface/dow…okenizer.json.metadata: checking
Transferring:
 *                                    merges.txt:  0% /1.594Mi, 0/s, -
 *                             model.safetensors:  0% /2.875Gi, 5.594Mi/s, 8m44s
 *                                tokenizer.json: 17% /6.706Mi, 955.964Ki/s, 5s
 *                                    vocab.json:100% /2.648Mi, 451.960Ki/s, 0sTransferred:   	  916.791 MiB / 3.761 GiB, 24%, 3.415 MiB/s, ETA 14m19s
Checks:                19 / 27, 70%, Listed 98
Transferred:           27 / 31, 87%
Elapsed time:      7m40.9s
Checking:
 * .cache/huggingface/dow…model.safetensors.lock: checking
 * .cache/huggingface/dow…l.safetensors.metadata: checking
 * .cache/huggingface/dow…ad/tokenizer.json.lock: checking
 * .cache/huggingface/dow…okenizer.json.metadata: checking
 * .cache/huggingface/dow…nizer_config.json.lock: checking
 * .cache/huggingface/dow…r_config.json.metadata: checking
 *   .cache/huggingface/download/vocab.json.lock: checking
 * .cache/huggingface/dow…ad/vocab.json.metadata: checking
Transferring:
 *                                    merges.txt: 50% /1.594Mi, 0/s, -
 *                             model.safetensors:  0% /2.875Gi, 6.656Mi/s, 7m19s
 *                                tokenizer.json: 43% /6.706Mi, 955.964Ki/s, 4s
 *                                    vocab.json: 39% /2.648Mi, 0/s, -Transferred:   	  920.421 MiB / 3.761 GiB, 24%, 4.008 MiB/s, ETA 12m11s
Checks:                26 / 27, 96%, Listed 98
Transferred:           27 / 31, 87%
Elapsed time:      7m41.4s
Checking:
 * .cache/huggingface/dow…l.safetensors.metadata: checking
Transferring:
 *                                    merges.txt:100% /1.594Mi, 1.594Mi/s, 0s
 *                             model.safetensors:  0% /2.875Gi, 6.656Mi/s, 7m19s
 *                                tokenizer.json: 60% /6.706Mi, 1.764Mi/s, 1s
 *                                    vocab.json: 50% /2.648Mi, 0/s, -Transferred:   	  922.671 MiB / 3.761 GiB, 24%, 4.008 MiB/s, ETA 12m10s
Checks:                27 / 27, 100%, Listed 98
Transferred:           27 / 31, 87%
Elapsed time:      7m41.9s
Transferring:
 *                                    merges.txt:100% /1.594Mi, 1.594Mi/s, 0s
 *                             model.safetensors:  0% /2.875Gi, 5.896Mi/s, 8m16s
 *                                tokenizer.json: 73% /6.706Mi, 1.764Mi/s, 1s
 *                                    vocab.json: 60% /2.648Mi, 1.590Mi/s, 0sTransferred:   	  924.693 MiB / 3.761 GiB, 24%, 4.027 MiB/s, ETA 12m6s
Checks:                27 / 27, 100%, Listed 98
Transferred:           27 / 31, 87%
Elapsed time:      7m42.4s
Transferring:
 *                                    merges.txt:100% /1.594Mi, 816.301Ki/s, 0s
 *                             model.safetensors:  0% /2.875Gi, 5.896Mi/s, 8m16s
 *                                tokenizer.json:100% /6.706Mi, 1.645Mi/s, 0s
 *                                    vocab.json: 69% /2.648Mi, 1.590Mi/s, 0sTransferred:   	  926.443 MiB / 3.761 GiB, 24%, 4.027 MiB/s, ETA 12m6s
Checks:                27 / 27, 100%, Listed 98
Transferred:           27 / 31, 87%
Elapsed time:      7m42.9s
Transferring:
 *                                    merges.txt:100% /1.594Mi, 816.301Ki/s, 0s
 *                             model.safetensors:  0% /2.875Gi, 4.711Mi/s, 10m20
 *                                tokenizer.json:100% /6.706Mi, 1.645Mi/s, 0s
 *                                    vocab.json: 78% /2.648Mi, 941.958Ki/s, 0sTransferred:   	  927.943 MiB / 3.761 GiB, 24%, 4.050 MiB/s, ETA 12m1s
Checks:                27 / 27, 100%, Listed 98
Transferred:           27 / 31, 87%
Elapsed time:      7m43.4s
Transferring:
 *                                    merges.txt:100% /1.594Mi, 544.200Ki/s, 0s
 *                             model.safetensors:  0% /2.875Gi, 4.711Mi/s, 10m20
 *                                tokenizer.json:100% /6.706Mi, 1.676Mi/s, 0s
 *                                    vocab.json: 97% /2.648Mi, 941.958Ki/s, 0sTransferred:   	  931.346 MiB / 3.762 GiB, 24%, 4.050 MiB/s, ETA 12m1s
Checks:                27 / 27, 100%, Listed 98
Transferred:           27 / 31, 87%
Elapsed time:      7m43.9s
Transferring:
 *                                    merges.txt:100% /1.594Mi, 0/s, -
 *                             model.safetensors:  0% /2.875Gi, 4.331Mi/s, 11m14
 *                                tokenizer.json:100% /6.706Mi, 1.676Mi/s, 0s
 *                                    vocab.json:100% /2.648Mi, 903.892Ki/s, 0sTransferred:   	  933.033 MiB / 3.762 GiB, 24%, 4.117 MiB/s, ETA 11m49s
Checks:                27 / 27, 100%, Listed 98
Transferred:           27 / 31, 87%
Elapsed time:      7m44.4s
Transferring:
 *                                    merges.txt:100% /1.594Mi, 0/s, -
 *                             model.safetensors:  0% /2.875Gi, 4.331Mi/s, 11m14
 *                                tokenizer.json:100% /6.706Mi, 1.341Mi/s, 0s
 *                                    vocab.json:100% /2.648Mi, 903.892Ki/s, 0sTransferred:   	  933.252 MiB / 3.762 GiB, 24%, 4.117 MiB/s, ETA 11m49s
Checks:                27 / 27, 100%, Listed 98
Transferred:           27 / 31, 87%
Elapsed time:      7m44.9s
Transferring:
 *                                    merges.txt:100% /1.594Mi, 1.594Mi/s, 0s
 *                             model.safetensors:  0% /2.875Gi, 4.130Mi/s, 11m46
 *                                tokenizer.json:100% /6.706Mi, 1.341Mi/s, 0s
 *                                    vocab.json:100% /2.648Mi, 677.918Ki/s, 0sTransferred:   	  936.280 MiB / 3.767 GiB, 24%, 4.008 MiB/s, ETA 12m8s
Checks:                27 / 27, 100%, Listed 98
Transferred:           27 / 31, 87%
Elapsed time:      7m45.4s
Transferring:
 *                                    merges.txt:100% /1.594Mi, 0/s, -
 *                             model.safetensors:  0% /2.875Gi, 4.130Mi/s, 11m46
 *                                tokenizer.json:100% /6.706Mi, 1.118Mi/s, 0s
 *                                    vocab.json: 54% /2.648Mi, 0/s, -Transferred:   	  950.642 MiB / 3.773 GiB, 25%, 4.008 MiB/s, ETA 12m6s
Checks:                27 / 27, 100%, Listed 98
Transferred:           27 / 31, 87%
Elapsed time:      7m45.9s
Transferring:
 *                                    merges.txt:100% /1.594Mi, 0/s, -
 *                             model.safetensors:  1% /2.875Gi, 3.571Mi/s, 13m35
 *                                tokenizer.json:100% /6.706Mi, 0/s, -
 *                                    vocab.json: 97% /2.648Mi, 0/s, -Transferred:   	  952.388 MiB / 3.775 GiB, 25%, 4.765 MiB/s, ETA 10m11s
Checks:                27 / 27, 100%, Listed 98
Transferred:           27 / 31, 87%
Elapsed time:      7m46.4s
Transferring:
 *                                    merges.txt: 89% /1.594Mi, 0/s, -
 *                             model.safetensors:  1% /2.875Gi, 3.571Mi/s, 13m35
 *                                tokenizer.json:100% /6.706Mi, 0/s, -
 *                                    vocab.json: 97% /2.648Mi, 2.590Mi/s, 0sTransferred:   	  955.888 MiB / 3.775 GiB, 25%, 4.765 MiB/s, ETA 10m10s
Checks:                27 / 27, 100%, Listed 98
Transferred:           27 / 31, 87%
Elapsed time:      7m46.9s
Transferring:
 *                                    merges.txt: 89% /1.594Mi, 0/s, -
 *                             model.safetensors:  1% /2.875Gi, 3.977Mi/s, 12m11
 *                                tokenizer.json:100% /6.706Mi, 6.705Mi/s, 0s
 *                                    vocab.json: 97% /2.648Mi, 2.590Mi/s, 0sTransferred:   	  958.822 MiB / 3.775 GiB, 25%, 4.955 MiB/s, ETA 9m46s
Checks:                27 / 27, 100%, Listed 98
Transferred:           27 / 31, 87%
Elapsed time:      7m47.4s
Transferring:
 *                                    merges.txt: 89% /1.594Mi, 1.434Mi/s, 0s
 *                             model.safetensors:  1% /2.875Gi, 3.977Mi/s, 12m10
 *                                tokenizer.json:100% /6.706Mi, 6.705Mi/s, 0s
 *                                    vocab.json:100% /2.648Mi, 1.324Mi/s, 0sTransferred:   	  959.545 MiB / 3.775 GiB, 25%, 4.955 MiB/s, ETA 9m46s
Checks:                27 / 27, 100%, Listed 98
Transferred:           27 / 31, 87%
Elapsed time:      7m47.9s
Transferring:
 *                                    merges.txt:100% /1.594Mi, 1.434Mi/s, 0s
 *                             model.safetensors:  1% /2.875Gi, 4.243Mi/s, 11m24
 *                                tokenizer.json:100% /6.706Mi, 3.353Mi/s, 0s
 *                                    vocab.json:100% /2.648Mi, 1.324Mi/s, 0sTransferred:   	  959.857 MiB / 3.775 GiB, 25%, 4.714 MiB/s, ETA 10m16s
Checks:                27 / 27, 100%, Listed 98
Transferred:           27 / 31, 87%
Elapsed time:      7m48.4s
Transferring:
 *                                    merges.txt:100% /1.594Mi, 816.309Ki/s, 0s
 *                             model.safetensors:  1% /2.875Gi, 4.243Mi/s, 11m24
 *                                tokenizer.json:100% /6.706Mi, 3.353Mi/s, 0s
 *                                    vocab.json:100% /2.648Mi, 903.858Ki/s, 0sTransferred:   	  960.545 MiB / 3.775 GiB, 25%, 4.714 MiB/s, ETA 10m16s
Checks:                27 / 27, 100%, Listed 98
Transferred:           27 / 31, 87%
Elapsed time:      7m48.9s
Transferring:
 *                                    merges.txt:100% /1.594Mi, 816.309Ki/s, 0s
 *                             model.safetensors:  1% /2.875Gi, 3.906Mi/s, 12m23
 *                                tokenizer.json:100% /6.706Mi, 2.235Mi/s, 0s
 *                                    vocab.json:100% /2.648Mi, 903.858Ki/s, 0sTransferred:   	  960.795 MiB / 3.775 GiB, 25%, 4.478 MiB/s, ETA 10m48s
Checks:                27 / 27, 100%, Listed 98
Transferred:           27 / 31, 87%
Elapsed time:      7m49.4s
Transferring:
 *                                    merges.txt:100% /1.594Mi, 544.206Ki/s, 0s
 *                             model.safetensors:  1% /2.875Gi, 3.906Mi/s, 12m23
 *                                tokenizer.json:100% /6.706Mi, 2.235Mi/s, 0s
 *                                    vocab.json:100% /2.648Mi, 677.894Ki/s, 0sTransferred:   	  964.135 MiB / 3.783 GiB, 25%, 4.478 MiB/s, ETA 10m49s
Checks:                27 / 27, 100%, Listed 98
Transferred:           27 / 31, 87%
Elapsed time:      7m49.9s
Transferring:
 *                                    merges.txt:  0% /1.594Mi, 0/s, -
 *                             model.safetensors:  1% /2.875Gi, 3.636Mi/s, 13m18
 *                                tokenizer.json: 49% /6.706Mi, 0/s, -
 *                                    vocab.json:100% /2.648Mi, 677.894Ki/s, 0sTransferred:   	  967.104 MiB / 3.785 GiB, 25%, 4.526 MiB/s, ETA 10m42s
Checks:                27 / 27, 100%, Listed 98
Transferred:           27 / 31, 87%
Elapsed time:      7m50.5s
Transferring:
 *                                    merges.txt:100% /1.594Mi, 0/s, -
 *                             model.safetensors:  1% /2.875Gi, 3.636Mi/s, 13m18
 *                                tokenizer.json: 54% /6.706Mi, 0/s, -
 *                                    vocab.json:  0% /2.648Mi, 0/s, -Transferred:   	  971.823 MiB / 3.785 GiB, 25%, 4.526 MiB/s, ETA 10m41s
Checks:                27 / 27, 100%, Listed 98
Transferred:           27 / 31, 87%
Elapsed time:      7m50.9s
Transferring:
 *                                    merges.txt:100% /1.594Mi, 1.594Mi/s, 0s
 *                             model.safetensors:  1% /2.875Gi, 3.508Mi/s, 13m46
 *                                tokenizer.json: 83% /6.706Mi, 4.902Mi/s, 0s
 *                                    vocab.json:  0% /2.648Mi, 0/s, -Transferred:   	  977.815 MiB / 3.785 GiB, 25%, 4.776 MiB/s, ETA 10m6s
Checks:                27 / 27, 100%, Listed 98
Transferred:           27 / 31, 87%
Elapsed time:      7m51.4s
Transferring:
 *                                    merges.txt:100% /1.594Mi, 1.594Mi/s, 0s
 *                             model.safetensors:  1% /2.875Gi, 3.508Mi/s, 13m45
 *                                tokenizer.json: 83% /6.706Mi, 4.902Mi/s, 0s
 *                                    vocab.json:100% /2.648Mi, 0/s, -Transferred:   	  979.618 MiB / 3.787 GiB, 25%, 4.776 MiB/s, ETA 10m6s
Checks:                27 / 27, 100%, Listed 98
Transferred:           27 / 31, 87%
Elapsed time:      7m51.9s
Transferring:
 *                                    merges.txt:  0% /1.594Mi, 0/s, -
 *                             model.safetensors:  1% /2.875Gi, 3.635Mi/s, 13m16
 *                                tokenizer.json:100% /6.706Mi, 3.353Mi/s, 0s
 *                                    vocab.json:100% /2.648Mi, 0/s, -Transferred:   	  980.743 MiB / 3.787 GiB, 25%, 4.824 MiB/s, ETA 10m
Checks:                27 / 27, 100%, Listed 98
Transferred:           27 / 31, 87%
Elapsed time:      7m52.4s
Transferring:
 *                                    merges.txt:  0% /1.594Mi, 0/s, -
 *                             model.safetensors:  1% /2.875Gi, 3.635Mi/s, 13m16
 *                                tokenizer.json:100% /6.706Mi, 3.353Mi/s, 0s
 *                                    vocab.json:100% /2.648Mi, 1.324Mi/s, 0sTransferred:   	  980.743 MiB / 3.787 GiB, 25%, 4.824 MiB/s, ETA 10m
Checks:                27 / 27, 100%, Listed 98
Transferred:           27 / 31, 87%
Elapsed time:      7m52.9s
Transferring:
 *                                    merges.txt:  0% /1.594Mi, 0/s, -
 *                             model.safetensors:  1% /2.875Gi, 3.500Mi/s, 13m47
 *                                tokenizer.json:100% /6.706Mi, 2.235Mi/s, 0s
 *                                    vocab.json:100% /2.648Mi, 1.324Mi/s, 0sTransferred:   	  989.743 MiB / 3.789 GiB, 26%, 4.769 MiB/s, ETA 10m6s
Checks:                27 / 27, 100%, Listed 98
Transferred:           27 / 31, 87%
Elapsed time:      7m53.4s
Transferring:
 *                                    merges.txt:  0% /1.594Mi, 0/s, -
 *                             model.safetensors:  1% /2.875Gi, 3.500Mi/s, 13m44
 *                                tokenizer.json:100% /6.706Mi, 2.235Mi/s, 0s
 *                                    vocab.json:  0% /2.648Mi, 0/s, -Transferred:   	  991.056 MiB / 3.789 GiB, 26%, 4.769 MiB/s, ETA 10m5s
Checks:                27 / 27, 100%, Listed 98
Transferred:           27 / 31, 87%
Elapsed time:      7m53.9s
Transferring:
 *                                    merges.txt:  0% /1.594Mi, 0/s, -
 *                             model.safetensors:  2% /2.875Gi, 3.867Mi/s, 12m26
 *                                tokenizer.json:100% /6.706Mi, 1.676Mi/s, 0s
 *                                    vocab.json:  0% /2.648Mi, 0/s, -Transferred:   	  991.368 MiB / 3.796 GiB, 26%, 4.928 MiB/s, ETA 9m47s
Checks:                27 / 27, 100%, Listed 98
Transferred:           27 / 31, 87%
Elapsed time:      7m54.4s
Transferring:
 *                                    merges.txt:  0% /1.594Mi, 0/s, -
 *                             model.safetensors:  2% /2.875Gi, 3.867Mi/s, 12m26
 *                                tokenizer.json:  0% /6.706Mi, 0/s, -
 *                                    vocab.json:  0% /2.648Mi, 0/s, -Transferred:   	  991.743 MiB / 3.796 GiB, 26%, 4.928 MiB/s, ETA 9m47s
Checks:                27 / 27, 100%, Listed 98
Transferred:           27 / 31, 87%
Elapsed time:      7m54.9s
Transferring:
 *                                    merges.txt:  0% /1.594Mi, 0/s, -
 *                             model.safetensors:  2% /2.875Gi, 3.750Mi/s, 12m49
 *                                tokenizer.json:  0% /6.706Mi, 0/s, -
 *                                    vocab.json:  0% /2.648Mi, 0/s, -Transferred:   	  993.338 MiB / 3.796 GiB, 26%, 4.643 MiB/s, ETA 10m23s
Checks:                27 / 27, 100%, Listed 98
Transferred:           27 / 31, 87%
Elapsed time:      7m55.4s
Transferring:
 *                                    merges.txt:100% /1.594Mi, 0/s, -
 *                             model.safetensors:  2% /2.875Gi, 3.750Mi/s, 12m49
 *                                tokenizer.json:  0% /6.706Mi, 0/s, -
 *                                    vocab.json:  0% /2.648Mi, 0/s, -Transferred:   	  993.338 MiB / 3.796 GiB, 26%, 4.643 MiB/s, ETA 10m23s
Checks:                27 / 27, 100%, Listed 98
Transferred:           27 / 31, 87%
Elapsed time:      7m55.9s
Transferring:
 *                                    merges.txt:100% /1.594Mi, 408.176Ki/s, 0s
 *                             model.safetensors:  2% /2.875Gi, 3.516Mi/s, 13m40
 *                                tokenizer.json:  0% /6.706Mi, 0/s, -
 *                                    vocab.json:  0% /2.648Mi, 0/s, -Transferred:   	  993.338 MiB / 3.798 GiB, 26%, 4.453 MiB/s, ETA 10m50s
Checks:                27 / 27, 100%, Listed 98
Transferred:           27 / 31, 87%
Elapsed time:      7m56.4s
Transferring:
 *                                    merges.txt:  0% /1.594Mi, 0/s, -
 *                             model.safetensors:  2% /2.875Gi, 3.516Mi/s, 13m40
 *                                tokenizer.json:  0% /6.706Mi, 0/s, -
 *                                    vocab.json:  0% /2.648Mi, 0/s, -Transferred:   	  993.338 MiB / 3.798 GiB, 26%, 4.453 MiB/s, ETA 10m50s
Checks:                27 / 27, 100%, Listed 98
Transferred:           27 / 31, 87%
Elapsed time:      7m56.9s
Transferring:
 *                                    merges.txt:  0% /1.594Mi, 0/s, -
 *                             model.safetensors:  2% /2.875Gi, 3.296Mi/s, 14m35
 *                                tokenizer.json:  0% /6.706Mi, 0/s, -
 *                                    vocab.json:  0% /2.648Mi, 0/s, -Transferred:   	  995.986 MiB / 3.798 GiB, 26%, 4.174 MiB/s, ETA 11m32s
Checks:                27 / 27, 100%, Listed 98
Transferred:           27 / 31, 87%
Elapsed time:      7m57.4s
Transferring:
 *                                    merges.txt:  0% /1.594Mi, 0/s, -
 *                             model.safetensors:  2% /2.875Gi, 3.296Mi/s, 14m35
 *                                tokenizer.json:  0% /6.706Mi, 0/s, -
 *                                    vocab.json:100% /2.648Mi, 0/s, -Transferred:   	  995.986 MiB / 3.798 GiB, 26%, 4.174 MiB/s, ETA 11m32s
Checks:                27 / 27, 100%, Listed 98
Transferred:           27 / 31, 87%
Elapsed time:      7m57.9s
Transferring:
 *                                    merges.txt:  0% /1.594Mi, 0/s, -
 *                             model.safetensors:  2% /2.875Gi, 3.090Mi/s, 15m33
 *                                tokenizer.json:  0% /6.706Mi, 0/s, -
 *                                    vocab.json:100% /2.648Mi, 0/s, -Transferred:   	  995.986 MiB / 3.798 GiB, 26%, 4.079 MiB/s, ETA 11m49s
Checks:                27 / 27, 100%, Listed 98
Transferred:           27 / 31, 87%
Elapsed time:      7m58.4s
Transferring:
 *                                    merges.txt:  0% /1.594Mi, 0/s, -
 *                             model.safetensors:  2% /2.875Gi, 3.090Mi/s, 15m33
 *                                tokenizer.json:  0% /6.706Mi, 0/s, -
 *                                    vocab.json:100% /2.648Mi, 542.336Ki/s, 0sTransferred:   	  995.986 MiB / 3.800 GiB, 26%, 4.079 MiB/s, ETA 11m49s
Checks:                27 / 27, 100%, Listed 98
Transferred:           27 / 31, 87%
Elapsed time:      7m58.9s
Transferring:
 *                                    merges.txt:  0% /1.594Mi, 0/s, -
 *                             model.safetensors:  2% /2.875Gi, 2.897Mi/s, 16m35
 *                                tokenizer.json:  0% /6.706Mi, 0/s, -
 *                                    vocab.json:  0% /2.648Mi, 0/s, -Transferred:   	  995.986 MiB / 3.800 GiB, 26%, 3.824 MiB/s, ETA 12m37s
Checks:                27 / 27, 100%, Listed 98
Transferred:           27 / 31, 87%
Elapsed time:      7m59.4s
Transferring:
 *                                    merges.txt:  0% /1.594Mi, 0/s, -
 *                             model.safetensors:  2% /2.875Gi, 2.897Mi/s, 16m35
 *                                tokenizer.json:  0% /6.706Mi, 0/s, -
 *                                    vocab.json:  0% /2.648Mi, 0/s, -Transferred:   	  995.986 MiB / 3.800 GiB, 26%, 3.824 MiB/s, ETA 12m37s
Checks:                27 / 27, 100%, Listed 98
Transferred:           27 / 31, 87%
Elapsed time:      7m59.9s
Transferring:
 *                                    merges.txt:  0% /1.594Mi, 0/s, -
 *                             model.safetensors:  2% /2.875Gi, 2.716Mi/s, 17m42
 *                                tokenizer.json:  0% /6.706Mi, 0/s, -
 *                                    vocab.json:  0% /2.648Mi, 0/s, -Transferred:   	  995.986 MiB / 3.800 GiB, 26%, 3.585 MiB/s, ETA 13m27s
Checks:                27 / 27, 100%, Listed 98
Transferred:           27 / 31, 87%
Elapsed time:       8m0.4s
Transferring:
 *                                    merges.txt:  0% /1.594Mi, 0/s, -
 *                             model.safetensors:  2% /2.875Gi, 2.716Mi/s, 17m42
 *                                tokenizer.json:  0% /6.706Mi, 0/s, -
 *                                    vocab.json:  0% /2.648Mi, 0/s, -Transferred:   	 1001.419 MiB / 3.800 GiB, 26%, 3.585 MiB/s, ETA 13m26s
Checks:                27 / 27, 100%, Listed 98
Transferred:           27 / 31, 87%
Elapsed time:       8m0.9s
Transferring:
 *                                    merges.txt:  0% /1.594Mi, 0/s, -
 *                             model.safetensors:  2% /2.875Gi, 2.546Mi/s, 18m52
 *                                tokenizer.json: 81% /6.706Mi, 0/s, -
 *                                    vocab.json:  0% /2.648Mi, 0/s, -Transferred:   	 1002.692 MiB / 3.800 GiB, 26%, 3.780 MiB/s, ETA 12m44s
Checks:                27 / 27, 100%, Listed 98
Transferred:           27 / 31, 87%
Elapsed time:       8m1.4s
Transferring:
 *                                    merges.txt:  0% /1.594Mi, 0/s, -
 *                             model.safetensors:  2% /2.875Gi, 2.546Mi/s, 18m52
 *                                tokenizer.json:100% /6.706Mi, 981.013Ki/s, 0s
 *                                    vocab.json:  0% /2.648Mi, 0/s, -Transferred:   	 1002.692 MiB / 3.800 GiB, 26%, 3.780 MiB/s, ETA 12m44s
Checks:                27 / 27, 100%, Listed 98
Transferred:           27 / 31, 87%
Elapsed time:       8m1.9s
Transferring:
 *                                    merges.txt:  0% /1.594Mi, 0/s, -
 *                             model.safetensors:  2% /2.875Gi, 2.387Mi/s, 20m8s
 *                                tokenizer.json:100% /6.706Mi, 981.013Ki/s, 0s
 *                                    vocab.json:  0% /2.648Mi, 0/s, -Transferred:   	 1002.692 MiB / 3.800 GiB, 26%, 3.544 MiB/s, ETA 13m35s
Checks:                27 / 27, 100%, Listed 98
Transferred:           27 / 31, 87%
Elapsed time:       8m2.4s
Transferring:
 *                                    merges.txt:  0% /1.594Mi, 0/s, -
 *                             model.safetensors:  2% /2.875Gi, 2.387Mi/s, 20m8s
 *                                tokenizer.json:100% /6.706Mi, 858.386Ki/s, 0s
 *                                    vocab.json:  0% /2.648Mi, 0/s, -Transferred:   	 1002.692 MiB / 3.800 GiB, 26%, 3.544 MiB/s, ETA 13m35s
Checks:                27 / 27, 100%, Listed 98
Transferred:           27 / 31, 87%
Elapsed time:       8m2.9s
Transferring:
 *                                    merges.txt:  0% /1.594Mi, 0/s, -
 *                             model.safetensors:  2% /2.875Gi, 2.238Mi/s, 21m29
 *                                tokenizer.json:100% /6.706Mi, 858.386Ki/s, 0s
 *                                    vocab.json:  0% /2.648Mi, 0/s, -Transferred:   	 1002.692 MiB / 3.807 GiB, 26%, 3.322 MiB/s, ETA 14m31s
Checks:                27 / 27, 100%, Listed 98
Transferred:           27 / 31, 87%
Elapsed time:       8m3.4s
Transferring:
 *                                    merges.txt:  0% /1.594Mi, 0/s, -
 *                             model.safetensors:  2% /2.875Gi, 2.238Mi/s, 21m29
 *                                tokenizer.json:  0% /6.706Mi, 0/s, -
 *                                    vocab.json:  0% /2.648Mi, 0/s, -Transferred:   	 1004.286 MiB / 3.807 GiB, 26%, 3.322 MiB/s, ETA 14m31s
Checks:                27 / 27, 100%, Listed 98
Transferred:           27 / 31, 87%
Elapsed time:       8m3.9s
Transferring:
 *                                    merges.txt:100% /1.594Mi, 0/s, -
 *                             model.safetensors:  2% /2.875Gi, 2.098Mi/s, 22m54
 *                                tokenizer.json:  0% /6.706Mi, 0/s, -
 *                                    vocab.json:  0% /2.648Mi, 0/s, -Transferred:   	 1004.286 MiB / 3.807 GiB, 26%, 3.214 MiB/s, ETA 15m
Checks:                27 / 27, 100%, Listed 98
Transferred:           27 / 31, 87%
Elapsed time:       8m4.4s
Transferring:
 *                                    merges.txt:100% /1.594Mi, 204.086Ki/s, 0s
 *                             model.safetensors:  2% /2.875Gi, 2.098Mi/s, 22m54
 *                                tokenizer.json:  0% /6.706Mi, 0/s, -
 *                                    vocab.json:  0% /2.648Mi, 0/s, -Transferred:   	 1004.286 MiB / 3.808 GiB, 26%, 3.214 MiB/s, ETA 15m
Checks:                27 / 27, 100%, Listed 98
Transferred:           27 / 31, 87%
Elapsed time:       8m4.9s
Transferring:
 *                                    merges.txt:  0% /1.594Mi, 0/s, -
 *                             model.safetensors:  2% /2.875Gi, 1.967Mi/s, 24m26
 *                                tokenizer.json:  0% /6.706Mi, 0/s, -
 *                                    vocab.json:  0% /2.648Mi, 0/s, -Transferred:   	 1004.286 MiB / 3.808 GiB, 26%, 3.013 MiB/s, ETA 16m
Checks:                27 / 27, 100%, Listed 98
Transferred:           27 / 31, 87%
Elapsed time:       8m5.4s
Transferring:
 *                                    merges.txt:  0% /1.594Mi, 0/s, -
 *                             model.safetensors:  2% /2.875Gi, 1.967Mi/s, 24m26
 *                                tokenizer.json:  0% /6.706Mi, 0/s, -
 *                                    vocab.json:  0% /2.648Mi, 0/s, -Transferred:   	 1004.286 MiB / 3.808 GiB, 26%, 3.013 MiB/s, ETA 16m
Checks:                27 / 27, 100%, Listed 98
Transferred:           27 / 31, 87%
Elapsed time:       8m5.9s
Transferring:
 *                                    merges.txt:  0% /1.594Mi, 0/s, -
 *                             model.safetensors:  2% /2.875Gi, 1.844Mi/s, 26m4s
 *                                tokenizer.json:  0% /6.706Mi, 0/s, -
 *                                    vocab.json:  0% /2.648Mi, 0/s, -Transferred:   	 1004.286 MiB / 3.808 GiB, 26%, 2.825 MiB/s, ETA 17m4s
Checks:                27 / 27, 100%, Listed 98
Transferred:           27 / 31, 87%
Elapsed time:       8m6.4s
Transferring:
 *                                    merges.txt:  0% /1.594Mi, 0/s, -
 *                             model.safetensors:  2% /2.875Gi, 1.844Mi/s, 26m4s
 *                                tokenizer.json:  0% /6.706Mi, 0/s, -
 *                                    vocab.json:  0% /2.648Mi, 0/s, -Transferred:   	 1004.286 MiB / 3.808 GiB, 26%, 2.825 MiB/s, ETA 17m4s
Checks:                27 / 27, 100%, Listed 98
Transferred:           27 / 31, 87%
Elapsed time:       8m6.9s
Transferring:
 *                                    merges.txt:  0% /1.594Mi, 0/s, -
 *                             model.safetensors:  2% /2.875Gi, 1.729Mi/s, 27m48
 *                                tokenizer.json:  0% /6.706Mi, 0/s, -
 *                                    vocab.json:  0% /2.648Mi, 0/s, -Transferred:   	 1004.286 MiB / 3.808 GiB, 26%, 2.648 MiB/s, ETA 18m13s
Checks:                27 / 27, 100%, Listed 98
Transferred:           27 / 31, 87%
Elapsed time:       8m7.4s
Transferring:
 *                                    merges.txt:  0% /1.594Mi, 0/s, -
 *                             model.safetensors:  2% /2.875Gi, 1.729Mi/s, 27m48
 *                                tokenizer.json:  0% /6.706Mi, 0/s, -
 *                                    vocab.json:  0% /2.648Mi, 0/s, -Transferred:   	 1006.934 MiB / 3.808 GiB, 26%, 2.648 MiB/s, ETA 18m12s
Checks:                27 / 27, 100%, Listed 98
Transferred:           27 / 31, 87%
Elapsed time:       8m7.9s
Transferring:
 *                                    merges.txt:  0% /1.594Mi, 0/s, -
 *                             model.safetensors:  2% /2.875Gi, 1.621Mi/s, 29m39
 *                                tokenizer.json:  0% /6.706Mi, 0/s, -
 *                                    vocab.json:100% /2.648Mi, 0/s, -Transferred:   	 1006.934 MiB / 3.808 GiB, 26%, 2.648 MiB/s, ETA 18m12s
Checks:                27 / 27, 100%, Listed 98
Transferred:           27 / 31, 87%
Elapsed time:       8m8.4s
Transferring:
 *                                    merges.txt:  0% /1.594Mi, 0/s, -
 *                             model.safetensors:  2% /2.875Gi, 1.621Mi/s, 29m39
 *                                tokenizer.json:  0% /6.706Mi, 0/s, -
 *                                    vocab.json:100% /2.648Mi, 0/s, -Transferred:   	 1006.934 MiB / 3.811 GiB, 26%, 2.648 MiB/s, ETA 18m13s
Checks:                27 / 27, 100%, Listed 98
Transferred:           27 / 31, 87%
Elapsed time:       8m8.9s
Transferring:
 *                                    merges.txt:  0% /1.594Mi, 0/s, -
 *                             model.safetensors:  2% /2.875Gi, 1.519Mi/s, 31m38
 *                                tokenizer.json:  0% /6.706Mi, 0/s, -
 *                                    vocab.json:  0% /2.648Mi, 0/s, -Transferred:   	 1010.993 MiB / 3.811 GiB, 26%, 2.483 MiB/s, ETA 19m24s
Checks:                27 / 27, 100%, Listed 98
Transferred:           27 / 31, 87%
Elapsed time:       8m9.4s
Transferring:
 *                                    merges.txt:  0% /1.594Mi, 0/s, -
 *                             model.safetensors:  2% /2.875Gi, 1.519Mi/s, 31m38
 *                                tokenizer.json: 60% /6.706Mi, 554.009Ki/s, 4s
 *                                    vocab.json:  0% /2.648Mi, 0/s, -Transferred:   	 1013.055 MiB / 3.811 GiB, 26%, 2.483 MiB/s, ETA 19m23s
Checks:                27 / 27, 100%, Listed 98
Transferred:           27 / 31, 87%
Elapsed time:       8m9.9s
Transferring:
 *                                    merges.txt:  0% /1.594Mi, 0/s, -
 *                             model.safetensors:  2% /2.875Gi, 1.424Mi/s, 33m45
 *                                tokenizer.json: 91% /6.706Mi, 554.009Ki/s, 1s
 *                                    vocab.json:  0% /2.648Mi, 0/s, -Transferred:   	 1013.640 MiB / 3.811 GiB, 26%, 2.747 MiB/s, ETA 17m31s
Checks:                27 / 27, 100%, Listed 98
Transferred:           27 / 31, 87%
Elapsed time:      8m10.4s
Transferring:
 *                                    merges.txt:  0% /1.594Mi, 0/s, -
 *                             model.safetensors:  2% /2.875Gi, 1.424Mi/s, 33m45
 *                                tokenizer.json:100% /6.706Mi, 980.983Ki/s, 0s
 *                                    vocab.json:  0% /2.648Mi, 0/s, -Transferred:   	 1013.640 MiB / 3.811 GiB, 26%, 2.747 MiB/s, ETA 17m31s
Checks:                27 / 27, 100%, Listed 98
Transferred:           27 / 31, 87%
Elapsed time:      8m10.9s
Transferring:
 *                                    merges.txt:  0% /1.594Mi, 0/s, -
 *                             model.safetensors:  2% /2.875Gi, 1.335Mi/s, 36m0s
 *                                tokenizer.json:100% /6.706Mi, 980.983Ki/s, 0s
 *                                    vocab.json:  0% /2.648Mi, 0/s, -Transferred:   	 1015.235 MiB / 3.811 GiB, 26%, 2.575 MiB/s, ETA 18m41s
Checks:                27 / 27, 100%, Listed 98
Transferred:           27 / 31, 87%
Elapsed time:      8m11.4s
Transferring:
 *                                    merges.txt:100% /1.594Mi, 0/s, -
 *                             model.safetensors:  2% /2.875Gi, 1.335Mi/s, 36m0s
 *                                tokenizer.json:100% /6.706Mi, 858.360Ki/s, 0s
 *                                    vocab.json:  0% /2.648Mi, 0/s, -Transferred:   	 1015.235 MiB / 3.811 GiB, 26%, 2.575 MiB/s, ETA 18m41s
Checks:                27 / 27, 100%, Listed 98
Transferred:           27 / 31, 87%
Elapsed time:      8m11.9s
Transferring:
 *                                    merges.txt:100% /1.594Mi, 233.235Ki/s, 0s
 *                             model.safetensors:  2% /2.875Gi, 1.252Mi/s, 38m24
 *                                tokenizer.json:100% /6.706Mi, 858.360Ki/s, 0s
 *                                    vocab.json:  0% /2.648Mi, 0/s, -Transferred:   	 1015.235 MiB / 3.819 GiB, 26%, 2.514 MiB/s, ETA 19m11s
Checks:                27 / 27, 100%, Listed 98
Transferred:           27 / 31, 87%
Elapsed time:      8m12.4s
Transferring:
 *                                    merges.txt:  0% /1.594Mi, 0/s, -
 *                             model.safetensors:  2% /2.875Gi, 1.252Mi/s, 38m24
 *                                tokenizer.json:  0% /6.706Mi, 0/s, -
 *                                    vocab.json:  0% /2.648Mi, 0/s, -Transferred:   	 1015.235 MiB / 3.819 GiB, 26%, 2.514 MiB/s, ETA 19m11s
Checks:                27 / 27, 100%, Listed 98
Transferred:           27 / 31, 87%
Elapsed time:      8m12.9s
Transferring:
 *                                    merges.txt:  0% /1.594Mi, 0/s, -
 *                             model.safetensors:  2% /2.875Gi, 1.174Mi/s, 40m57
 *                                tokenizer.json:  0% /6.706Mi, 0/s, -
 *                                    vocab.json:  0% /2.648Mi, 0/s, -Transferred:   	 1015.235 MiB / 3.819 GiB, 26%, 2.357 MiB/s, ETA 20m28s
Checks:                27 / 27, 100%, Listed 98
Transferred:           27 / 31, 87%
Elapsed time:      8m13.4s
Transferring:
 *                                    merges.txt:  0% /1.594Mi, 0/s, -
 *                             model.safetensors:  2% /2.875Gi, 1.174Mi/s, 40m57
 *                                tokenizer.json:  0% /6.706Mi, 0/s, -
 *                                    vocab.json:  0% /2.648Mi, 0/s, -Transferred:   	 1015.235 MiB / 1.002 GiB, 99%, 2.357 MiB/s, ETA 4s
Checks:                27 / 27, 100%, Listed 98
Transferred:           27 / 31, 87%
Elapsed time:      8m13.9s
Transferring:
 *                                    merges.txt:  0% /1.594Mi, 0/s, -
 *                             model.safetensors: transferring
 *                                tokenizer.json:  0% /6.706Mi, 0/s, -
 *                                    vocab.json:  0% /2.648Mi, 0/s, -Transferred:   	 1015.235 MiB / 1.002 GiB, 99%, 2.209 MiB/s, ETA 4s
Checks:                27 / 27, 100%, Listed 98
Transferred:           27 / 31, 87%
Elapsed time:      8m14.4s
Transferring:
 *                                    merges.txt:  0% /1.594Mi, 0/s, -
 *                             model.safetensors: transferring
 *                                tokenizer.json:  0% /6.706Mi, 0/s, -
 *                                    vocab.json:  0% /2.648Mi, 0/s, -Transferred:   	 1015.235 MiB / 1.002 GiB, 99%, 2.209 MiB/s, ETA 4s
Checks:                27 / 27, 100%, Listed 98
Transferred:           27 / 31, 87%
Elapsed time:      8m14.9s
Transferring:
 *                                    merges.txt:  0% /1.594Mi, 0/s, -
 *                             model.safetensors: transferring
 *                                tokenizer.json:  0% /6.706Mi, 0/s, -
 *                                    vocab.json:  0% /2.648Mi, 0/s, -Transferred:   	 1017.883 MiB / 1.002 GiB, 99%, 2.071 MiB/s, ETA 4s
Checks:                27 / 27, 100%, Listed 98
Transferred:           27 / 31, 87%
Elapsed time:      8m15.4s
Transferring:
 *                                    merges.txt:  0% /1.594Mi, 0/s, -
 *                             model.safetensors: transferring
 *                                tokenizer.json:  0% /6.706Mi, 0/s, -
 *                                    vocab.json:100% /2.648Mi, 0/s, -Transferred:   	 1017.883 MiB / 1.002 GiB, 99%, 2.071 MiB/s, ETA 4s
Checks:                27 / 27, 100%, Listed 98
Transferred:           27 / 31, 87%
Elapsed time:      8m15.9s
Transferring:
 *                                    merges.txt:  0% /1.594Mi, 0/s, -
 *                             model.safetensors: transferring
 *                                tokenizer.json:  0% /6.706Mi, 0/s, -
 *                                    vocab.json:100% /2.648Mi, 387.393Ki/s, 0sTransferred:   	 1017.883 MiB / 1.002 GiB, 99%, 2.107 MiB/s, ETA 3s
Checks:                27 / 27, 100%, Listed 98
Transferred:           27 / 31, 87%
Elapsed time:      8m16.4s
Transferring:
 *                                    merges.txt:  0% /1.594Mi, 0/s, -
 *                             model.safetensors: transferring
 *                                tokenizer.json:  0% /6.706Mi, 0/s, -
 *                                    vocab.json:100% /2.648Mi, 387.393Ki/s, 0sTransferred:   	 1023.504 MiB / 1.002 GiB, 100%, 2.107 MiB/s, ETA 1s
Checks:                27 / 27, 100%, Listed 98
Transferred:           27 / 31, 87%
Elapsed time:      8m16.9s
Transferring:
 *                                    merges.txt:  0% /1.594Mi, 0/s, -
 *                             model.safetensors: transferring
 *                                tokenizer.json: 83% /6.706Mi, 0/s, -
 *                                    vocab.json:100% /2.648Mi, 338.969Ki/s, 0sTransferred:   	    1.001 GiB / 1.005 GiB, 100%, 2.390 MiB/s, ETA 1s
Checks:                27 / 27, 100%, Listed 98
Transferred:           27 / 31, 87%
Elapsed time:      8m17.4s
Transferring:
 *                                    merges.txt:  0% /1.594Mi, 0/s, -
 *                             model.safetensors: transferring
 *                                tokenizer.json:100% /6.706Mi, 1.124Mi/s, 0s
 *                                    vocab.json:  0% /2.648Mi, 0/s, -Transferred:   	    1.001 GiB / 1.005 GiB, 100%, 2.390 MiB/s, ETA 1s
Checks:                27 / 27, 100%, Listed 98
Transferred:           27 / 31, 87%
Elapsed time:      8m17.9s
Transferring:
 *                                    merges.txt:  0% /1.594Mi, 0/s, -
 *                             model.safetensors: transferring
 *                                tokenizer.json:100% /6.706Mi, 1.124Mi/s, 0s
 *                                    vocab.json:  0% /2.648Mi, 0/s, -Transferred:   	    1.002 GiB / 1.005 GiB, 100%, 2.245 MiB/s, ETA 1s
Checks:                27 / 27, 100%, Listed 98
Transferred:           27 / 31, 87%
Elapsed time:      8m18.4s
Transferring:
 *                                    merges.txt:100% /1.594Mi, 272.107Ki/s, 0s
 *                             model.safetensors: transferring
 *                                tokenizer.json:100% /6.706Mi, 1.118Mi/s, 0s
 *                                    vocab.json:  0% /2.648Mi, 0/s, -Transferred:   	    1.002 GiB / 1.005 GiB, 100%, 2.245 MiB/s, ETA 1s
Checks:                27 / 27, 100%, Listed 98
Transferred:           27 / 31, 87%
Elapsed time:      8m18.9s
Transferring:
 *                                    merges.txt:100% /1.594Mi, 272.107Ki/s, 0s
 *                             model.safetensors: transferring
 *                                tokenizer.json:100% /6.706Mi, 1.118Mi/s, 0s
 *                                    vocab.json:  0% /2.648Mi, 0/s, -
2026/03/19 16:18:52 ERROR : merges.txt: Failed to copy: operation error S3: PutObject, exceeded maximum number of attempts, 1, https response error StatusCode: 500, RequestID: , HostID: , error while deserializing xml error response : XML syntax error on line 6: element <hr> closed by </body>
Transferred:   	    1.002 GiB / 1.005 GiB, 100%, 2.205 MiB/s, ETA 1s
Errors:                 1 (retrying may help)
Checks:                27 / 27, 100%, Listed 98
Transferred:           27 / 31, 87%
Elapsed time:      8m19.3s
Transferring:
 *                                    merges.txt: transferring
 *                             model.safetensors: transferring
 *                                tokenizer.json:100% /6.706Mi, 980.985Ki/s, 0s
 *                                    vocab.json:  0% /2.648Mi, 0/s, -Transferred:   	    1.002 GiB / 1.005 GiB, 100%, 2.205 MiB/s, ETA 1s
Errors:                 1 (retrying may help)
Checks:                27 / 27, 100%, Listed 98
Transferred:           27 / 30, 90%
Elapsed time:      8m19.4s
Transferring:
 *                             model.safetensors: transferring
 *                                tokenizer.json:100% /6.706Mi, 980.985Ki/s, 0s
 *                                    vocab.json:  0% /2.648Mi, 0/s, -Transferred:   	    1.002 GiB / 1.011 GiB, 99%, 2.205 MiB/s, ETA 4s
Errors:                 1 (retrying may help)
Checks:                27 / 27, 100%, Listed 98
Transferred:           27 / 30, 90%
Elapsed time:      8m19.9s
Transferring:
 *                             model.safetensors: transferring
 *                                tokenizer.json:  0% /6.706Mi, 0/s, -
 *                                    vocab.json:  0% /2.648Mi, 0/s, -Transferred:   	    1.002 GiB / 1.011 GiB, 99%, 2.067 MiB/s, ETA 4s
Errors:                 1 (retrying may help)
Checks:                27 / 27, 100%, Listed 98
Transferred:           27 / 30, 90%
Elapsed time:      8m20.4s
Transferring:
 *                             model.safetensors: transferring
 *                                tokenizer.json:  0% /6.706Mi, 0/s, -
 *                                    vocab.json:  0% /2.648Mi, 0/s, -Transferred:   	    1.002 GiB / 3.887 GiB, 26%, 2.067 MiB/s, ETA 23m49s
Errors:                 1 (retrying may help)
Checks:                27 / 27, 100%, Listed 98
Transferred:           27 / 30, 90%
Elapsed time:      8m20.9s
Transferring:
 *                             model.safetensors:  0% /2.875Gi, 0/s, -
 *                                tokenizer.json:  0% /6.706Mi, 0/s, -
 *                                    vocab.json:  0% /2.648Mi, 0/s, -Transferred:   	    1.002 GiB / 3.887 GiB, 26%, 1.938 MiB/s, ETA 25m24s
Errors:                 1 (retrying may help)
Checks:                27 / 27, 100%, Listed 98
Transferred:           27 / 30, 90%
Elapsed time:      8m21.4s
Transferring:
 *                             model.safetensors:  0% /2.875Gi, 0/s, -
 *                                tokenizer.json:  0% /6.706Mi, 0/s, -
 *                                    vocab.json:  0% /2.648Mi, 0/s, -Transferred:   	    1.002 GiB / 3.887 GiB, 26%, 1.938 MiB/s, ETA 25m24s
Errors:                 1 (retrying may help)
Checks:                27 / 27, 100%, Listed 98
Transferred:           27 / 30, 90%
Elapsed time:      8m21.9s
Transferring:
 *                             model.safetensors:  0% /2.875Gi, 0/s, -
 *                                tokenizer.json:  0% /6.706Mi, 0/s, -
 *                                    vocab.json:  0% /2.648Mi, 0/s, -Transferred:   	    1.005 GiB / 3.887 GiB, 26%, 1.817 MiB/s, ETA 27m4s
Errors:                 1 (retrying may help)
Checks:                27 / 27, 100%, Listed 98
Transferred:           27 / 30, 90%
Elapsed time:      8m22.4s
Transferring:
 *                             model.safetensors:  0% /2.875Gi, 0/s, -
 *                                tokenizer.json:  0% /6.706Mi, 0/s, -
 *                                    vocab.json:100% /2.648Mi, 0/s, -Transferred:   	    1.005 GiB / 3.887 GiB, 26%, 1.817 MiB/s, ETA 27m4s
Errors:                 1 (retrying may help)
Checks:                27 / 27, 100%, Listed 98
Transferred:           27 / 30, 90%
Elapsed time:      8m22.9s
Transferring:
 *                             model.safetensors:  0% /2.875Gi, 0/s, -
 *                                tokenizer.json:  0% /6.706Mi, 0/s, -
 *                                    vocab.json:100% /2.648Mi, 0/s, -Transferred:   	    1.005 GiB / 3.887 GiB, 26%, 1.869 MiB/s, ETA 26m19s
Errors:                 1 (retrying may help)
Checks:                27 / 27, 100%, Listed 98
Transferred:           27 / 30, 90%
Elapsed time:      8m23.4s
Transferring:
 *                             model.safetensors:  0% /2.875Gi, 0/s, -
 *                                tokenizer.json:  0% /6.706Mi, 0/s, -
 *                                    vocab.json:100% /2.648Mi, 451.960Ki/s, 0sTransferred:   	    1.011 GiB / 3.889 GiB, 26%, 1.869 MiB/s, ETA 26m17s
Errors:                 1 (retrying may help)
Checks:                27 / 27, 100%, Listed 98
Transferred:           27 / 30, 90%
Elapsed time:      8m23.9s
Transferring:
 *                             model.safetensors:  0% /2.875Gi, 0/s, -
 *                                tokenizer.json:100% /6.706Mi, 0/s, -
 *                                    vocab.json:  0% /2.648Mi, 0/s, -Transferred:   	    1.011 GiB / 3.889 GiB, 26%, 2.171 MiB/s, ETA 22m37s
Errors:                 1 (retrying may help)
Checks:                27 / 27, 100%, Listed 98
Transferred:           27 / 30, 90%
Elapsed time:      8m24.4s
Transferring:
 *                             model.safetensors:  0% /2.875Gi, 0/s, -
 *                                tokenizer.json:100% /6.706Mi, 0/s, -
 *                                    vocab.json:  0% /2.648Mi, 0/s, -Transferred:   	    1.011 GiB / 3.889 GiB, 26%, 2.171 MiB/s, ETA 22m37s
Errors:                 1 (retrying may help)
Checks:                27 / 27, 100%, Listed 98
Transferred:           27 / 30, 90%
Elapsed time:      8m24.9s
Transferring:
 *                             model.safetensors:  0% /2.875Gi, 0/s, -
 *                                tokenizer.json:100% /6.706Mi, 1.341Mi/s, 0s
 *                                    vocab.json:  0% /2.648Mi, 0/s, -Transferred:   	    1.011 GiB / 3.889 GiB, 26%, 2.035 MiB/s, ETA 24m7s
Errors:                 1 (retrying may help)
Checks:                27 / 27, 100%, Listed 98
Transferred:           27 / 30, 90%
Elapsed time:      8m25.4s
Transferring:
 *                             model.safetensors:  0% /2.875Gi, 0/s, -
 *                                tokenizer.json:100% /6.706Mi, 1.341Mi/s, 0s
 *                                    vocab.json:  0% /2.648Mi, 0/s, -Transferred:   	    1.016 GiB / 3.889 GiB, 26%, 2.035 MiB/s, ETA 24m5s
Errors:                 1 (retrying may help)
Checks:                27 / 27, 100%, Listed 98
Transferred:           27 / 30, 90%
Elapsed time:      8m25.9s
Transferring:
 *                             model.safetensors:  0% /2.875Gi, 0/s, -
 *                                tokenizer.json:100% /6.706Mi, 1.118Mi/s, 0s
 *                                    vocab.json:  0% /2.648Mi, 0/s, -Transferred:   	    1.016 GiB / 3.889 GiB, 26%, 2.221 MiB/s, ETA 22m4s
Errors:                 1 (retrying may help)
Checks:                27 / 27, 100%, Listed 98
Transferred:           27 / 30, 90%
Elapsed time:      8m26.4s
Transferring:
 *                             model.safetensors:  0% /2.875Gi, 0/s, -
 *                                tokenizer.json:100% /6.706Mi, 1.118Mi/s, 0s
 *                                    vocab.json:  0% /2.648Mi, 0/s, -Transferred:   	    1.016 GiB / 3.889 GiB, 26%, 2.221 MiB/s, ETA 22m4s
Errors:                 1 (retrying may help)
Checks:                27 / 27, 100%, Listed 98
Transferred:           27 / 30, 90%
Elapsed time:      8m26.9s
Transferring:
 *                             model.safetensors:  0% /2.875Gi, 853.342Ki/s, 58m
 *                                tokenizer.json:100% /6.706Mi, 980.977Ki/s, 0s
 *                                    vocab.json:  0% /2.648Mi, 0/s, -Transferred:   	    1.016 GiB / 3.896 GiB, 26%, 2.082 MiB/s, ETA 23m36s
Errors:                 1 (retrying may help)
Checks:                27 / 27, 100%, Listed 98
Transferred:           27 / 30, 90%
Elapsed time:      8m27.4s
Transferring:
 *                             model.safetensors:  0% /2.875Gi, 853.342Ki/s, 58m
 *                                tokenizer.json:  0% /6.706Mi, 0/s, -
 *                                    vocab.json:  0% /2.648Mi, 0/s, -Transferred:   	    1.021 GiB / 3.896 GiB, 26%, 2.082 MiB/s, ETA 23m34s
Errors:                 1 (retrying may help)
Checks:                27 / 27, 100%, Listed 98
Transferred:           27 / 30, 90%
Elapsed time:      8m27.9s
Transferring:
 *                             model.safetensors:  0% /2.875Gi, 731.436Ki/s, 1h8
 *                                tokenizer.json:  0% /6.706Mi, 0/s, -
 *                                    vocab.json:  0% /2.648Mi, 0/s, -Transferred:   	    1.021 GiB / 3.896 GiB, 26%, 2.264 MiB/s, ETA 21m40s
Errors:                 1 (retrying may help)
Checks:                27 / 27, 100%, Listed 98
Transferred:           27 / 30, 90%
Elapsed time:      8m28.4s
Transferring:
 *                             model.safetensors:  0% /2.875Gi, 731.436Ki/s, 1h8
 *                                tokenizer.json:  0% /6.706Mi, 0/s, -
 *                                    vocab.json:  0% /2.648Mi, 0/s, -Transferred:   	    1.021 GiB / 3.896 GiB, 26%, 2.264 MiB/s, ETA 21m40s
Errors:                 1 (retrying may help)
Checks:                27 / 27, 100%, Listed 98
Transferred:           27 / 30, 90%
Elapsed time:      8m28.9s
Transferring:
 *                             model.safetensors:  0% /2.875Gi, 1.250Mi/s, 39m7s
 *                                tokenizer.json:  0% /6.706Mi, 0/s, -
 *                                    vocab.json:  0% /2.648Mi, 0/s, -Transferred:   	    1.021 GiB / 3.896 GiB, 26%, 2.123 MiB/s, ETA 23m6s
Errors:                 1 (retrying may help)
Checks:                27 / 27, 100%, Listed 98
Transferred:           27 / 30, 90%
Elapsed time:      8m29.4s
Transferring:
 *                             model.safetensors:  0% /2.875Gi, 1.250Mi/s, 39m7s
 *                                tokenizer.json:  0% /6.706Mi, 0/s, -
 *                                    vocab.json:  0% /2.648Mi, 0/s, -Transferred:   	    1.026 GiB / 3.896 GiB, 26%, 2.123 MiB/s, ETA 23m4s
Errors:                 1 (retrying may help)
Checks:                27 / 27, 100%, Listed 98
Transferred:           27 / 30, 90%
Elapsed time:      8m29.9s
Transferring:
 *                             model.safetensors:  0% /2.875Gi, 1.111Mi/s, 43m56
 *                                tokenizer.json:  0% /6.706Mi, 0/s, -
 *                                    vocab.json:  0% /2.648Mi, 0/s, -Transferred:   	    1.026 GiB / 3.896 GiB, 26%, 2.303 MiB/s, ETA 21m16s
Errors:                 1 (retrying may help)
Checks:                27 / 27, 100%, Listed 98
Transferred:           27 / 30, 90%
Elapsed time:      8m30.4s
Transferring:
 *                             model.safetensors:  0% /2.875Gi, 1.111Mi/s, 43m56
 *                                tokenizer.json:  0% /6.706Mi, 0/s, -
 *                                    vocab.json:  0% /2.648Mi, 0/s, -Transferred:   	    1.026 GiB / 3.896 GiB, 26%, 2.303 MiB/s, ETA 21m16s
Errors:                 1 (retrying may help)
Checks:                27 / 27, 100%, Listed 98
Transferred:           27 / 30, 90%
Elapsed time:      8m30.9s
Transferring:
 *                             model.safetensors:  0% /2.875Gi, 1.500Mi/s, 32m32
 *                                tokenizer.json:  0% /6.706Mi, 0/s, -
 *                                    vocab.json:  0% /2.648Mi, 0/s, -Transferred:   	    1.026 GiB / 3.896 GiB, 26%, 2.159 MiB/s, ETA 22m41s
Errors:                 1 (retrying may help)
Checks:                27 / 27, 100%, Listed 98
Transferred:           27 / 30, 90%
Elapsed time:      8m31.4s
Transferring:
 *                             model.safetensors:  0% /2.875Gi, 1.500Mi/s, 32m32
 *                                tokenizer.json:  0% /6.706Mi, 0/s, -
 *                                    vocab.json:  0% /2.648Mi, 0/s, -Transferred:   	    1.031 GiB / 3.896 GiB, 26%, 2.159 MiB/s, ETA 22m39s
Errors:                 1 (retrying may help)
Checks:                27 / 27, 100%, Listed 98
Transferred:           27 / 30, 90%
Elapsed time:      8m31.9s
Transferring:
 *                             model.safetensors:  0% /2.875Gi, 1.364Mi/s, 35m44
 *                                tokenizer.json:  0% /6.706Mi, 0/s, -
 *                                    vocab.json:  0% /2.648Mi, 0/s, -Transferred:   	    1.031 GiB / 3.896 GiB, 26%, 2.336 MiB/s, ETA 20m55s
Errors:                 1 (retrying may help)
Checks:                27 / 27, 100%, Listed 98
Transferred:           27 / 30, 90%
Elapsed time:      8m32.4s
Transferring:
 *                             model.safetensors:  0% /2.875Gi, 1.364Mi/s, 35m44
 *                                tokenizer.json:  0% /6.706Mi, 0/s, -
 *                                    vocab.json:  0% /2.648Mi, 0/s, -Transferred:   	    1.031 GiB / 3.896 GiB, 26%, 2.336 MiB/s, ETA 20m55s
Errors:                 1 (retrying may help)
Checks:                27 / 27, 100%, Listed 98
Transferred:           27 / 30, 90%
Elapsed time:      8m32.9s
Transferring:
 *                             model.safetensors:  0% /2.875Gi, 1.667Mi/s, 29m14
 *                                tokenizer.json:  0% /6.706Mi, 0/s, -
 *                                    vocab.json:  0% /2.648Mi, 0/s, -Transferred:   	    1.031 GiB / 3.896 GiB, 26%, 2.190 MiB/s, ETA 22m19s
Errors:                 1 (retrying may help)
Checks:                27 / 27, 100%, Listed 98
Transferred:           27 / 30, 90%
Elapsed time:      8m33.4s
Transferring:
 *                             model.safetensors:  0% /2.875Gi, 1.667Mi/s, 29m14
 *                                tokenizer.json:  0% /6.706Mi, 0/s, -
 *                                    vocab.json:  0% /2.648Mi, 0/s, -Transferred:   	    1.033 GiB / 3.896 GiB, 27%, 2.190 MiB/s, ETA 22m18s
Errors:                 1 (retrying may help)
Checks:                27 / 27, 100%, Listed 98
Transferred:           27 / 30, 90%
Elapsed time:      8m33.9s
Transferring:
 *                             model.safetensors:  0% /2.875Gi, 1.538Mi/s, 31m40
 *                                tokenizer.json:  0% /6.706Mi, 0/s, -
 *                                    vocab.json:100% /2.648Mi, 0/s, -Transferred:   	    1.033 GiB / 3.896 GiB, 27%, 2.219 MiB/s, ETA 22m1s
Errors:                 1 (retrying may help)
Checks:                27 / 27, 100%, Listed 98
Transferred:           27 / 30, 90%
Elapsed time:      8m34.4s
Transferring:
 *                             model.safetensors:  0% /2.875Gi, 1.538Mi/s, 31m40
 *                                tokenizer.json:  0% /6.706Mi, 0/s, -
 *                                    vocab.json:100% /2.648Mi, 0/s, -Transferred:   	    1.033 GiB / 3.898 GiB, 27%, 2.219 MiB/s, ETA 22m2s
Errors:                 1 (retrying may help)
Checks:                27 / 27, 100%, Listed 98
Transferred:           27 / 30, 90%
Elapsed time:      8m34.9s
Transferring:
 *                             model.safetensors:  0% /2.875Gi, 1.429Mi/s, 34m7s
 *                                tokenizer.json:  0% /6.706Mi, 0/s, -
 *                                    vocab.json:  0% /2.648Mi, 0/s, -Transferred:   	    1.033 GiB / 3.898 GiB, 27%, 2.080 MiB/s, ETA 23m30s
Errors:                 1 (retrying may help)
Checks:                27 / 27, 100%, Listed 98
Transferred:           27 / 30, 90%
Elapsed time:      8m35.4s
Transferring:
 *                             model.safetensors:  0% /2.875Gi, 1.429Mi/s, 34m7s
 *                                tokenizer.json:  0% /6.706Mi, 0/s, -
 *                                    vocab.json:  0% /2.648Mi, 0/s, -Transferred:   	    1.040 GiB / 3.898 GiB, 27%, 2.080 MiB/s, ETA 23m27s
Errors:                 1 (retrying may help)
Checks:                27 / 27, 100%, Listed 98
Transferred:           27 / 30, 90%
Elapsed time:      8m35.9s
Transferring:
 *                             model.safetensors:  0% /2.875Gi, 1.333Mi/s, 36m33
 *                                tokenizer.json:100% /6.706Mi, 0/s, -
 *                                    vocab.json:  0% /2.648Mi, 0/s, -Transferred:   	    1.040 GiB / 3.898 GiB, 27%, 2.369 MiB/s, ETA 20m35s
Errors:                 1 (retrying may help)
Checks:                27 / 27, 100%, Listed 98
Transferred:           27 / 30, 90%
Elapsed time:      8m36.4s
Transferring:
 *                             model.safetensors:  0% /2.875Gi, 1.333Mi/s, 36m33
 *                                tokenizer.json:100% /6.706Mi, 762.996Ki/s, 0s
 *                                    vocab.json:  0% /2.648Mi, 0/s, -Transferred:   	    1.040 GiB / 3.898 GiB, 27%, 2.369 MiB/s, ETA 20m35s
Errors:                 1 (retrying may help)
Checks:                27 / 27, 100%, Listed 98
Transferred:           27 / 30, 90%
Elapsed time:      8m36.9s
Transferring:
 *                             model.safetensors:  0% /2.875Gi, 1.250Mi/s, 38m59
 *                                tokenizer.json:100% /6.706Mi, 762.996Ki/s, 0s
 *                                    vocab.json:  0% /2.648Mi, 0/s, -Transferred:   	    1.040 GiB / 3.898 GiB, 27%, 2.221 MiB/s, ETA 21m57s
Errors:                 1 (retrying may help)
Checks:                27 / 27, 100%, Listed 98
Transferred:           27 / 30, 90%
Elapsed time:      8m37.4s
Transferring:
 *                             model.safetensors:  0% /2.875Gi, 1.250Mi/s, 38m59
 *                                tokenizer.json:100% /6.706Mi, 686.696Ki/s, 0s
 *                                    vocab.json:  0% /2.648Mi, 0/s, -Transferred:   	    1.045 GiB / 3.898 GiB, 27%, 2.221 MiB/s, ETA 21m55s
Errors:                 1 (retrying may help)
Checks:                27 / 27, 100%, Listed 98
Transferred:           27 / 30, 90%
Elapsed time:      8m37.9s
Transferring:
 *                             model.safetensors:  0% /2.875Gi, 1.172Mi/s, 41m31
 *                                tokenizer.json:100% /6.706Mi, 686.696Ki/s, 0s
 *                                    vocab.json:  0% /2.648Mi, 0/s, -Transferred:   	    1.045 GiB / 3.905 GiB, 27%, 2.395 MiB/s, ETA 20m22s
Errors:                 1 (retrying may help)
Checks:                27 / 27, 100%, Listed 98
Transferred:           27 / 30, 90%
Elapsed time:      8m38.4s
Transferring:
 *                             model.safetensors:  0% /2.875Gi, 1.172Mi/s, 41m31
 *                                tokenizer.json:  0% /6.706Mi, 0/s, -
 *                                    vocab.json:  0% /2.648Mi, 0/s, -Transferred:   	    1.045 GiB / 3.905 GiB, 27%, 2.395 MiB/s, ETA 20m22s
Errors:                 1 (retrying may help)
Checks:                27 / 27, 100%, Listed 98
Transferred:           27 / 30, 90%
Elapsed time:      8m38.9s
Transferring:
 *                             model.safetensors:  0% /2.875Gi, 1.411Mi/s, 34m28
 *                                tokenizer.json:  0% /6.706Mi, 0/s, -
 *                                    vocab.json:  0% /2.648Mi, 0/s, -Transferred:   	    1.045 GiB / 3.905 GiB, 27%, 2.245 MiB/s, ETA 21m44s
Errors:                 1 (retrying may help)
Checks:                27 / 27, 100%, Listed 98
Transferred:           27 / 30, 90%
Elapsed time:      8m39.4s
Transferring:
 *                             model.safetensors:  0% /2.875Gi, 1.411Mi/s, 34m28
 *                                tokenizer.json:  0% /6.706Mi, 0/s, -
 *                                    vocab.json:  0% /2.648Mi, 0/s, -Transferred:   	    1.049 GiB / 3.905 GiB, 27%, 2.245 MiB/s, ETA 21m42s
Errors:                 1 (retrying may help)
Checks:                27 / 27, 100%, Listed 98
Transferred:           27 / 30, 90%
Elapsed time:      8m39.9s
Transferring:
 *                             model.safetensors:  0% /2.875Gi, 1.323Mi/s, 36m43
 *                                tokenizer.json:  0% /6.706Mi, 0/s, -
 *                                    vocab.json:  0% /2.648Mi, 0/s, -Transferred:   	    1.050 GiB / 3.905 GiB, 27%, 2.367 MiB/s, ETA 20m35s
Errors:                 1 (retrying may help)
Checks:                27 / 27, 100%, Listed 98
Transferred:           27 / 30, 90%
Elapsed time:      8m40.4s
Transferring:
 *                             model.safetensors:  1% /2.875Gi, 1.323Mi/s, 36m42
 *                                tokenizer.json:  0% /6.706Mi, 0/s, -
 *                                    vocab.json:  0% /2.648Mi, 0/s, -Transferred:   	    1.050 GiB / 3.905 GiB, 27%, 2.367 MiB/s, ETA 20m35s
Errors:                 1 (retrying may help)
Checks:                27 / 27, 100%, Listed 98
Transferred:           27 / 30, 90%
Elapsed time:      8m40.9s
Transferring:
 *                             model.safetensors:  1% /2.875Gi, 1.553Mi/s, 31m16
 *                                tokenizer.json:  0% /6.706Mi, 0/s, -
 *                                    vocab.json:  0% /2.648Mi, 0/s, -Transferred:   	    1.050 GiB / 3.905 GiB, 27%, 2.269 MiB/s, ETA 21m28s
Errors:                 1 (retrying may help)
Checks:                27 / 27, 100%, Listed 98
Transferred:           27 / 30, 90%
Elapsed time:      8m41.4s
Transferring:
 *                             model.safetensors:  1% /2.875Gi, 1.553Mi/s, 31m16
 *                                tokenizer.json:  0% /6.706Mi, 0/s, -
 *                                    vocab.json:  0% /2.648Mi, 0/s, -Transferred:   	    1.050 GiB / 3.905 GiB, 27%, 2.269 MiB/s, ETA 21m28s
Errors:                 1 (retrying may help)
Checks:                27 / 27, 100%, Listed 98
Transferred:           27 / 30, 90%
Elapsed time:      8m41.9s
Transferring:
 *                             model.safetensors:  1% /2.875Gi, 1.456Mi/s, 33m22
 *                                tokenizer.json:  0% /6.706Mi, 0/s, -
 *                                    vocab.json:  0% /2.648Mi, 0/s, -Transferred:   	    1.050 GiB / 3.905 GiB, 27%, 2.128 MiB/s, ETA 22m54s
Errors:                 1 (retrying may help)
Checks:                27 / 27, 100%, Listed 98
Transferred:           27 / 30, 90%
Elapsed time:      8m42.4s
Transferring:
 *                             model.safetensors:  1% /2.875Gi, 1.456Mi/s, 33m22
 *                                tokenizer.json:  0% /6.706Mi, 0/s, -
 *                                    vocab.json:  0% /2.648Mi, 0/s, -Transferred:   	    1.050 GiB / 3.905 GiB, 27%, 2.128 MiB/s, ETA 22m54s
Errors:                 1 (retrying may help)
Checks:                27 / 27, 100%, Listed 98
Transferred:           27 / 30, 90%
Elapsed time:      8m42.9s
Transferring:
 *                             model.safetensors:  1% /2.875Gi, 1.365Mi/s, 35m35
 *                                tokenizer.json:  0% /6.706Mi, 0/s, -
 *                                    vocab.json:  0% /2.648Mi, 0/s, -Transferred:   	    1.050 GiB / 3.905 GiB, 27%, 1.995 MiB/s, ETA 24m25s
Errors:                 1 (retrying may help)
Checks:                27 / 27, 100%, Listed 98
Transferred:           27 / 30, 90%
Elapsed time:      8m43.4s
Transferring:
 *                             model.safetensors:  1% /2.875Gi, 1.365Mi/s, 35m35
 *                                tokenizer.json:  0% /6.706Mi, 0/s, -
 *                                    vocab.json:  0% /2.648Mi, 0/s, -Transferred:   	    1.050 GiB / 3.905 GiB, 27%, 1.995 MiB/s, ETA 24m25s
Errors:                 1 (retrying may help)
Checks:                27 / 27, 100%, Listed 98
Transferred:           27 / 30, 90%
Elapsed time:      8m43.9s
Transferring:
 *                             model.safetensors:  1% /2.875Gi, 1.279Mi/s, 37m57
 *                                tokenizer.json:  0% /6.706Mi, 0/s, -
 *                                    vocab.json:  0% /2.648Mi, 0/s, -Transferred:   	    1.052 GiB / 3.905 GiB, 27%, 1.870 MiB/s, ETA 26m2s
Errors:                 1 (retrying may help)
Checks:                27 / 27, 100%, Listed 98
Transferred:           27 / 30, 90%
Elapsed time:      8m44.4s
Transferring:
 *                             model.safetensors:  1% /2.875Gi, 1.279Mi/s, 37m57
 *                                tokenizer.json:  0% /6.706Mi, 0/s, -
 *                                    vocab.json:100% /2.648Mi, 0/s, -Transferred:   	    1.052 GiB / 3.905 GiB, 27%, 1.870 MiB/s, ETA 26m2s
Errors:                 1 (retrying may help)
Checks:                27 / 27, 100%, Listed 98
Transferred:           27 / 30, 90%
Elapsed time:      8m44.9s
Transferring:
 *                             model.safetensors:  1% /2.875Gi, 1.199Mi/s, 40m29
 *                                tokenizer.json:  0% /6.706Mi, 0/s, -
 *                                    vocab.json:100% /2.648Mi, 271.168Ki/s, 0sTransferred:   	    1.056 GiB / 3.905 GiB, 27%, 1.919 MiB/s, ETA 25m20s
Errors:                 1 (retrying may help)
Checks:                27 / 27, 100%, Listed 98
Transferred:           27 / 30, 90%
Elapsed time:      8m45.4s
Transferring:
 *                             model.safetensors:  1% /2.875Gi, 1.199Mi/s, 40m29
 *                                tokenizer.json: 55% /6.706Mi, 0/s, -
 *                                    vocab.json:100% /2.648Mi, 271.168Ki/s, 0sTransferred:   	    1.058 GiB / 3.905 GiB, 27%, 1.919 MiB/s, ETA 25m19s
Errors:                 1 (retrying may help)
Checks:                27 / 27, 100%, Listed 98
Transferred:           27 / 30, 90%
Elapsed time:      8m45.9s
Transferring:
 *                             model.safetensors:  1% /2.875Gi, 1.125Mi/s, 43m11
 *                                tokenizer.json: 81% /6.706Mi, 0/s, -
 *                                    vocab.json:100% /2.648Mi, 246.516Ki/s, 0sTransferred:   	    1.059 GiB / 3.905 GiB, 27%, 2.144 MiB/s, ETA 22m39s
Errors:                 1 (retrying may help)
Checks:                27 / 27, 100%, Listed 98
Transferred:           27 / 30, 90%
Elapsed time:      8m46.4s
Transferring:
 *                             model.safetensors:  1% /2.875Gi, 1.125Mi/s, 43m11
 *                                tokenizer.json:100% /6.706Mi, 707.498Ki/s, 0s
 *                                    vocab.json:100% /2.648Mi, 246.516Ki/s, 0s
2026/03/19 16:19:19 ERROR : vocab.json: Failed to copy: operation error S3: PutObject, exceeded maximum number of attempts, 1, https response error StatusCode: 500, RequestID: , HostID: , error while deserializing xml error response : XML syntax error on line 6: element <hr> closed by </body>
Transferred:   	    1.059 GiB / 3.905 GiB, 27%, 2.144 MiB/s, ETA 22m39s
Errors:                 2 (retrying may help)
Checks:                27 / 27, 100%, Listed 98
Transferred:           27 / 30, 90%
Elapsed time:      8m46.9s
Transferring:
 *                             model.safetensors:  1% /2.875Gi, 1.054Mi/s, 46m4s
 *                                tokenizer.json:100% /6.706Mi, 707.498Ki/s, 0s
 *                                    vocab.json: transferringTransferred:   	    1.059 GiB / 3.905 GiB, 27%, 2.144 MiB/s, ETA 22m39s
Errors:                 2 (retrying may help)
Checks:                27 / 27, 100%, Listed 98
Transferred:           27 / 29, 93%
Elapsed time:      8m46.9s
Transferring:
 *                             model.safetensors:  1% /2.875Gi, 1.054Mi/s, 46m4s
 *                                tokenizer.json:100% /6.706Mi, 707.498Ki/s, 0s
2026/03/19 16:19:20 ERROR : tokenizer.json: Failed to copy: operation error S3: PutObject, exceeded maximum number of attempts, 1, https response error StatusCode: 500, RequestID: , HostID: , error while deserializing xml error response : XML syntax error on line 6: element <hr> closed by </body>
Transferred:   	    1.059 GiB / 3.905 GiB, 27%, 2.084 MiB/s, ETA 23m18s
Errors:                 3 (retrying may help)
Checks:                27 / 27, 100%, Listed 98
Transferred:           27 / 29, 93%
Elapsed time:      8m47.3s
Transferring:
 *                             model.safetensors:  1% /2.875Gi, 1.054Mi/s, 46m4s
 *                                tokenizer.json: transferringTransferred:   	    1.059 GiB / 1.059 GiB, 100%, 2.084 MiB/s, ETA 0s
Errors:                 3 (retrying may help)
Checks:                27 / 27, 100%, Listed 98
Transferred:           27 / 28, 96%
Elapsed time:      8m47.4s
Transferring:
 *                             model.safetensors: transferringTransferred:   	    1.059 GiB / 1.059 GiB, 100%, 2.084 MiB/s, ETA 0s
Errors:                 3 (retrying may help)
Checks:                27 / 27, 100%, Listed 98
Transferred:           27 / 28, 96%
Elapsed time:      8m47.9s
Transferring:
 *                             model.safetensors: transferringTransferred:   	    1.059 GiB / 1.059 GiB, 100%, 1.954 MiB/s, ETA 0s
Errors:                 3 (retrying may help)
Checks:                27 / 27, 100%, Listed 98
Transferred:           27 / 28, 96%
Elapsed time:      8m48.4s
Transferring:
 *                             model.safetensors: transferringTransferred:   	    1.059 GiB / 3.934 GiB, 27%, 1.954 MiB/s, ETA 25m7s
Errors:                 3 (retrying may help)
Checks:                27 / 27, 100%, Listed 98
Transferred:           27 / 28, 96%
Elapsed time:      8m48.9s
Transferring:
 *                             model.safetensors:  0% /2.875Gi, 0/s, -Transferred:   	    1.059 GiB / 3.934 GiB, 27%, 1.831 MiB/s, ETA 26m47s
Errors:                 3 (retrying may help)
Checks:                27 / 27, 100%, Listed 98
Transferred:           27 / 28, 96%
Elapsed time:      8m49.4s
Transferring:
 *                             model.safetensors:  0% /2.875Gi, 0/s, -Transferred:   	    1.062 GiB / 3.934 GiB, 27%, 1.831 MiB/s, ETA 26m46s
Errors:                 3 (retrying may help)
Checks:                27 / 27, 100%, Listed 98
Transferred:           27 / 28, 96%
Elapsed time:      8m49.9s
Transferring:
 *                             model.safetensors:  0% /2.875Gi, 0/s, -Transferred:   	    1.062 GiB / 3.934 GiB, 27%, 1.944 MiB/s, ETA 25m13s
Errors:                 3 (retrying may help)
Checks:                27 / 27, 100%, Listed 98
Transferred:           27 / 28, 96%
Elapsed time:      8m50.4s
Transferring:
 *                             model.safetensors:  0% /2.875Gi, 0/s, -Transferred:   	    1.066 GiB / 3.934 GiB, 27%, 1.944 MiB/s, ETA 25m11s
Errors:                 3 (retrying may help)
Checks:                27 / 27, 100%, Listed 98
Transferred:           27 / 28, 96%
Elapsed time:      8m50.9s
Transferring:
 *                             model.safetensors:  0% /2.875Gi, 2.172Mi/s, 22m32Transferred:   	    1.069 GiB / 3.934 GiB, 27%, 2.193 MiB/s, ETA 22m17s
Errors:                 3 (retrying may help)
Checks:                27 / 27, 100%, Listed 98
Transferred:           27 / 28, 96%
Elapsed time:      8m51.4s
Transferring:
 *                             model.safetensors:  0% /2.875Gi, 2.172Mi/s, 22m31Transferred:   	    1.069 GiB / 3.934 GiB, 27%, 2.193 MiB/s, ETA 22m17s
Errors:                 3 (retrying may help)
Checks:                27 / 27, 100%, Listed 98
Transferred:           27 / 28, 96%
Elapsed time:      8m51.9s
Transferring:
 *                             model.safetensors:  0% /2.875Gi, 3.333Mi/s, 14m40Transferred:   	    1.072 GiB / 3.934 GiB, 27%, 2.271 MiB/s, ETA 21m30s
Errors:                 3 (retrying may help)
Checks:                27 / 27, 100%, Listed 98
Transferred:           27 / 28, 96%
Elapsed time:      8m52.4s
Transferring:
 *                             model.safetensors:  0% /2.875Gi, 3.333Mi/s, 14m39Transferred:   	    1.073 GiB / 3.934 GiB, 27%, 2.271 MiB/s, ETA 21m30s
Errors:                 3 (retrying may help)
Checks:                27 / 27, 100%, Listed 98
Transferred:           27 / 28, 96%
Elapsed time:      8m52.9s
Transferring:
 *                             model.safetensors:  0% /2.875Gi, 3.711Mi/s, 13m9sTransferred:   	    1.077 GiB / 3.934 GiB, 27%, 2.457 MiB/s, ETA 19m50s
Errors:                 3 (retrying may help)
Checks:                27 / 27, 100%, Listed 98
Transferred:           27 / 28, 96%
Elapsed time:      8m53.4s
Transferring:
 *                             model.safetensors:  0% /2.875Gi, 3.711Mi/s, 13m8sTransferred:   	    1.077 GiB / 3.934 GiB, 27%, 2.457 MiB/s, ETA 19m50s
Errors:                 3 (retrying may help)
Checks:                27 / 27, 100%, Listed 98
Transferred:           27 / 28, 96%
Elapsed time:      8m54.0s
Transferring:
 *                             model.safetensors:  0% /2.875Gi, 3.694Mi/s, 13m12Transferred:   	    1.078 GiB / 3.934 GiB, 27%, 2.317 MiB/s, ETA 21m2s
Errors:                 3 (retrying may help)
Checks:                27 / 27, 100%, Listed 98
Transferred:           27 / 28, 96%
Elapsed time:      8m54.4s
Transferring:
 *                             model.safetensors:  0% /2.875Gi, 3.694Mi/s, 13m11Transferred:   	    1.078 GiB / 3.934 GiB, 27%, 2.317 MiB/s, ETA 21m2s
Errors:                 3 (retrying may help)
Checks:                27 / 27, 100%, Listed 98
Transferred:           27 / 28, 96%
Elapsed time:      8m54.9s
Transferring:
 *                             model.safetensors:  0% /2.875Gi, 3.333Mi/s, 14m37Transferred:   	    1.081 GiB / 3.934 GiB, 27%, 2.407 MiB/s, ETA 20m13s
Errors:                 3 (retrying may help)
Checks:                27 / 27, 100%, Listed 98
Transferred:           27 / 28, 96%
Elapsed time:      8m55.4s
Transferring:
 *                             model.safetensors:  0% /2.875Gi, 3.333Mi/s, 14m36Transferred:   	    1.083 GiB / 3.934 GiB, 28%, 2.407 MiB/s, ETA 20m13s
Errors:                 3 (retrying may help)
Checks:                27 / 27, 100%, Listed 98
Transferred:           27 / 28, 96%
Elapsed time:      8m56.0s
Transferring:
 *                             model.safetensors:  0% /2.875Gi, 3.393Mi/s, 14m20Transferred:   	    1.083 GiB / 3.934 GiB, 28%, 2.430 MiB/s, ETA 20m1s
Errors:                 3 (retrying may help)
Checks:                27 / 27, 100%, Listed 98
Transferred:           27 / 28, 96%
Elapsed time:      8m56.4s
Transferring:
 *                             model.safetensors:  0% /2.875Gi, 3.393Mi/s, 14m20Transferred:   	    1.083 GiB / 3.934 GiB, 28%, 2.430 MiB/s, ETA 20m1s
Errors:                 3 (retrying may help)
Checks:                27 / 27, 100%, Listed 98
Transferred:           27 / 28, 96%
Elapsed time:      8m56.9s
Transferring:
 *                             model.safetensors:  0% /2.875Gi, 3.125Mi/s, 15m34Transferred:   	    1.088 GiB / 3.934 GiB, 28%, 2.493 MiB/s, ETA 19m28s
Errors:                 3 (retrying may help)
Checks:                27 / 27, 100%, Listed 98
Transferred:           27 / 28, 96%
Elapsed time:      8m57.4s
Transferring:
 *                             model.safetensors:  1% /2.875Gi, 3.125Mi/s, 15m32Transferred:   	    1.088 GiB / 3.934 GiB, 28%, 2.493 MiB/s, ETA 19m28s
Errors:                 3 (retrying may help)
Checks:                27 / 27, 100%, Listed 98
Transferred:           27 / 28, 96%
Elapsed time:      8m57.9s
Transferring:
 *                             model.safetensors:  1% /2.875Gi, 3.333Mi/s, 14m34Transferred:   	    1.088 GiB / 3.934 GiB, 28%, 2.435 MiB/s, ETA 19m56s
Errors:                 3 (retrying may help)
Checks:                27 / 27, 100%, Listed 98
Transferred:           27 / 28, 96%
Elapsed time:      8m58.4s
Transferring:
 *                             model.safetensors:  1% /2.875Gi, 3.333Mi/s, 14m34Transferred:   	    1.088 GiB / 3.934 GiB, 28%, 2.435 MiB/s, ETA 19m56s
Errors:                 3 (retrying may help)
Checks:                27 / 27, 100%, Listed 98
Transferred:           27 / 28, 96%
Elapsed time:      8m58.9s
Transferring:
 *                             model.safetensors:  1% /2.875Gi, 3.000Mi/s, 16m11Transferred:   	    1.088 GiB / 3.934 GiB, 28%, 2.283 MiB/s, ETA 21m16s
Errors:                 3 (retrying may help)
Checks:                27 / 27, 100%, Listed 98
Transferred:           27 / 28, 96%
Elapsed time:      8m59.4s
Transferring:
 *                             model.safetensors:  1% /2.875Gi, 3.000Mi/s, 16m11Transferred:   	    1.088 GiB / 3.934 GiB, 28%, 2.283 MiB/s, ETA 21m16s
Errors:                 3 (retrying may help)
Checks:                27 / 27, 100%, Listed 98
Transferred:           27 / 28, 96%
Elapsed time:      8m59.9s
Transferring:
 *                             model.safetensors:  1% /2.875Gi, 2.727Mi/s, 17m48Transferred:   	    1.088 GiB / 3.934 GiB, 28%, 2.140 MiB/s, ETA 22m41s
Errors:                 3 (retrying may help)
Checks:                27 / 27, 100%, Listed 98
Transferred:           27 / 28, 96%
Elapsed time:       9m0.4s
Transferring:
 *                             model.safetensors:  1% /2.875Gi, 2.727Mi/s, 17m48Transferred:   	    1.088 GiB / 3.934 GiB, 28%, 2.140 MiB/s, ETA 22m41s
Errors:                 3 (retrying may help)
Checks:                27 / 27, 100%, Listed 98
Transferred:           27 / 28, 96%
Elapsed time:       9m0.9s
Transferring:
 *                             model.safetensors:  1% /2.875Gi, 2.500Mi/s, 19m25Transferred:   	    1.088 GiB / 3.934 GiB, 28%, 2.006 MiB/s, ETA 24m12s
Errors:                 3 (retrying may help)
Checks:                27 / 27, 100%, Listed 98
Transferred:           27 / 28, 96%
Elapsed time:       9m1.4s
Transferring:
 *                             model.safetensors:  1% /2.875Gi, 2.500Mi/s, 19m25Transferred:   	    1.088 GiB / 3.934 GiB, 28%, 2.006 MiB/s, ETA 24m12s
Errors:                 3 (retrying may help)
Checks:                27 / 27, 100%, Listed 98
Transferred:           27 / 28, 96%
Elapsed time:       9m1.9s
Transferring:
 *                             model.safetensors:  1% /2.875Gi, 2.308Mi/s, 21m2sTransferred:   	    1.088 GiB / 3.934 GiB, 28%, 1.881 MiB/s, ETA 25m49s
Errors:                 3 (retrying may help)
Checks:                27 / 27, 100%, Listed 98
Transferred:           27 / 28, 96%
Elapsed time:       9m2.4s
Transferring:
 *                             model.safetensors:  1% /2.875Gi, 2.308Mi/s, 21m2sTransferred:   	    1.088 GiB / 3.934 GiB, 28%, 1.881 MiB/s, ETA 25m49s
Errors:                 3 (retrying may help)
Checks:                27 / 27, 100%, Listed 98
Transferred:           27 / 28, 96%
Elapsed time:       9m2.9s
Transferring:
 *                             model.safetensors:  1% /2.875Gi, 2.143Mi/s, 22m40Transferred:   	    1.088 GiB / 1.088 GiB, 100%, 1.763 MiB/s, ETA 0s
Errors:                 3 (retrying may help)
Checks:                27 / 27, 100%, Listed 98
Transferred:           27 / 28, 96%
Elapsed time:       9m3.4s
Transferring:
 *                             model.safetensors: transferringTransferred:   	    1.092 GiB / 3.964 GiB, 28%, 1.763 MiB/s, ETA 27m47s
Errors:                 3 (retrying may help)
Checks:                27 / 27, 100%, Listed 98
Transferred:           27 / 28, 96%
Elapsed time:       9m3.9s
Transferring:
 *                             model.safetensors:  0% /2.875Gi, 0/s, -Transferred:   	    1.098 GiB / 3.964 GiB, 28%, 2.188 MiB/s, ETA 22m20s
Errors:                 3 (retrying may help)
Checks:                27 / 27, 100%, Listed 98
Transferred:           27 / 28, 96%
Elapsed time:       9m4.4s
Transferring:
 *                             model.safetensors:  0% /2.875Gi, 0/s, -Transferred:   	    1.098 GiB / 3.964 GiB, 28%, 2.188 MiB/s, ETA 22m20s
Errors:                 3 (retrying may help)
Checks:                27 / 27, 100%, Listed 98
Transferred:           27 / 28, 96%
Elapsed time:       9m4.9s
Transferring:
 *                             model.safetensors:  0% /2.875Gi, 10.000Mi/s, 4m53Transferred:   	    1.099 GiB / 3.964 GiB, 28%, 2.141 MiB/s, ETA 22m49s
Errors:                 3 (retrying may help)
Checks:                27 / 27, 100%, Listed 98
Transferred:           27 / 28, 96%
Elapsed time:       9m5.4s
Transferring:
 *                             model.safetensors:  0% /2.875Gi, 10.000Mi/s, 4m53Transferred:   	    1.101 GiB / 3.964 GiB, 28%, 2.141 MiB/s, ETA 22m49s
Errors:                 3 (retrying may help)
Checks:                27 / 27, 100%, Listed 98
Transferred:           27 / 28, 96%
Elapsed time:       9m5.9s
Transferring:
 *                             model.safetensors:  0% /2.875Gi, 5.406Mi/s, 9m2sTransferred:   	    1.105 GiB / 3.964 GiB, 28%, 2.193 MiB/s, ETA 22m14s
Errors:                 3 (retrying may help)
Checks:                27 / 27, 100%, Listed 98
Transferred:           27 / 28, 96%
Elapsed time:       9m6.4s
Transferring:
 *                             model.safetensors:  0% /2.875Gi, 5.406Mi/s, 9m1sTransferred:   	    1.107 GiB / 3.964 GiB, 28%, 2.193 MiB/s, ETA 22m13s
Errors:                 3 (retrying may help)
Checks:                27 / 27, 100%, Listed 98
Transferred:           27 / 28, 96%
Elapsed time:       9m6.9s
Transferring:
 *                             model.safetensors:  0% /2.875Gi, 5.989Mi/s, 8m8sTransferred:   	    1.114 GiB / 3.964 GiB, 28%, 2.697 MiB/s, ETA 18m2s
Errors:                 3 (retrying may help)
Checks:                27 / 27, 100%, Listed 98
Transferred:           27 / 28, 96%
Elapsed time:       9m7.5s
Transferring:
 *                             model.safetensors:  0% /2.875Gi, 5.989Mi/s, 8m7sTransferred:   	    1.117 GiB / 3.964 GiB, 28%, 2.697 MiB/s, ETA 18m1s
Errors:                 3 (retrying may help)
Checks:                27 / 27, 100%, Listed 98
Transferred:           27 / 28, 96%
Elapsed time:       9m7.9s
Transferring:
 *                             model.safetensors:  0% /2.875Gi, 6.844Mi/s, 7m5sTransferred:   	    1.117 GiB / 3.964 GiB, 28%, 2.952 MiB/s, ETA 16m27s
Errors:                 3 (retrying may help)
Checks:                27 / 27, 100%, Listed 98
Transferred:           27 / 28, 96%
Elapsed time:       9m8.4s
Transferring:
 *                             model.safetensors:  1% /2.875Gi, 6.844Mi/s, 7m5sTransferred:   	    1.122 GiB / 3.964 GiB, 28%, 2.952 MiB/s, ETA 16m25s
Errors:                 3 (retrying may help)
Checks:                27 / 27, 100%, Listed 98
Transferred:           27 / 28, 96%
Elapsed time:       9m8.9s
Transferring:
 *                             model.safetensors:  1% /2.875Gi, 6.925Mi/s, 7m0sTransferred:   	    1.122 GiB / 3.964 GiB, 28%, 3.079 MiB/s, ETA 15m45s
Errors:                 3 (retrying may help)
Checks:                27 / 27, 100%, Listed 98
Transferred:           27 / 28, 96%
Elapsed time:       9m9.4s
Transferring:
 *                             model.safetensors:  1% /2.875Gi, 6.925Mi/s, 7m0sTransferred:   	    1.122 GiB / 3.964 GiB, 28%, 3.079 MiB/s, ETA 15m45s
Errors:                 3 (retrying may help)
Checks:                27 / 27, 100%, Listed 98
Transferred:           27 / 28, 96%
Elapsed time:       9m9.9s
Transferring:
 *                             model.safetensors:  1% /2.875Gi, 5.833Mi/s, 8m18sTransferred:   	    1.122 GiB / 3.964 GiB, 28%, 2.886 MiB/s, ETA 16m48s
Errors:                 3 (retrying may help)
Checks:                27 / 27, 100%, Listed 98
Transferred:           27 / 28, 96%
Elapsed time:      9m10.4s
Transferring:
 *                             model.safetensors:  1% /2.875Gi, 5.833Mi/s, 8m18sTransferred:   	    1.122 GiB / 3.964 GiB, 28%, 2.886 MiB/s, ETA 16m48s
Errors:                 3 (retrying may help)
Checks:                27 / 27, 100%, Listed 98
Transferred:           27 / 28, 96%
Elapsed time:      9m10.9s
Transferring:
 *                             model.safetensors:  1% /2.875Gi, 5.000Mi/s, 9m41sTransferred:   	    1.122 GiB / 3.964 GiB, 28%, 2.706 MiB/s, ETA 17m55s
Errors:                 3 (retrying may help)
Checks:                27 / 27, 100%, Listed 98
Transferred:           27 / 28, 96%
Elapsed time:      9m11.4s
Transferring:
 *                             model.safetensors:  1% /2.875Gi, 5.000Mi/s, 9m41sTransferred:   	    1.122 GiB / 3.964 GiB, 28%, 2.706 MiB/s, ETA 17m55s
Errors:                 3 (retrying may help)
Checks:                27 / 27, 100%, Listed 98
Transferred:           27 / 28, 96%
Elapsed time:      9m11.9s
Transferring:
 *                             model.safetensors:  1% /2.875Gi, 4.375Mi/s, 11m5sTransferred:   	    1.122 GiB / 1.122 GiB, 100%, 2.537 MiB/s, ETA 0s
Errors:                 3 (retrying may help)
Checks:                27 / 27, 100%, Listed 98
Transferred:           27 / 28, 96%
Elapsed time:      9m12.4s
Transferring:
 *                             model.safetensors: transferringTransferred:   	    1.127 GiB / 3.998 GiB, 28%, 2.537 MiB/s, ETA 19m18s
Errors:                 3 (retrying may help)
Checks:                27 / 27, 100%, Listed 98
Transferred:           27 / 28, 96%
Elapsed time:      9m12.9s
Transferring:
 *                             model.safetensors:  0% /2.875Gi, 0/s, -Transferred:   	    1.128 GiB / 3.998 GiB, 28%, 2.691 MiB/s, ETA 18m12s
Errors:                 3 (retrying may help)
Checks:                27 / 27, 100%, Listed 98
Transferred:           27 / 28, 96%
Elapsed time:      9m13.4s
Transferring:
 *                             model.safetensors:  0% /2.875Gi, 0/s, -Transferred:   	    1.130 GiB / 3.998 GiB, 28%, 2.691 MiB/s, ETA 18m11s
Errors:                 3 (retrying may help)
Checks:                27 / 27, 100%, Listed 98
Transferred:           27 / 28, 96%
Elapsed time:      9m13.9s
Transferring:
 *                             model.safetensors:  0% /2.875Gi, 8.062Mi/s, 6m4sTransferred:   	    1.130 GiB / 3.998 GiB, 28%, 2.714 MiB/s, ETA 18m1s
Errors:                 3 (retrying may help)
Checks:                27 / 27, 100%, Listed 98
Transferred:           27 / 28, 96%
Elapsed time:      9m14.4s
Transferring:
 *                             model.safetensors:  0% /2.875Gi, 8.062Mi/s, 6m4sTransferred:   	    1.131 GiB / 3.998 GiB, 28%, 2.714 MiB/s, ETA 18m1s
Errors:                 3 (retrying may help)
Checks:                27 / 27, 100%, Listed 98
Transferred:           27 / 28, 96%
Elapsed time:      9m14.9s
Transferring:
 *                             model.safetensors:  0% /2.875Gi, 4.031Mi/s, 12m8sTransferred:   	    1.134 GiB / 3.998 GiB, 28%, 2.660 MiB/s, ETA 18m22s
Errors:                 3 (retrying may help)
Checks:                27 / 27, 100%, Listed 98
Transferred:           27 / 28, 96%
Elapsed time:      9m15.4s
Transferring:
 *                             model.safetensors:  0% /2.875Gi, 4.031Mi/s, 12m7sTransferred:   	    1.141 GiB / 3.998 GiB, 29%, 2.660 MiB/s, ETA 18m19s
Errors:                 3 (retrying may help)
Checks:                27 / 27, 100%, Listed 98
Transferred:           27 / 28, 96%
Elapsed time:      9m15.9s
Transferring:
 *                             model.safetensors:  0% /2.875Gi, 6.489Mi/s, 7m30sTransferred:   	    1.144 GiB / 3.998 GiB, 29%, 3.206 MiB/s, ETA 15m11s
Errors:                 3 (retrying may help)
Checks:                27 / 27, 100%, Listed 98
Transferred:           27 / 28, 96%
Elapsed time:      9m16.4s
Transferring:
 *                             model.safetensors:  0% /2.875Gi, 6.489Mi/s, 7m30sTransferred:   	    1.145 GiB / 3.998 GiB, 29%, 3.206 MiB/s, ETA 15m11s
Errors:                 3 (retrying may help)
Checks:                27 / 27, 100%, Listed 98
Transferred:           27 / 28, 96%
Elapsed time:      9m16.9s
Transferring:
 *                             model.safetensors:  0% /2.875Gi, 5.859Mi/s, 8m18sTransferred:   	    1.147 GiB / 3.998 GiB, 29%, 3.195 MiB/s, ETA 15m13s
Errors:                 3 (retrying may help)
Checks:                27 / 27, 100%, Listed 98
Transferred:           27 / 28, 96%
Elapsed time:      9m17.4s
Transferring:
 *                             model.safetensors:  0% /2.875Gi, 5.859Mi/s, 8m18sTransferred:   	    1.147 GiB / 3.998 GiB, 29%, 3.195 MiB/s, ETA 15m13s
Errors:                 3 (retrying may help)
Checks:                27 / 27, 100%, Listed 98
Transferred:           27 / 28, 96%
Elapsed time:      9m17.9s
Transferring:
 *                             model.safetensors:  0% /2.875Gi, 5.000Mi/s, 9m43sTransferred:   	    1.147 GiB / 3.998 GiB, 29%, 3.037 MiB/s, ETA 16m1s
Errors:                 3 (retrying may help)
Checks:                27 / 27, 100%, Listed 98
Transferred:           27 / 28, 96%
Elapsed time:      9m18.4s
Transferring:
 *                             model.safetensors:  0% /2.875Gi, 5.000Mi/s, 9m43sTransferred:   	    1.147 GiB / 3.998 GiB, 29%, 3.037 MiB/s, ETA 16m1s
Errors:                 3 (retrying may help)
Checks:                27 / 27, 100%, Listed 98
Transferred:           27 / 28, 96%
Elapsed time:      9m18.9s
Transferring:
 *                             model.safetensors:  0% /2.875Gi, 4.167Mi/s, 11m40Transferred:   	    1.147 GiB / 1.147 GiB, 100%, 2.847 MiB/s, ETA 0s
Errors:                 3 (retrying may help)
Checks:                27 / 27, 100%, Listed 98
Transferred:           27 / 28, 96%
Elapsed time:      9m19.4s
Transferring:
 *                             model.safetensors: transferringTransferred:   	    1.147 GiB / 1.147 GiB, 100%, 2.847 MiB/s, ETA 0s
Errors:                 3 (retrying may help)
Checks:                27 / 27, 100%, Listed 98
Transferred:           27 / 28, 96%
Elapsed time:      9m19.9s
Transferring:
 *                             model.safetensors: transferringTransferred:   	    1.149 GiB / 4.022 GiB, 29%, 2.669 MiB/s, ETA 18m22s
Errors:                 3 (retrying may help)
Checks:                27 / 27, 100%, Listed 98
Transferred:           27 / 28, 96%
Elapsed time:      9m20.4s
Transferring:
 *                             model.safetensors:  0% /2.875Gi, 0/s, -Transferred:   	    1.152 GiB / 4.022 GiB, 29%, 2.669 MiB/s, ETA 18m21s
Errors:                 3 (retrying may help)
Checks:                27 / 27, 100%, Listed 98
Transferred:           27 / 28, 96%
Elapsed time:      9m20.9s
Transferring:
 *                             model.safetensors:  0% /2.875Gi, 0/s, -Transferred:   	    1.152 GiB / 4.022 GiB, 29%, 2.815 MiB/s, ETA 17m24s
Errors:                 3 (retrying may help)
Checks:                27 / 27, 100%, Listed 98
Transferred:           27 / 28, 96%
Elapsed time:      9m21.4s
Transferring:
 *                             model.safetensors:  0% /2.875Gi, 4.999Mi/s, 9m47sTransferred:   	    1.153 GiB / 4.022 GiB, 29%, 2.815 MiB/s, ETA 17m23s
Errors:                 3 (retrying may help)
Checks:                27 / 27, 100%, Listed 98
Transferred:           27 / 28, 96%
Elapsed time:      9m21.9s
Transferring:
 *                             model.safetensors:  0% /2.875Gi, 4.999Mi/s, 9m47sTransferred:   	    1.157 GiB / 4.022 GiB, 29%, 2.809 MiB/s, ETA 17m24s
Errors:                 3 (retrying may help)
Checks:                27 / 27, 100%, Listed 98
Transferred:           27 / 28, 96%
Elapsed time:      9m22.4s
Transferring:
 *                             model.safetensors:  0% /2.875Gi, 5.250Mi/s, 9m18sTransferred:   	    1.159 GiB / 4.022 GiB, 29%, 2.809 MiB/s, ETA 17m23s
Errors:                 3 (retrying may help)
Checks:                27 / 27, 100%, Listed 98
Transferred:           27 / 28, 96%
Elapsed time:      9m22.9s
Transferring:
 *                             model.safetensors:  0% /2.875Gi, 5.250Mi/s, 9m18sTransferred:   	    1.161 GiB / 4.022 GiB, 29%, 2.965 MiB/s, ETA 16m28s
Errors:                 3 (retrying may help)
Checks:                27 / 27, 100%, Listed 98
Transferred:           27 / 28, 96%
Elapsed time:      9m23.4s
Transferring:
 *                             model.safetensors:  0% /2.875Gi, 4.969Mi/s, 9m49sTransferred:   	    1.163 GiB / 4.022 GiB, 29%, 2.965 MiB/s, ETA 16m27s
Errors:                 3 (retrying may help)
Checks:                27 / 27, 100%, Listed 98
Transferred:           27 / 28, 96%
Elapsed time:      9m23.9s
Transferring:
 *                             model.safetensors:  0% /2.875Gi, 4.969Mi/s, 9m49sTransferred:   	    1.164 GiB / 4.022 GiB, 29%, 3.055 MiB/s, ETA 15m57s
Errors:                 3 (retrying may help)
Checks:                27 / 27, 100%, Listed 98
Transferred:           27 / 28, 96%
Elapsed time:      9m24.4s
Transferring:
 *                             model.safetensors:  0% /2.875Gi, 4.422Mi/s, 11m1sTransferred:   	    1.171 GiB / 4.022 GiB, 29%, 3.055 MiB/s, ETA 15m55s
Errors:                 3 (retrying may help)
Checks:                27 / 27, 100%, Listed 98
Transferred:           27 / 28, 96%
Elapsed time:      9m24.9s
Transferring:
 *                             model.safetensors:  0% /2.875Gi, 4.422Mi/s, 11m0sTransferred:   	    1.171 GiB / 4.022 GiB, 29%, 3.337 MiB/s, ETA 14m34s
Errors:                 3 (retrying may help)
Checks:                27 / 27, 100%, Listed 98
Transferred:           27 / 28, 96%
Elapsed time:      9m25.4s
Transferring:
 *                             model.safetensors:  0% /2.875Gi, 5.000Mi/s, 9m43sTransferred:   	    1.171 GiB / 4.022 GiB, 29%, 3.337 MiB/s, ETA 14m34s
Errors:                 3 (retrying may help)
Checks:                27 / 27, 100%, Listed 98
Transferred:           27 / 28, 96%
Elapsed time:      9m25.9s
Transferring:
 *                             model.safetensors:  0% /2.875Gi, 5.000Mi/s, 9m43sTransferred:   	    1.176 GiB / 4.022 GiB, 29%, 3.341 MiB/s, ETA 14m32s
Errors:                 3 (retrying may help)
Checks:                27 / 27, 100%, Listed 98
Transferred:           27 / 28, 96%
Elapsed time:      9m26.4s
Transferring:
 *                             model.safetensors:  1% /2.875Gi, 5.000Mi/s, 9m42sTransferred:   	    1.181 GiB / 4.022 GiB, 29%, 3.341 MiB/s, ETA 14m30s
Errors:                 3 (retrying may help)
Checks:                27 / 27, 100%, Listed 98
Transferred:           27 / 28, 96%
Elapsed time:      9m26.9s
Transferring:
 *                             model.safetensors:  1% /2.875Gi, 5.000Mi/s, 9m41sTransferred:   	    1.181 GiB / 4.022 GiB, 29%, 3.544 MiB/s, ETA 13m40s
Errors:                 3 (retrying may help)
Checks:                27 / 27, 100%, Listed 98
Transferred:           27 / 28, 96%
Elapsed time:      9m27.4s
Transferring:
 *                             model.safetensors:  1% /2.875Gi, 5.000Mi/s, 9m41sTransferred:   	    1.183 GiB / 4.022 GiB, 29%, 3.544 MiB/s, ETA 13m40s
Errors:                 3 (retrying may help)
Checks:                27 / 27, 100%, Listed 98
Transferred:           27 / 28, 96%
Elapsed time:      9m27.9s
Transferring:
 *                             model.safetensors:  1% /2.875Gi, 5.000Mi/s, 9m41sTransferred:   	    1.183 GiB / 4.022 GiB, 29%, 3.460 MiB/s, ETA 14m
Errors:                 3 (retrying may help)
Checks:                27 / 27, 100%, Listed 98
Transferred:           27 / 28, 96%
Elapsed time:      9m28.4s
Transferring:
 *                             model.safetensors:  1% /2.875Gi, 4.648Mi/s, 10m25Transferred:   	    1.183 GiB / 4.022 GiB, 29%, 3.460 MiB/s, ETA 14m
Errors:                 3 (retrying may help)
Checks:                27 / 27, 100%, Listed 98
Transferred:           27 / 28, 96%
Elapsed time:      9m28.9s
Transferring:
 *                             model.safetensors:  1% /2.875Gi, 4.648Mi/s, 10m25Transferred:   	    1.183 GiB / 4.022 GiB, 29%, 3.243 MiB/s, ETA 14m56s
Errors:                 3 (retrying may help)
Checks:                27 / 27, 100%, Listed 98
Transferred:           27 / 28, 96%
Elapsed time:      9m29.4s
Transferring:
 *                             model.safetensors:  1% /2.875Gi, 4.132Mi/s, 11m43Transferred:   	    1.183 GiB / 4.022 GiB, 29%, 3.243 MiB/s, ETA 14m56s
Errors:                 3 (retrying may help)
Checks:                27 / 27, 100%, Listed 98
Transferred:           27 / 28, 96%
Elapsed time:      9m29.9s
Transferring:
 *                             model.safetensors:  1% /2.875Gi, 4.132Mi/s, 11m43Transferred:   	    1.183 GiB / 4.022 GiB, 29%, 3.041 MiB/s, ETA 15m56s
Errors:                 3 (retrying may help)
Checks:                27 / 27, 100%, Listed 98
Transferred:           27 / 28, 96%
Elapsed time:      9m30.4s
Transferring:
 *                             model.safetensors:  1% /2.875Gi, 3.719Mi/s, 13m1sTransferred:   	    1.183 GiB / 4.022 GiB, 29%, 3.041 MiB/s, ETA 15m56s
Errors:                 3 (retrying may help)
Checks:                27 / 27, 100%, Listed 98
Transferred:           27 / 28, 96%
Elapsed time:      9m30.9s
Transferring:
 *                             model.safetensors:  1% /2.875Gi, 3.719Mi/s, 13m1sTransferred:   	    1.183 GiB / 4.022 GiB, 29%, 2.851 MiB/s, ETA 16m59s
Errors:                 3 (retrying may help)
Checks:                27 / 27, 100%, Listed 98
Transferred:           27 / 28, 96%
Elapsed time:      9m31.4s
Transferring:
 *                             model.safetensors:  1% /2.875Gi, 3.381Mi/s, 14m19Transferred:   	    1.183 GiB / 4.022 GiB, 29%, 2.851 MiB/s, ETA 16m59s
Errors:                 3 (retrying may help)
Checks:                27 / 27, 100%, Listed 98
Transferred:           27 / 28, 96%
Elapsed time:      9m31.9s
Transferring:
 *                             model.safetensors:  1% /2.875Gi, 3.381Mi/s, 14m19Transferred:   	    1.183 GiB / 1.183 GiB, 100%, 2.672 MiB/s, ETA 0s
Errors:                 3 (retrying may help)
Checks:                27 / 27, 100%, Listed 98
Transferred:           27 / 28, 96%
Elapsed time:      9m32.4s
Transferring:
 *                             model.safetensors: transferringTransferred:   	    1.183 GiB / 1.183 GiB, 100%, 2.672 MiB/s, ETA 0s
Errors:                 3 (retrying may help)
Checks:                27 / 27, 100%, Listed 98
Transferred:           27 / 28, 96%
Elapsed time:      9m32.9s
Transferring:
 *                             model.safetensors: transferringTransferred:   	    1.186 GiB / 4.058 GiB, 29%, 2.505 MiB/s, ETA 19m34s
Errors:                 3 (retrying may help)
Checks:                27 / 27, 100%, Listed 98
Transferred:           27 / 28, 96%
Elapsed time:      9m33.4s
Transferring:
 *                             model.safetensors:  0% /2.875Gi, 0/s, -Transferred:   	    1.191 GiB / 4.058 GiB, 29%, 2.505 MiB/s, ETA 19m31s
Errors:                 3 (retrying may help)
Checks:                27 / 27, 100%, Listed 98
Transferred:           27 / 28, 96%
Elapsed time:      9m33.9s
Transferring:
 *                             model.safetensors:  0% /2.875Gi, 0/s, -Transferred:   	    1.193 GiB / 4.058 GiB, 29%, 2.923 MiB/s, ETA 16m43s
Errors:                 3 (retrying may help)
Checks:                27 / 27, 100%, Listed 98
Transferred:           27 / 28, 96%
Elapsed time:      9m34.4s
Transferring:
 *                             model.safetensors:  0% /2.875Gi, 9.999Mi/s, 4m53sTransferred:   	    1.198 GiB / 4.058 GiB, 30%, 2.923 MiB/s, ETA 16m42s
Errors:                 3 (retrying may help)
Checks:                27 / 27, 100%, Listed 98
Transferred:           27 / 28, 96%
Elapsed time:      9m34.9s
Transferring:
 *                             model.safetensors:  0% /2.875Gi, 9.999Mi/s, 4m52sTransferred:   	    1.201 GiB / 4.058 GiB, 30%, 3.152 MiB/s, ETA 15m28s
Errors:                 3 (retrying may help)
Checks:                27 / 27, 100%, Listed 98
Transferred:           27 / 28, 96%
Elapsed time:      9m35.4s
Transferring:
 *                             model.safetensors:  0% /2.875Gi, 7.890Mi/s, 6m10sTransferred:   	    1.207 GiB / 4.058 GiB, 30%, 3.152 MiB/s, ETA 15m26s
Errors:                 3 (retrying may help)
Checks:                27 / 27, 100%, Listed 98
Transferred:           27 / 28, 96%
Elapsed time:      9m35.9s
Transferring:
 *                             model.safetensors:  0% /2.875Gi, 7.890Mi/s, 6m10sTransferred:   	    1.209 GiB / 4.058 GiB, 30%, 3.526 MiB/s, ETA 13m47s
Errors:                 3 (retrying may help)
Checks:                27 / 27, 100%, Listed 98
Transferred:           27 / 28, 96%
Elapsed time:      9m36.4s
Transferring:
 *                             model.safetensors:  0% /2.875Gi, 8.729Mi/s, 5m34sTransferred:   	    1.210 GiB / 4.058 GiB, 30%, 3.526 MiB/s, ETA 13m47s
Errors:                 3 (retrying may help)
Checks:                27 / 27, 100%, Listed 98
Transferred:           27 / 28, 96%
Elapsed time:      9m36.9s
Transferring:
 *                             model.safetensors:  0% /2.875Gi, 8.729Mi/s, 5m34sTransferred:   	    1.210 GiB / 4.058 GiB, 30%, 3.446 MiB/s, ETA 14m6s
Errors:                 3 (retrying may help)
Checks:                27 / 27, 100%, Listed 98
Transferred:           27 / 28, 96%
Elapsed time:      9m37.4s
Transferring:
 *                             model.safetensors:  0% /2.875Gi, 6.789Mi/s, 7m9sTransferred:   	    1.210 GiB / 4.058 GiB, 30%, 3.446 MiB/s, ETA 14m6s
Errors:                 3 (retrying may help)
Checks:                27 / 27, 100%, Listed 98
Transferred:           27 / 28, 96%
Elapsed time:      9m37.9s
Transferring:
 *                             model.safetensors:  0% /2.875Gi, 6.789Mi/s, 7m9sTransferred:   	    1.210 GiB / 4.058 GiB, 30%, 3.231 MiB/s, ETA 15m2s
Errors:                 3 (retrying may help)
Checks:                27 / 27, 100%, Listed 98
Transferred:           27 / 28, 96%
Elapsed time:      9m38.4s
Transferring:
 *                             model.safetensors:  0% /2.875Gi, 5.431Mi/s, 8m57sTransferred:   	    1.210 GiB / 4.058 GiB, 30%, 3.231 MiB/s, ETA 15m2s
Errors:                 3 (retrying may help)
Checks:                27 / 27, 100%, Listed 98
Transferred:           27 / 28, 96%
Elapsed time:      9m38.9s
Transferring:
 *                             model.safetensors:  0% /2.875Gi, 5.431Mi/s, 8m57sTransferred:   	    1.210 GiB / 4.058 GiB, 30%, 3.029 MiB/s, ETA 16m3s
Errors:                 3 (retrying may help)
Checks:                27 / 27, 100%, Listed 98
Transferred:           27 / 28, 96%
Elapsed time:      9m39.4s
Transferring:
 *                             model.safetensors:  0% /2.875Gi, 4.526Mi/s, 10m44Transferred:   	    1.210 GiB / 1.210 GiB, 100%, 3.029 MiB/s, ETA 0s
Errors:                 3 (retrying may help)
Checks:                27 / 27, 100%, Listed 98
Transferred:           27 / 28, 96%
Elapsed time:      9m39.9s
Transferring:
 *                             model.safetensors: transferringTransferred:   	    1.214 GiB / 4.085 GiB, 30%, 2.974 MiB/s, ETA 16m28s
Errors:                 3 (retrying may help)
Checks:                27 / 27, 100%, Listed 98
Transferred:           27 / 28, 96%
Elapsed time:      9m40.4s
Transferring:
 *                             model.safetensors:  0% /2.875Gi, 0/s, -Transferred:   	    1.220 GiB / 4.085 GiB, 30%, 2.974 MiB/s, ETA 16m26s
Errors:                 3 (retrying may help)
Checks:                27 / 27, 100%, Listed 98
Transferred:           27 / 28, 96%
Elapsed time:      9m40.9s
Transferring:
 *                             model.safetensors:  0% /2.875Gi, 0/s, -Transferred:   	    1.223 GiB / 4.085 GiB, 30%, 3.448 MiB/s, ETA 14m9s
Errors:                 3 (retrying may help)
Checks:                27 / 27, 100%, Listed 98
Transferred:           27 / 28, 96%
Elapsed time:      9m41.4s
Transferring:
 *                             model.safetensors:  0% /2.875Gi, 12.717Mi/s, 3m50Transferred:   	    1.229 GiB / 4.085 GiB, 30%, 3.448 MiB/s, ETA 14m8s
Errors:                 3 (retrying may help)
Checks:                27 / 27, 100%, Listed 98
Transferred:           27 / 28, 96%
Elapsed time:      9m41.9s
Transferring:
 *                             model.safetensors:  0% /2.875Gi, 12.717Mi/s, 3m49Transferred:   	    1.233 GiB / 4.085 GiB, 30%, 3.680 MiB/s, ETA 13m13s
Errors:                 3 (retrying may help)
Checks:                27 / 27, 100%, Listed 98
Transferred:           27 / 28, 96%
Elapsed time:      9m42.4s
Transferring:
 *                             model.safetensors:  0% /2.875Gi, 9.937Mi/s, 4m53sTransferred:   	    1.236 GiB / 4.085 GiB, 30%, 3.680 MiB/s, ETA 13m12s
Errors:                 3 (retrying may help)
Checks:                27 / 27, 100%, Listed 98
Transferred:           27 / 28, 96%
Elapsed time:      9m42.9s
Transferring:
 *                             model.safetensors:  0% /2.875Gi, 9.937Mi/s, 4m53sTransferred:   	    1.237 GiB / 4.085 GiB, 30%, 3.909 MiB/s, ETA 12m26s
Errors:                 3 (retrying may help)
Checks:                27 / 27, 100%, Listed 98
Transferred:           27 / 28, 96%
Elapsed time:      9m43.4s
Transferring:
 *                             model.safetensors:  0% /2.875Gi, 9.072Mi/s, 5m21sTransferred:   	    1.240 GiB / 4.085 GiB, 30%, 3.909 MiB/s, ETA 12m25s
Errors:                 3 (retrying may help)
Checks:                27 / 27, 100%, Listed 98
Transferred:           27 / 28, 96%
Elapsed time:      9m43.9s
Transferring:
 *                             model.safetensors:  1% /2.875Gi, 9.072Mi/s, 5m21sTransferred:   	    1.242 GiB / 4.085 GiB, 30%, 4.028 MiB/s, ETA 12m2s
Errors:                 3 (retrying may help)
Checks:                27 / 27, 100%, Listed 98
Transferred:           27 / 28, 96%
Elapsed time:      9m44.4s
Transferring:
 *                             model.safetensors:  1% /2.875Gi, 8.257Mi/s, 5m52sTransferred:   	    1.242 GiB / 4.085 GiB, 30%, 4.028 MiB/s, ETA 12m2s
Errors:                 3 (retrying may help)
Checks:                27 / 27, 100%, Listed 98
Transferred:           27 / 28, 96%
Elapsed time:      9m44.9s
Transferring:
 *                             model.safetensors:  1% /2.875Gi, 8.257Mi/s, 5m52sTransferred:   	    1.242 GiB / 4.085 GiB, 30%, 3.776 MiB/s, ETA 12m50s
Errors:                 3 (retrying may help)
Checks:                27 / 27, 100%, Listed 98
Transferred:           27 / 28, 96%
Elapsed time:      9m45.4s
Transferring:
 *                             model.safetensors:  1% /2.875Gi, 6.606Mi/s, 7m20sTransferred:   	    1.242 GiB / 4.085 GiB, 30%, 3.776 MiB/s, ETA 12m50s
Errors:                 3 (retrying may help)
Checks:                27 / 27, 100%, Listed 98
Transferred:           27 / 28, 96%
Elapsed time:      9m45.9s
Transferring:
 *                             model.safetensors:  1% /2.875Gi, 6.606Mi/s, 7m20sTransferred:   	    1.242 GiB / 4.085 GiB, 30%, 3.540 MiB/s, ETA 13m42s
Errors:                 3 (retrying may help)
Checks:                27 / 27, 100%, Listed 98
Transferred:           27 / 28, 96%
Elapsed time:      9m46.4s
Transferring:
 *                             model.safetensors:  1% /2.875Gi, 5.505Mi/s, 8m48sTransferred:   	    1.242 GiB / 4.085 GiB, 30%, 3.540 MiB/s, ETA 13m42s
Errors:                 3 (retrying may help)
Checks:                27 / 27, 100%, Listed 98
Transferred:           27 / 28, 96%
Elapsed time:      9m46.9s
Transferring:
 *                             model.safetensors:  1% /2.875Gi, 5.505Mi/s, 8m48sTransferred:   	    1.242 GiB / 1.242 GiB, 100%, 3.319 MiB/s, ETA 0s
Errors:                 3 (retrying may help)
Checks:                27 / 27, 100%, Listed 98
Transferred:           27 / 28, 96%
Elapsed time:      9m47.4s
Transferring:
 *                             model.safetensors: transferringTransferred:   	    1.246 GiB / 4.117 GiB, 30%, 3.319 MiB/s, ETA 14m45s
Errors:                 3 (retrying may help)
Checks:                27 / 27, 100%, Listed 98
Transferred:           27 / 28, 96%
Elapsed time:      9m47.9s
Transferring:
 *                             model.safetensors:  0% /2.875Gi, 0/s, -Transferred:   	    1.247 GiB / 4.117 GiB, 30%, 3.424 MiB/s, ETA 14m18s
Errors:                 3 (retrying may help)
Checks:                27 / 27, 100%, Listed 98
Transferred:           27 / 28, 96%
Elapsed time:      9m48.4s
Transferring:
 *                             model.safetensors:  0% /2.875Gi, 0/s, -Transferred:   	    1.249 GiB / 4.117 GiB, 30%, 3.424 MiB/s, ETA 14m17s
Errors:                 3 (retrying may help)
Checks:                27 / 27, 100%, Listed 98
Transferred:           27 / 28, 96%
Elapsed time:      9m48.9s
Transferring:
 *                             model.safetensors:  0% /2.875Gi, 7.593Mi/s, 6m26sTransferred:   	    1.249 GiB / 4.117 GiB, 30%, 3.372 MiB/s, ETA 14m30s
Errors:                 3 (retrying may help)
Checks:                27 / 27, 100%, Listed 98
Transferred:           27 / 28, 96%
Elapsed time:      9m49.5s
Transferring:
 *                             model.safetensors:  0% /2.875Gi, 7.593Mi/s, 6m26sTransferred:   	    1.256 GiB / 4.117 GiB, 31%, 3.372 MiB/s, ETA 14m28s
Errors:                 3 (retrying may help)
Checks:                27 / 27, 100%, Listed 98
Transferred:           27 / 28, 96%
Elapsed time:      9m49.9s
Transferring:
 *                             model.safetensors:  0% /2.875Gi, 7.031Mi/s, 6m56sTransferred:   	    1.260 GiB / 4.117 GiB, 31%, 3.695 MiB/s, ETA 13m12s
Errors:                 3 (retrying may help)
Checks:                27 / 27, 100%, Listed 98
Transferred:           27 / 28, 96%
Elapsed time:      9m50.4s
Transferring:
 *                             model.safetensors:  0% /2.875Gi, 7.031Mi/s, 6m56sTransferred:   	    1.265 GiB / 4.117 GiB, 31%, 3.695 MiB/s, ETA 13m10s
Errors:                 3 (retrying may help)
Checks:                27 / 27, 100%, Listed 98
Transferred:           27 / 28, 96%
Elapsed time:      9m50.9s
Transferring:
 *                             model.safetensors:  0% /2.875Gi, 6.771Mi/s, 7m11sTransferred:   	    1.267 GiB / 4.117 GiB, 31%, 4.075 MiB/s, ETA 11m56s
Errors:                 3 (retrying may help)
Checks:                27 / 27, 100%, Listed 98
Transferred:           27 / 28, 96%
Elapsed time:      9m51.4s
Transferring:
 *                             model.safetensors:  0% /2.875Gi, 6.771Mi/s, 7m11sTransferred:   	    1.269 GiB / 4.117 GiB, 31%, 4.075 MiB/s, ETA 11m55s
Errors:                 3 (retrying may help)
Checks:                27 / 27, 100%, Listed 98
Transferred:           27 / 28, 96%
Elapsed time:      9m51.9s
Transferring:
 *                             model.safetensors:  0% /2.875Gi, 6.914Mi/s, 7m1sTransferred:   	    1.269 GiB / 4.117 GiB, 31%, 3.965 MiB/s, ETA 12m15s
Errors:                 3 (retrying may help)
Checks:                27 / 27, 100%, Listed 98
Transferred:           27 / 28, 96%
Elapsed time:      9m52.4s
Transferring:
 *                             model.safetensors:  0% /2.875Gi, 6.914Mi/s, 7m1sTransferred:   	    1.269 GiB / 4.117 GiB, 31%, 3.965 MiB/s, ETA 12m15s
Errors:                 3 (retrying may help)
Checks:                27 / 27, 100%, Listed 98
Transferred:           27 / 28, 96%
Elapsed time:      9m52.9s
Transferring:
 *                             model.safetensors:  0% /2.875Gi, 5.650Mi/s, 8m36sTransferred:   	    1.269 GiB / 4.117 GiB, 31%, 3.719 MiB/s, ETA 13m4s
Errors:                 3 (retrying may help)
Checks:                27 / 27, 100%, Listed 98
Transferred:           27 / 28, 96%
Elapsed time:      9m53.4s
Transferring:
 *                             model.safetensors:  0% /2.875Gi, 5.650Mi/s, 8m36sTransferred:   	    1.269 GiB / 1.269 GiB, 100%, 3.719 MiB/s, ETA 0s
Errors:                 3 (retrying may help)
Checks:                27 / 27, 100%, Listed 98
Transferred:           27 / 28, 96%
Elapsed time:      9m53.9s
Transferring:
 *                             model.safetensors: transferringTransferred:   	    1.272 GiB / 4.145 GiB, 31%, 3.487 MiB/s, ETA 14m3s
Errors:                 3 (retrying may help)
Checks:                27 / 27, 100%, Listed 98
Transferred:           27 / 28, 96%
Elapsed time:      9m54.4s
Transferring:
 *                             model.safetensors:  0% /2.875Gi, 0/s, -Transferred:   	    1.275 GiB / 4.145 GiB, 31%, 3.487 MiB/s, ETA 14m2s
Errors:                 3 (retrying may help)
Checks:                27 / 27, 100%, Listed 98
Transferred:           27 / 28, 96%
Elapsed time:      9m54.9s
Transferring:
 *                             model.safetensors:  0% /2.875Gi, 0/s, -Transferred:   	    1.278 GiB / 4.145 GiB, 31%, 3.648 MiB/s, ETA 13m24s
Errors:                 3 (retrying may help)
Checks:                27 / 27, 100%, Listed 98
Transferred:           27 / 28, 96%
Elapsed time:      9m55.4s
Transferring:
 *                             model.safetensors:  0% /2.875Gi, 9.000Mi/s, 5m26sTransferred:   	    1.283 GiB / 4.145 GiB, 31%, 3.648 MiB/s, ETA 13m23s
Errors:                 3 (retrying may help)
Checks:                27 / 27, 100%, Listed 98
Transferred:           27 / 28, 96%
Elapsed time:      9m55.9s
Transferring:
 *                             model.safetensors:  0% /2.875Gi, 9.000Mi/s, 5m25sTransferred:   	    1.285 GiB / 4.145 GiB, 31%, 3.986 MiB/s, ETA 12m14s
Errors:                 3 (retrying may help)
Checks:                27 / 27, 100%, Listed 98
Transferred:           27 / 28, 96%
Elapsed time:      9m56.4s
Transferring:
 *                             model.safetensors:  0% /2.875Gi, 7.843Mi/s, 6m13sTransferred:   	    1.288 GiB / 4.145 GiB, 31%, 3.986 MiB/s, ETA 12m13s
Errors:                 3 (retrying may help)
Checks:                27 / 27, 100%, Listed 98
Transferred:           27 / 28, 96%
Elapsed time:      9m56.9s
Transferring:
 *                             model.safetensors:  0% /2.875Gi, 7.843Mi/s, 6m12sTransferred:   	    1.290 GiB / 4.145 GiB, 31%, 4.012 MiB/s, ETA 12m8s
Errors:                 3 (retrying may help)
Checks:                27 / 27, 100%, Listed 98
Transferred:           27 / 28, 96%
Elapsed time:      9m57.4s
Transferring:
 *                             model.safetensors:  0% /2.875Gi, 7.062Mi/s, 6m53sTransferred:   	    1.295 GiB / 4.145 GiB, 31%, 4.012 MiB/s, ETA 12m7s
Errors:                 3 (retrying may help)
Checks:                27 / 27, 100%, Listed 98
Transferred:           27 / 28, 96%
Elapsed time:      9m57.9s
Transferring:
 *                             model.safetensors:  0% /2.875Gi, 7.062Mi/s, 6m53sTransferred:   	    1.297 GiB / 4.145 GiB, 31%, 4.256 MiB/s, ETA 11m25s
Errors:                 3 (retrying may help)
Checks:                27 / 27, 100%, Listed 98
Transferred:           27 / 28, 96%
Elapsed time:      9m58.4s
Transferring:
 *                             model.safetensors:  0% /2.875Gi, 6.992Mi/s, 6m57sTransferred:   	    1.298 GiB / 4.145 GiB, 31%, 4.256 MiB/s, ETA 11m25s
Errors:                 3 (retrying may help)
Checks:                27 / 27, 100%, Listed 98
Transferred:           27 / 28, 96%
Elapsed time:      9m58.9s
Transferring:
 *                             model.safetensors:  0% /2.875Gi, 6.992Mi/s, 6m56sTransferred:   	    1.302 GiB / 4.145 GiB, 31%, 4.132 MiB/s, ETA 11m44s
Errors:                 3 (retrying may help)
Checks:                27 / 27, 100%, Listed 98
Transferred:           27 / 28, 96%
Elapsed time:      9m59.4s
Transferring:
 *                             model.safetensors:  1% /2.875Gi, 6.744Mi/s, 7m11sTransferred:   	    1.302 GiB / 4.145 GiB, 31%, 4.132 MiB/s, ETA 11m44s
Errors:                 3 (retrying may help)
Checks:                27 / 27, 100%, Listed 98
Transferred:           27 / 28, 96%
Elapsed time:      9m59.9s
Transferring:
 *                             model.safetensors:  1% /2.875Gi, 6.744Mi/s, 7m11sTransferred:   	    1.302 GiB / 4.145 GiB, 31%, 4.124 MiB/s, ETA 11m45s
Errors:                 3 (retrying may help)
Checks:                27 / 27, 100%, Listed 98
Transferred:           27 / 28, 96%
Elapsed time:      10m0.4s
Transferring:
 *                             model.safetensors:  1% /2.875Gi, 5.620Mi/s, 8m37sTransferred:   	    1.302 GiB / 4.145 GiB, 31%, 4.124 MiB/s, ETA 11m45s
Errors:                 3 (retrying may help)
Checks:                27 / 27, 100%, Listed 98
Transferred:           27 / 28, 96%
Elapsed time:      10m0.9s
Transferring:
 *                             model.safetensors:  1% /2.875Gi, 5.620Mi/s, 8m37sTransferred:   	    1.302 GiB / 4.145 GiB, 31%, 3.866 MiB/s, ETA 12m32s
Errors:                 3 (retrying may help)
Checks:                27 / 27, 100%, Listed 98
Transferred:           27 / 28, 96%
Elapsed time:      10m1.4s
Transferring:
 *                             model.safetensors:  1% /2.875Gi, 4.817Mi/s, 10m4sTransferred:   	    1.302 GiB / 4.145 GiB, 31%, 3.866 MiB/s, ETA 12m32s
Errors:                 3 (retrying may help)
Checks:                27 / 27, 100%, Listed 98
Transferred:           27 / 28, 96%
Elapsed time:      10m1.9s
Transferring:
 *                             model.safetensors:  1% /2.875Gi, 4.817Mi/s, 10m4sTransferred:   	    1.302 GiB / 4.145 GiB, 31%, 3.625 MiB/s, ETA 13m23s
Errors:                 3 (retrying may help)
Checks:                27 / 27, 100%, Listed 98
Transferred:           27 / 28, 96%
Elapsed time:      10m2.4s
Transferring:
 *                             model.safetensors:  1% /2.875Gi, 4.215Mi/s, 11m30
2026/03/19 16:20:35 ERROR : model.safetensors: Failed to copy: multi-thread copy: failed to write chunk: failed to upload chunk 4 with 5242880 bytes: operation error S3: UploadPart, https response error StatusCode: 500, RequestID: , HostID: , error while deserializing xml error response : XML syntax error on line 6: element <hr> closed by </body>
failed to get rate limit token, retry quota exceeded, 4 available, 5 requested
Transferred:   	    1.302 GiB / 1.302 GiB, 100%, 3.625 MiB/s, ETA 0s
Errors:                 4 (retrying may help)
Checks:                27 / 27, 100%, Listed 98
Transferred:           27 / 28, 96%
Elapsed time:      10m2.5s
Transferring:
 *                             model.safetensors: transferring
2026/03/19 16:20:35 ERROR : Attempt 2/3 failed with 4 errors and: multi-thread copy: failed to write chunk: failed to upload chunk 4 with 5242880 bytes: operation error S3: UploadPart, https response error StatusCode: 500, RequestID: , HostID: , error while deserializing xml error response : XML syntax error on line 6: element <hr> closed by </body>
failed to get rate limit token, retry quota exceeded, 4 available, 5 requested
Transferred:   	    1.302 GiB / 1.302 GiB, 100%, 3.625 MiB/s, ETA 0s
Errors:                 4 (retrying may help)
Checks:                27 / 27, 100%, Listed 98
Transferred:           27 / 27, 100%
Elapsed time:      10m2.5sTransferred:   	    1.302 GiB / 1.302 GiB, 100%, 3.625 MiB/s, ETA 0s
Checks:                27 / 27, 100%, Listed 109
Transferred:           27 / 27, 100%
Elapsed time:      10m2.9sTransferred:   	    1.302 GiB / 1.302 GiB, 100%, 3.625 MiB/s, ETA 0s
Checks:                27 / 27, 100%, Listed 109
Transferred:           27 / 27, 100%
Elapsed time:      10m3.4sTransferred:   	    1.302 GiB / 1.313 GiB, 99%, 3.625 MiB/s, ETA 3s
Checks:                27 / 33, 82%, Listed 117
Transferred:           27 / 31, 87%
Elapsed time:      10m3.9s
Checking:
 *                                .gitattributes: checking
 *                                       LICENSE: checking
 *                                     README.md: checking
 *                                   config.json: checking
 *                        generation_config.json: checking
 *                         tokenizer_config.json: checking
Transferring:
 *                                    merges.txt:  0% /1.594Mi, 0/s, -
 *                             model.safetensors: transferring
 *                                tokenizer.json:  0% /6.706Mi, 0/s, -
 *                                    vocab.json:  0% /2.648Mi, 0/s, -Transferred:   	    1.302 GiB / 1.313 GiB, 99%, 3.625 MiB/s, ETA 3s
Checks:                29 / 33, 88%, Listed 117
Transferred:           27 / 31, 87%
Elapsed time:      10m4.4s
Checking:
 *                                     README.md: checking
 *                                   config.json: checking
 *                        generation_config.json: checking
 *                         tokenizer_config.json: checking
Transferring:
 *                                    merges.txt:  0% /1.594Mi, 0/s, -
 *                             model.safetensors: transferring
 *                                tokenizer.json:  0% /6.706Mi, 0/s, -
 *                                    vocab.json:  0% /2.648Mi, 0/s, -Transferred:   	    1.302 GiB / 1.313 GiB, 99%, 3.398 MiB/s, ETA 3s
Checks:                29 / 33, 88%, Listed 117
Transferred:           27 / 31, 87%
Elapsed time:      10m4.9s
Checking:
 *                                     README.md: checking
 *                                   config.json: checking
 *                        generation_config.json: checking
 *                         tokenizer_config.json: checking
Transferring:
 *                                    merges.txt:  0% /1.594Mi, 0/s, -
 *                             model.safetensors: transferring
 *                                tokenizer.json:  0% /6.706Mi, 0/s, -
 *                                    vocab.json:  0% /2.648Mi, 0/s, -Transferred:   	    1.302 GiB / 1.313 GiB, 99%, 3.398 MiB/s, ETA 3s
Checks:                30 / 33, 91%, Listed 120
Transferred:           27 / 31, 87%
Elapsed time:      10m5.4s
Checking:
 *                                   config.json: checking
 *                        generation_config.json: checking
 *                         tokenizer_config.json: checking
Transferring:
 *                                    merges.txt:  0% /1.594Mi, 0/s, -
 *                             model.safetensors: transferring
 *                                tokenizer.json:  0% /6.706Mi, 0/s, -
 *                                    vocab.json:  0% /2.648Mi, 0/s, -Transferred:   	    1.306 GiB / 1.313 GiB, 99%, 3.186 MiB/s, ETA 2s
Checks:                33 / 33, 100%, Listed 120
Transferred:           27 / 31, 87%
Elapsed time:      10m5.9s
Transferring:
 *                                    merges.txt:100% /1.594Mi, 0/s, -
 *                             model.safetensors: transferring
 *                                tokenizer.json: 12% /6.706Mi, 0/s, -
 *                                    vocab.json: 49% /2.648Mi, 0/s, -Transferred:   	    1.309 GiB / 1.315 GiB, 100%, 3.186 MiB/s, ETA 1s
Checks:                33 / 33, 100%, Listed 120
Transferred:           27 / 31, 87%
Elapsed time:      10m6.4s
Transferring:
 *                                    merges.txt:100% /1.594Mi, 0/s, -
 *                             model.safetensors: transferring
 *                                tokenizer.json: 17% /6.706Mi, 0/s, -
 *                                    vocab.json:100% /2.648Mi, 0/s, -Transferred:   	    1.309 GiB / 1.315 GiB, 100%, 3.423 MiB/s, ETA 1s
Checks:                33 / 33, 100%, Listed 120
Transferred:           27 / 31, 87%
Elapsed time:      10m6.9s
Transferring:
 *                                    merges.txt:100% /1.594Mi, 0/s, -
 *                             model.safetensors: transferring
 *                                tokenizer.json: 21% /6.706Mi, 393.335Ki/s, 13s
 *                                    vocab.json:100% /2.648Mi, 903.920Ki/s, 0sTransferred:   	    1.311 GiB / 1.316 GiB, 100%, 3.423 MiB/s, ETA 1s
Checks:                33 / 34, 97%, Listed 142
Transferred:           27 / 31, 87%
Elapsed time:      10m7.4s
Checking:
 *                 .cache/huggingface/.gitignore: checking
Transferring:
 *                                    merges.txt: 85% /1.594Mi, 0/s, -
 *                             model.safetensors: transferring
 *                                tokenizer.json: 21% /6.706Mi, 393.335Ki/s, 13s
 *                                    vocab.json:100% /2.648Mi, 903.920Ki/s, 0sTransferred:   	    1.312 GiB / 1.316 GiB, 100%, 3.344 MiB/s, ETA 1s
Checks:                33 / 34, 97%, Listed 142
Transferred:           27 / 31, 87%
Elapsed time:      10m7.9s
Checking:
 *                 .cache/huggingface/.gitignore: checking
Transferring:
 *                                    merges.txt:100% /1.594Mi, 0/s, -
 *                             model.safetensors: transferring
 *                                tokenizer.json: 29% /6.706Mi, 439.001Ki/s, 11s
 *                                    vocab.json:100% /2.648Mi, 677.940Ki/s, 0sTransferred:   	    1.317 GiB / 4.192 GiB, 31%, 3.344 MiB/s, ETA 14m40s
Checks:                34 / 34, 100%, Listed 142
Transferred:           27 / 31, 87%
Elapsed time:      10m8.5s
Transferring:
 *                                    merges.txt:100% /1.594Mi, 1.594Mi/s, 0s
 *                             model.safetensors:  0% /2.875Gi, 0/s, -
 *                                tokenizer.json: 51% /6.706Mi, 439.001Ki/s, 7s
 *                                    vocab.json:100% /2.648Mi, 677.940Ki/s, 0sTransferred:   	    1.326 GiB / 4.192 GiB, 32%, 3.690 MiB/s, ETA 13m15s
Checks:                34 / 34, 100%, Listed 142
Transferred:           27 / 31, 87%
Elapsed time:      10m9.0s
Transferring:
 *                                    merges.txt:100% /1.594Mi, 1.594Mi/s, 0s
 *                             model.safetensors:  0% /2.875Gi, 0/s, -
 *                                tokenizer.json: 51% /6.706Mi, 709.596Ki/s, 4s
 *                                    vocab.json:100% /2.648Mi, 542.352Ki/s, 0sTransferred:   	    1.329 GiB / 4.192 GiB, 32%, 3.690 MiB/s, ETA 13m14s
Checks:                34 / 34, 100%, Listed 142
Transferred:           27 / 31, 87%
Elapsed time:      10m9.4s
Transferring:
 *                                    merges.txt:100% /1.594Mi, 816.296Ki/s, 0s
 *                             model.safetensors:  0% /2.875Gi, 14.656Mi/s, 3m19
 *                                tokenizer.json: 62% /6.706Mi, 709.596Ki/s, 3s
 *                                    vocab.json:100% /2.648Mi, 542.352Ki/s, 0sTransferred:   	    1.331 GiB / 4.194 GiB, 32%, 4.123 MiB/s, ETA 11m50s
Checks:                34 / 54, 63%, Listed 162
Transferred:           27 / 31, 87%
Elapsed time:      10m9.9s
Checking:
 * .cache/huggingface/dow…ad/.gitattributes.lock: checking
 * .cache/huggingface/dow…gitattributes.metadata: checking
 *      .cache/huggingface/download/LICENSE.lock: checking
 *  .cache/huggingface/download/LICENSE.metadata: checking
 *    .cache/huggingface/download/README.md.lock: checking
 * .cache/huggingface/dow…oad/README.md.metadata: checking
 *  .cache/huggingface/download/config.json.lock: checking
 * .cache/huggingface/dow…d/config.json.metadata: checking
Transferring:
 *                                    merges.txt:100% /1.594Mi, 816.296Ki/s, 0s
 *                             model.safetensors:  0% /2.875Gi, 14.656Mi/s, 3m19
 *                                tokenizer.json: 72% /6.706Mi, 831.333Ki/s, 2s
 *                                    vocab.json:  0% /2.648Mi, 0/s, -Transferred:   	    1.334 GiB / 4.194 GiB, 32%, 4.123 MiB/s, ETA 11m50s
Checks:                37 / 54, 69%, Listed 162
Transferred:           27 / 31, 87%
Elapsed time:     10m10.4s
Checking:
 *  .cache/huggingface/download/LICENSE.metadata: checking
 *    .cache/huggingface/download/README.md.lock: checking
 * .cache/huggingface/dow…oad/README.md.metadata: checking
 *  .cache/huggingface/download/config.json.lock: checking
 * .cache/huggingface/dow…d/config.json.metadata: checking
 * .cache/huggingface/dow…ation_config.json.lock: checking
 * .cache/huggingface/dow…n_config.json.metadata: checking
 *   .cache/huggingface/download/merges.txt.lock: checking
Transferring:
 *                                    merges.txt:100% /1.594Mi, 544.197Ki/s, 0s
 *                             model.safetensors:  0% /2.875Gi, 8.765Mi/s, 5m33s
 *                                tokenizer.json: 90% /6.706Mi, 831.333Ki/s, 0s
 *                                    vocab.json:  0% /2.648Mi, 0/s, -Transferred:   	    1.336 GiB / 4.196 GiB, 32%, 4.096 MiB/s, ETA 11m54s
Checks:                38 / 54, 70%, Listed 162
Transferred:           27 / 31, 87%
Elapsed time:     10m10.9s
Checking:
 *  .cache/huggingface/download/LICENSE.metadata: checking
 * .cache/huggingface/dow…oad/README.md.metadata: checking
 *  .cache/huggingface/download/config.json.lock: checking
 * .cache/huggingface/dow…d/config.json.metadata: checking
 * .cache/huggingface/dow…ation_config.json.lock: checking
 * .cache/huggingface/dow…n_config.json.metadata: checking
 *   .cache/huggingface/download/merges.txt.lock: checking
 * .cache/huggingface/dow…ad/merges.txt.metadata: checking
Transferring:
 *                                    merges.txt:  0% /1.594Mi, 0/s, -
 *                             model.safetensors:  0% /2.875Gi, 8.765Mi/s, 5m33s
 *                                tokenizer.json:100% /6.706Mi, 900.001Ki/s, 0s
 *                                    vocab.json: 29% /2.648Mi, 795.951Ki/s, 2sTransferred:   	    1.340 GiB / 4.196 GiB, 32%, 4.096 MiB/s, ETA 11m53s
Checks:                42 / 54, 78%, Listed 162
Transferred:           27 / 31, 87%
Elapsed time:     10m11.4s
Checking:
 * .cache/huggingface/dow…d/config.json.metadata: checking
 * .cache/huggingface/dow…n_config.json.metadata: checking
 *   .cache/huggingface/download/merges.txt.lock: checking
 * .cache/huggingface/dow…ad/merges.txt.metadata: checking
 * .cache/huggingface/dow…model.safetensors.lock: checking
 * .cache/huggingface/dow…l.safetensors.metadata: checking
 * .cache/huggingface/dow…ad/tokenizer.json.lock: checking
 * .cache/huggingface/dow…okenizer.json.metadata: checking
Transferring:
 *                                    merges.txt: 89% /1.594Mi, 0/s, -
 *                             model.safetensors:  0% /2.875Gi, 6.614Mi/s, 7m22s
 *                                tokenizer.json:100% /6.706Mi, 900.001Ki/s, 0s
 *                                    vocab.json:100% /2.648Mi, 795.951Ki/s, 0sTransferred:   	    1.340 GiB / 4.196 GiB, 32%, 4.218 MiB/s, ETA 11m33s
Checks:                45 / 54, 83%, Listed 162
Transferred:           27 / 31, 87%
Elapsed time:     10m11.9s
Checking:
 * .cache/huggingface/dow…d/config.json.metadata: checking
 * .cache/huggingface/dow…model.safetensors.lock: checking
 * .cache/huggingface/dow…l.safetensors.metadata: checking
 * .cache/huggingface/dow…ad/tokenizer.json.lock: checking
 * .cache/huggingface/dow…okenizer.json.metadata: checking
 * .cache/huggingface/dow…nizer_config.json.lock: checking
 * .cache/huggingface/dow…r_config.json.metadata: checking
 *   .cache/huggingface/download/vocab.json.lock: checking
Transferring:
 *                                    merges.txt:100% /1.594Mi, 1.594Mi/s, 0s
 *                             model.safetensors:  0% /2.875Gi, 6.614Mi/s, 7m22s
 *                                tokenizer.json:100% /6.706Mi, 858.355Ki/s, 0s
 *                                    vocab.json:100% /2.648Mi, 1.324Mi/s, 0sTransferred:   	    1.340 GiB / 4.196 GiB, 32%, 4.218 MiB/s, ETA 11m33s
Checks:                53 / 54, 98%, Listed 162
Transferred:           27 / 31, 87%
Elapsed time:     10m12.4s
Checking:
 * .cache/huggingface/dow…ad/tokenizer.json.lock: checking
Transferring:
 *                                    merges.txt:100% /1.594Mi, 1.594Mi/s, 0s
 *                             model.safetensors:  0% /2.875Gi, 5.000Mi/s, 9m44s
 *                                tokenizer.json:100% /6.706Mi, 858.355Ki/s, 0s
 *                                    vocab.json:100% /2.648Mi, 1.324Mi/s, 0sTransferred:   	    1.340 GiB / 4.196 GiB, 32%, 3.954 MiB/s, ETA 12m19s
Checks:                54 / 54, 100%, Listed 162
Transferred:           27 / 31, 87%
Elapsed time:     10m12.9s
Transferring:
 *                                    merges.txt:100% /1.594Mi, 816.279Ki/s, 0s
 *                             model.safetensors:  0% /2.875Gi, 5.000Mi/s, 9m44s
 *                                tokenizer.json:100% /6.706Mi, 762.982Ki/s, 0s
 *                                    vocab.json:100% /2.648Mi, 903.904Ki/s, 0sTransferred:   	    1.343 GiB / 4.202 GiB, 32%, 3.954 MiB/s, ETA 12m20s
Checks:                54 / 54, 100%, Listed 162
Transferred:           27 / 31, 87%
Elapsed time:     10m13.4s
Transferring:
 *                                    merges.txt:100% /1.594Mi, 816.279Ki/s, 0s
 *                             model.safetensors:  0% /2.875Gi, 4.000Mi/s, 12m10
 *                                tokenizer.json: 35% /6.706Mi, 0/s, -
 *                                    vocab.json:100% /2.648Mi, 903.904Ki/s, 0sTransferred:   	    1.351 GiB / 4.202 GiB, 32%, 4.178 MiB/s, ETA 11m38s
Checks:                54 / 54, 100%, Listed 162
Transferred:           27 / 31, 87%
Elapsed time:     10m13.9s
Transferring:
 *                                    merges.txt:100% /1.594Mi, 544.187Ki/s, 0s
 *                             model.safetensors:  0% /2.875Gi, 4.000Mi/s, 12m9s
 *                                tokenizer.json: 54% /6.706Mi, 0/s, -
 *                                    vocab.json:100% /2.648Mi, 677.929Ki/s, 0sTransferred:   	    1.352 GiB / 4.202 GiB, 32%, 4.178 MiB/s, ETA 11m38s
Checks:                54 / 54, 100%, Listed 162
Transferred:           27 / 31, 87%
Elapsed time:     10m14.4s
Transferring:
 *                                    merges.txt:100% /1.594Mi, 544.187Ki/s, 0s
 *                             model.safetensors:  0% /2.875Gi, 4.661Mi/s, 10m25
 *                                tokenizer.json: 63% /6.706Mi, 3.683Mi/s, 0s
 *                                    vocab.json:100% /2.648Mi, 677.929Ki/s, 0sTransferred:   	    1.361 GiB / 4.206 GiB, 32%, 4.462 MiB/s, ETA 10m53s
Checks:                54 / 54, 100%, Listed 162
Transferred:           27 / 31, 87%
Elapsed time:     10m14.9s
Transferring:
 *                                    merges.txt: 72% /1.594Mi, 0/s, -
 *                             model.safetensors:  1% /2.875Gi, 4.661Mi/s, 10m24
 *                                tokenizer.json: 63% /6.706Mi, 3.683Mi/s, 0s
 *                                    vocab.json:100% /2.648Mi, 0/s, -Transferred:   	    1.363 GiB / 4.206 GiB, 32%, 4.462 MiB/s, ETA 10m52s
Checks:                54 / 54, 100%, Listed 162
Transferred:           27 / 31, 87%
Elapsed time:     10m15.4s
Transferring:
 *                                    merges.txt:100% /1.594Mi, 0/s, -
 *                             model.safetensors:  1% /2.875Gi, 4.812Mi/s, 10m4s
 *                                tokenizer.json: 73% /6.706Mi, 2.451Mi/s, 0s
 *                                    vocab.json:100% /2.648Mi, 0/s, -Transferred:   	    1.363 GiB / 4.206 GiB, 32%, 4.645 MiB/s, ETA 10m26s
Checks:                54 / 54, 100%, Listed 162
Transferred:           27 / 31, 87%
Elapsed time:     10m15.9s
Transferring:
 *                                    merges.txt:100% /1.594Mi, 1.594Mi/s, 0s
 *                             model.safetensors:  1% /2.875Gi, 4.812Mi/s, 10m4s
 *                                tokenizer.json: 73% /6.706Mi, 2.451Mi/s, 0s
 *                                    vocab.json:100% /2.648Mi, 2.648Mi/s, 0sTransferred:   	    1.370 GiB / 4.209 GiB, 33%, 4.645 MiB/s, ETA 10m25s
Checks:                54 / 54, 100%, Listed 162
Transferred:           27 / 31, 87%
Elapsed time:     10m16.4s
Transferring:
 *                                    merges.txt:100% /1.594Mi, 1.594Mi/s, 0s
 *                             model.safetensors:  1% /2.875Gi, 4.402Mi/s, 11m0s
 *                                tokenizer.json: 94% /6.706Mi, 1.842Mi/s, 0s
 *                                    vocab.json: 96% /2.648Mi, 0/s, -Transferred:   	    1.373 GiB / 4.211 GiB, 33%, 4.850 MiB/s, ETA 9m59s
Checks:                54 / 54, 100%, Listed 162
Transferred:           27 / 31, 87%
Elapsed time:     10m16.9s
Transferring:
 *                                    merges.txt:100% /1.594Mi, 0/s, -
 *                             model.safetensors:  1% /2.875Gi, 4.402Mi/s, 10m59
 *                                tokenizer.json: 94% /6.706Mi, 1.842Mi/s, 0s
 *                                    vocab.json:100% /2.648Mi, 0/s, -Transferred:   	    1.373 GiB / 4.211 GiB, 33%, 4.850 MiB/s, ETA 9m58s
Checks:                54 / 54, 100%, Listed 162
Transferred:           27 / 31, 87%
Elapsed time:     10m17.4s
Transferring:
 *                                    merges.txt:100% /1.594Mi, 0/s, -
 *                             model.safetensors:  1% /2.875Gi, 4.330Mi/s, 11m10
 *                                tokenizer.json:100% /6.706Mi, 1.577Mi/s, 0s
 *                                    vocab.json:100% /2.648Mi, 2.648Mi/s, 0sTransferred:   	    1.374 GiB / 4.211 GiB, 33%, 4.728 MiB/s, ETA 10m14s
Checks:                54 / 54, 100%, Listed 162
Transferred:           27 / 31, 87%
Elapsed time:     10m17.9s
Transferring:
 *                                    merges.txt:100% /1.594Mi, 1.594Mi/s, 0s
 *                             model.safetensors:  1% /2.875Gi, 4.330Mi/s, 11m10
 *                                tokenizer.json:100% /6.706Mi, 1.577Mi/s, 0s
 *                                    vocab.json:100% /2.648Mi, 2.648Mi/s, 0sTransferred:   	    1.378 GiB / 4.215 GiB, 33%, 4.728 MiB/s, ETA 10m14s
Checks:                54 / 54, 100%, Listed 162
Transferred:           27 / 31, 87%
Elapsed time:     10m18.4s
Transferring:
 *                                    merges.txt: 82% /1.594Mi, 0/s, -
 *                             model.safetensors:  1% /2.875Gi, 4.000Mi/s, 12m6s
 *                                tokenizer.json:100% /6.706Mi, 1.341Mi/s, 0s
 *                                    vocab.json: 98% /2.648Mi, 0/s, -Transferred:   	    1.381 GiB / 4.221 GiB, 33%, 4.741 MiB/s, ETA 10m13s
Checks:                54 / 54, 100%, Listed 162
Transferred:           27 / 31, 87%
Elapsed time:     10m18.9s
Transferring:
 *                                    merges.txt:100% /1.594Mi, 0/s, -
 *                             model.safetensors:  1% /2.875Gi, 4.000Mi/s, 12m5s
 *                                tokenizer.json:  0% /6.706Mi, 0/s, -
 *                                    vocab.json:100% /2.648Mi, 0/s, -Transferred:   	    1.385 GiB / 4.221 GiB, 33%, 4.741 MiB/s, ETA 10m12s
Checks:                54 / 54, 100%, Listed 162
Transferred:           27 / 31, 87%
Elapsed time:     10m19.4s
Transferring:
 *                                    merges.txt:100% /1.594Mi, 1.594Mi/s, 0s
 *                             model.safetensors:  1% /2.875Gi, 3.878Mi/s, 12m28
 *                                tokenizer.json: 47% /6.706Mi, 0/s, -
 *                                    vocab.json:100% /2.648Mi, 2.648Mi/s, 0sTransferred:   	    1.387 GiB / 4.221 GiB, 33%, 4.903 MiB/s, ETA 9m51s
Checks:                54 / 54, 100%, Listed 162
Transferred:           27 / 31, 87%
Elapsed time:     10m19.9s
Transferring:
 *                                    merges.txt:100% /1.594Mi, 1.594Mi/s, 0s
 *                             model.safetensors:  1% /2.875Gi, 3.878Mi/s, 12m27
 *                                tokenizer.json: 62% /6.706Mi, 3.527Mi/s, 0s
 *                                    vocab.json:100% /2.648Mi, 2.648Mi/s, 0sTransferred:   	    1.390 GiB / 4.225 GiB, 33%, 4.903 MiB/s, ETA 9m52s
Checks:                54 / 54, 100%, Listed 162
Transferred:           27 / 31, 87%
Elapsed time:     10m20.4s
Transferring:
 *                                    merges.txt:100% /1.594Mi, 0/s, -
 *                             model.safetensors:  1% /2.875Gi, 3.750Mi/s, 12m53
 *                                tokenizer.json: 87% /6.706Mi, 3.527Mi/s, 0s
 *                                    vocab.json:  0% /2.648Mi, 0/s, -Transferred:   	    1.391 GiB / 4.225 GiB, 33%, 4.917 MiB/s, ETA 9m50s
Checks:                54 / 54, 100%, Listed 162
Transferred:           27 / 31, 87%
Elapsed time:     10m20.9s
Transferring:
 *                                    merges.txt:100% /1.594Mi, 0/s, -
 *                             model.safetensors:  1% /2.875Gi, 3.750Mi/s, 12m53
 *                                tokenizer.json:100% /6.706Mi, 2.920Mi/s, 0s
 *                                    vocab.json:  0% /2.648Mi, 0/s, -Transferred:   	    1.391 GiB / 4.227 GiB, 33%, 4.917 MiB/s, ETA 9m50s
Checks:                54 / 54, 100%, Listed 162
Transferred:           27 / 31, 87%
Elapsed time:     10m21.4s
Transferring:
 *                                    merges.txt:  0% /1.594Mi, 0/s, -
 *                             model.safetensors:  1% /2.875Gi, 3.461Mi/s, 13m57
 *                                tokenizer.json:100% /6.706Mi, 2.920Mi/s, 0s
 *                                    vocab.json:  0% /2.648Mi, 0/s, -Transferred:   	    1.396 GiB / 4.227 GiB, 33%, 4.664 MiB/s, ETA 10m21s
Checks:                54 / 54, 100%, Listed 162
Transferred:           27 / 31, 87%
Elapsed time:     10m21.9s
Transferring:
 *                                    merges.txt:  0% /1.594Mi, 0/s, -
 *                             model.safetensors:  1% /2.875Gi, 3.461Mi/s, 13m56
 *                                tokenizer.json:100% /6.706Mi, 2.235Mi/s, 0s
 *                                    vocab.json:  0% /2.648Mi, 0/s, -Transferred:   	    1.400 GiB / 4.227 GiB, 33%, 4.664 MiB/s, ETA 10m20s
Checks:                54 / 54, 100%, Listed 162
Transferred:           27 / 31, 87%
Elapsed time:     10m22.4s
Transferring:
 *                                    merges.txt:  0% /1.594Mi, 0/s, -
 *                             model.safetensors:  1% /2.875Gi, 3.569Mi/s, 13m30
 *                                tokenizer.json:100% /6.706Mi, 2.235Mi/s, 0s
 *                                    vocab.json: 69% /2.648Mi, 0/s, -Transferred:   	    1.402 GiB / 4.233 GiB, 33%, 4.958 MiB/s, ETA 9m44s
Checks:                54 / 54, 100%, Listed 162
Transferred:           27 / 31, 87%
Elapsed time:     10m22.9s
Transferring:
 *                                    merges.txt:  0% /1.594Mi, 0/s, -
 *                             model.safetensors:  1% /2.875Gi, 3.569Mi/s, 13m29
 *                                tokenizer.json:  0% /6.706Mi, 0/s, -
 *                                    vocab.json:100% /2.648Mi, 0/s, -Transferred:   	    1.404 GiB / 4.233 GiB, 33%, 4.958 MiB/s, ETA 9m44s
Checks:                54 / 54, 100%, Listed 162
Transferred:           27 / 31, 87%
Elapsed time:     10m23.4s
Transferring:
 *                                    merges.txt:  0% /1.594Mi, 0/s, -
 *                             model.safetensors:  1% /2.875Gi, 3.602Mi/s, 13m22
 *                                tokenizer.json:  0% /6.706Mi, 0/s, -
 *                                    vocab.json:100% /2.648Mi, 903.927Ki/s, 0sTransferred:   	    1.404 GiB / 4.233 GiB, 33%, 4.853 MiB/s, ETA 9m57s
Checks:                54 / 54, 100%, Listed 162
Transferred:           27 / 31, 87%
Elapsed time:     10m23.9s
Transferring:
 *                                    merges.txt:  0% /1.594Mi, 0/s, -
 *                             model.safetensors:  1% /2.875Gi, 3.602Mi/s, 13m22
 *                                tokenizer.json:  0% /6.706Mi, 0/s, -
 *                                    vocab.json:100% /2.648Mi, 903.927Ki/s, 0sTransferred:   	    1.409 GiB / 4.236 GiB, 33%, 4.853 MiB/s, ETA 9m56s
Checks:                54 / 54, 100%, Listed 162
Transferred:           27 / 31, 87%
Elapsed time:     10m24.4s
Transferring:
 *                                    merges.txt:  0% /1.594Mi, 0/s, -
 *                             model.safetensors:  2% /2.875Gi, 3.437Mi/s, 13m59
 *                                tokenizer.json:  0% /6.706Mi, 0/s, -
 *                                    vocab.json:  0% /2.648Mi, 0/s, -Transferred:   	    1.409 GiB / 4.236 GiB, 33%, 4.862 MiB/s, ETA 9m55s
Checks:                54 / 54, 100%, Listed 162
Transferred:           27 / 31, 87%
Elapsed time:     10m24.9s
Transferring:
 *                                    merges.txt:  0% /1.594Mi, 0/s, -
 *                             model.safetensors:  2% /2.875Gi, 3.437Mi/s, 13m59
 *                                tokenizer.json:  0% /6.706Mi, 0/s, -
 *                                    vocab.json:  0% /2.648Mi, 0/s, -Transferred:   	    1.409 GiB / 4.236 GiB, 33%, 4.862 MiB/s, ETA 9m55s
Checks:                54 / 54, 100%, Listed 162
Transferred:           27 / 31, 87%
Elapsed time:     10m25.4s
Transferring:
 *                                    merges.txt:  0% /1.594Mi, 0/s, -
 *                             model.safetensors:  2% /2.875Gi, 3.535Mi/s, 13m35
 *                                tokenizer.json:  0% /6.706Mi, 0/s, -
 *                                    vocab.json:  0% /2.648Mi, 0/s, -Transferred:   	    1.409 GiB / 4.236 GiB, 33%, 4.558 MiB/s, ETA 10m35s
Checks:                54 / 54, 100%, Listed 162
Transferred:           27 / 31, 87%
Elapsed time:     10m25.9s
Transferring:
 *                                    merges.txt:  0% /1.594Mi, 0/s, -
 *                             model.safetensors:  2% /2.875Gi, 3.535Mi/s, 13m35
 *                                tokenizer.json:  0% /6.706Mi, 0/s, -
 *                                    vocab.json:  0% /2.648Mi, 0/s, -Transferred:   	    1.413 GiB / 4.236 GiB, 33%, 4.558 MiB/s, ETA 10m34s
Checks:                54 / 54, 100%, Listed 162
Transferred:           27 / 31, 87%
Elapsed time:     10m26.4s
Transferring:
 *                                    merges.txt:  0% /1.594Mi, 0/s, -
 *                             model.safetensors:  2% /2.875Gi, 3.314Mi/s, 14m28
 *                                tokenizer.json:  0% /6.706Mi, 0/s, -
 *                                    vocab.json:  0% /2.648Mi, 0/s, -Transferred:   	    1.413 GiB / 4.236 GiB, 33%, 4.567 MiB/s, ETA 10m32s
Checks:                54 / 54, 100%, Listed 162
Transferred:           27 / 31, 87%
Elapsed time:     10m26.9s
Transferring:
 *                                    merges.txt:  0% /1.594Mi, 0/s, -
 *                             model.safetensors:  2% /2.875Gi, 3.314Mi/s, 14m28
 *                                tokenizer.json:  0% /6.706Mi, 0/s, -
 *                                    vocab.json:  0% /2.648Mi, 0/s, -Transferred:   	    1.413 GiB / 4.236 GiB, 33%, 4.567 MiB/s, ETA 10m32s
Checks:                54 / 54, 100%, Listed 162
Transferred:           27 / 31, 87%
Elapsed time:     10m27.4s
Transferring:
 *                                    merges.txt:  0% /1.594Mi, 0/s, -
 *                             model.safetensors:  2% /2.875Gi, 3.420Mi/s, 14m2s
 *                                tokenizer.json:  0% /6.706Mi, 0/s, -
 *                                    vocab.json:  0% /2.648Mi, 0/s, -Transferred:   	    1.413 GiB / 4.236 GiB, 33%, 4.301 MiB/s, ETA 11m12s
Checks:                54 / 54, 100%, Listed 162
Transferred:           27 / 31, 87%
Elapsed time:     10m27.9s
Transferring:
 *                                    merges.txt:  0% /1.594Mi, 0/s, -
 *                             model.safetensors:  2% /2.875Gi, 3.420Mi/s, 14m2s
 *                                tokenizer.json:  0% /6.706Mi, 0/s, -
 *                                    vocab.json:  0% /2.648Mi, 0/s, -Transferred:   	    1.415 GiB / 4.236 GiB, 33%, 4.301 MiB/s, ETA 11m11s
Checks:                54 / 54, 100%, Listed 162
Transferred:           27 / 31, 87%
Elapsed time:     10m28.4s
Transferring:
 *                                    merges.txt:100% /1.594Mi, 0/s, -
 *                             model.safetensors:  2% /2.875Gi, 3.206Mi/s, 14m58
 *                                tokenizer.json:  0% /6.706Mi, 0/s, -
 *                                    vocab.json:  0% /2.648Mi, 0/s, -Transferred:   	    1.415 GiB / 4.236 GiB, 33%, 4.131 MiB/s, ETA 11m39s
Checks:                54 / 54, 100%, Listed 162
Transferred:           27 / 31, 87%
Elapsed time:     10m28.9s
Transferring:
 *                                    merges.txt:100% /1.594Mi, 0/s, -
 *                             model.safetensors:  2% /2.875Gi, 3.206Mi/s, 14m58
 *                                tokenizer.json:  0% /6.706Mi, 0/s, -
 *                                    vocab.json:  0% /2.648Mi, 0/s, -Transferred:   	    1.415 GiB / 4.236 GiB, 33%, 4.131 MiB/s, ETA 11m39s
Checks:                54 / 54, 100%, Listed 162
Transferred:           27 / 31, 87%
Elapsed time:     10m29.4s
Transferring:
 *                                    merges.txt:100% /1.594Mi, 204.078Ki/s, 0s
 *                             model.safetensors:  2% /2.875Gi, 3.005Mi/s, 15m58
 *                                tokenizer.json:  0% /6.706Mi, 0/s, -
 *                                    vocab.json:  0% /2.648Mi, 0/s, -Transferred:   	    1.417 GiB / 4.236 GiB, 33%, 3.873 MiB/s, ETA 12m25s
Checks:                54 / 54, 100%, Listed 162
Transferred:           27 / 31, 87%
Elapsed time:     10m29.9s
Transferring:
 *                                    merges.txt:100% /1.594Mi, 204.078Ki/s, 0s
 *                             model.safetensors:  2% /2.875Gi, 3.005Mi/s, 15m58
 *                                tokenizer.json: 35% /6.706Mi, 0/s, -
 *                                    vocab.json:  0% /2.648Mi, 0/s, -Transferred:   	    1.422 GiB / 4.238 GiB, 34%, 3.873 MiB/s, ETA 12m24s
Checks:                54 / 54, 100%, Listed 162
Transferred:           27 / 31, 87%
Elapsed time:     10m30.4s
Transferring:
 *                                    merges.txt:  0% /1.594Mi, 0/s, -
 *                             model.safetensors:  2% /2.875Gi, 2.818Mi/s, 17m1s
 *                                tokenizer.json:100% /6.706Mi, 0/s, -
 *                                    vocab.json:  0% /2.648Mi, 0/s, -Transferred:   	    1.422 GiB / 4.238 GiB, 34%, 4.050 MiB/s, ETA 11m51s
Checks:                54 / 54, 100%, Listed 162
Transferred:           27 / 31, 87%
Elapsed time:     10m30.9s
Transferring:
 *                                    merges.txt:  0% /1.594Mi, 0/s, -
 *                             model.safetensors:  2% /2.875Gi, 2.818Mi/s, 17m1s
 *                                tokenizer.json:100% /6.706Mi, 858.330Ki/s, 0s
 *                                    vocab.json:  0% /2.648Mi, 0/s, -Transferred:   	    1.424 GiB / 4.238 GiB, 34%, 4.050 MiB/s, ETA 11m51s
Checks:                54 / 54, 100%, Listed 162
Transferred:           27 / 31, 87%
Elapsed time:     10m31.4s
Transferring:
 *                                    merges.txt:  0% /1.594Mi, 0/s, -
 *                             model.safetensors:  2% /2.875Gi, 2.642Mi/s, 18m10
 *                                tokenizer.json:100% /6.706Mi, 858.330Ki/s, 0s
 *                                    vocab.json:100% /2.648Mi, 0/s, -Transferred:   	    1.424 GiB / 4.238 GiB, 34%, 3.963 MiB/s, ETA 12m7s
Checks:                54 / 54, 100%, Listed 162
Transferred:           27 / 31, 87%
Elapsed time:     10m31.9s
Transferring:
 *                                    merges.txt:  0% /1.594Mi, 0/s, -
 *                             model.safetensors:  2% /2.875Gi, 2.642Mi/s, 18m10
 *                                tokenizer.json:100% /6.706Mi, 762.960Ki/s, 0s
 *                                    vocab.json:100% /2.648Mi, 0/s, -Transferred:   	    1.424 GiB / 4.238 GiB, 34%, 3.963 MiB/s, ETA 12m7s
Checks:                54 / 54, 100%, Listed 162
Transferred:           27 / 31, 87%
Elapsed time:     10m32.4s
Transferring:
 *                                    merges.txt:  0% /1.594Mi, 0/s, -
 *                             model.safetensors:  2% /2.875Gi, 2.476Mi/s, 19m22
 *                                tokenizer.json:100% /6.706Mi, 762.960Ki/s, 0s
 *                                    vocab.json:100% /2.648Mi, 338.971Ki/s, 0sTransferred:   	    1.424 GiB / 4.240 GiB, 34%, 3.715 MiB/s, ETA 12m56s
Checks:                54 / 54, 100%, Listed 162
Transferred:           27 / 31, 87%
Elapsed time:     10m32.9s
Transferring:
 *                                    merges.txt:  0% /1.594Mi, 0/s, -
 *                             model.safetensors:  2% /2.875Gi, 2.476Mi/s, 19m22
 *                                tokenizer.json:100% /6.706Mi, 686.664Ki/s, 0s
 *                                    vocab.json:  0% /2.648Mi, 0/s, -Transferred:   	    1.424 GiB / 4.240 GiB, 34%, 3.715 MiB/s, ETA 12m56s
Checks:                54 / 54, 100%, Listed 162
Transferred:           27 / 31, 87%
Elapsed time:     10m33.4s
Transferring:
 *                                    merges.txt:  0% /1.594Mi, 0/s, -
 *                             model.safetensors:  2% /2.875Gi, 2.322Mi/s, 20m40
 *                                tokenizer.json:100% /6.706Mi, 686.664Ki/s, 0s
 *                                    vocab.json:  0% /2.648Mi, 0/s, -Transferred:   	    1.424 GiB / 4.240 GiB, 34%, 3.483 MiB/s, ETA 13m47s
Checks:                54 / 54, 100%, Listed 162
Transferred:           27 / 31, 87%
Elapsed time:     10m33.9s
Transferring:
 *                                    merges.txt:  0% /1.594Mi, 0/s, -
 *                             model.safetensors:  2% /2.875Gi, 2.322Mi/s, 20m40
 *                                tokenizer.json:100% /6.706Mi, 624.239Ki/s, 0s
 *                                    vocab.json:  0% /2.648Mi, 0/s, -Transferred:   	    1.424 GiB / 4.247 GiB, 34%, 3.483 MiB/s, ETA 13m49s
Checks:                54 / 54, 100%, Listed 162
Transferred:           27 / 31, 87%
Elapsed time:     10m34.4s
Transferring:
 *                                    merges.txt:  0% /1.594Mi, 0/s, -
 *                             model.safetensors:  2% /2.875Gi, 2.177Mi/s, 22m2s
 *                                tokenizer.json:  0% /6.706Mi, 0/s, -
 *                                    vocab.json:  0% /2.648Mi, 0/s, -Transferred:   	    1.424 GiB / 4.247 GiB, 34%, 3.265 MiB/s, ETA 14m45s
Checks:                54 / 54, 100%, Listed 162
Transferred:           27 / 31, 87%
Elapsed time:     10m34.9s
Transferring:
 *                                    merges.txt:  0% /1.594Mi, 0/s, -
 *                             model.safetensors:  2% /2.875Gi, 2.177Mi/s, 22m2s
 *                                tokenizer.json:  0% /6.706Mi, 0/s, -
 *                                    vocab.json:  0% /2.648Mi, 0/s, -Transferred:   	    1.424 GiB / 4.247 GiB, 34%, 3.265 MiB/s, ETA 14m45s
Checks:                54 / 54, 100%, Listed 162
Transferred:           27 / 31, 87%
Elapsed time:     10m35.4s
Transferring:
 *                                    merges.txt:  0% /1.594Mi, 0/s, -
 *                             model.safetensors:  2% /2.875Gi, 2.040Mi/s, 23m31
 *                                tokenizer.json:  0% /6.706Mi, 0/s, -
 *                                    vocab.json:  0% /2.648Mi, 0/s, -Transferred:   	    1.424 GiB / 4.247 GiB, 34%, 3.061 MiB/s, ETA 15m44s
Checks:                54 / 54, 100%, Listed 162
Transferred:           27 / 31, 87%
Elapsed time:     10m35.9s
Transferring:
 *                                    merges.txt:  0% /1.594Mi, 0/s, -
 *                             model.safetensors:  2% /2.875Gi, 2.040Mi/s, 23m31
 *                                tokenizer.json:  0% /6.706Mi, 0/s, -
 *                                    vocab.json:  0% /2.648Mi, 0/s, -Transferred:   	    1.424 GiB / 4.247 GiB, 34%, 3.061 MiB/s, ETA 15m44s
Checks:                54 / 54, 100%, Listed 162
Transferred:           27 / 31, 87%
Elapsed time:     10m36.4s
Transferring:
 *                                    merges.txt:  0% /1.594Mi, 0/s, -
 *                             model.safetensors:  2% /2.875Gi, 1.913Mi/s, 25m5s
 *                                tokenizer.json:  0% /6.706Mi, 0/s, -
 *                                    vocab.json:  0% /2.648Mi, 0/s, -Transferred:   	    1.424 GiB / 4.247 GiB, 34%, 2.870 MiB/s, ETA 16m47s
Checks:                54 / 54, 100%, Listed 162
Transferred:           27 / 31, 87%
Elapsed time:     10m36.9s
Transferring:
 *                                    merges.txt:  0% /1.594Mi, 0/s, -
 *                             model.safetensors:  2% /2.875Gi, 1.913Mi/s, 25m5s
 *                                tokenizer.json:  0% /6.706Mi, 0/s, -
 *                                    vocab.json:  0% /2.648Mi, 0/s, -Transferred:   	    1.424 GiB / 4.247 GiB, 34%, 2.870 MiB/s, ETA 16m47s
Checks:                54 / 54, 100%, Listed 162
Transferred:           27 / 31, 87%
Elapsed time:     10m37.4s
Transferring:
 *                                    merges.txt:  0% /1.594Mi, 0/s, -
 *                             model.safetensors:  2% /2.875Gi, 1.793Mi/s, 26m45
 *                                tokenizer.json:  0% /6.706Mi, 0/s, -
 *                                    vocab.json:  0% /2.648Mi, 0/s, -Transferred:   	    1.424 GiB / 4.247 GiB, 34%, 2.690 MiB/s, ETA 17m54s
Checks:                54 / 54, 100%, Listed 162
Transferred:           27 / 31, 87%
Elapsed time:     10m37.9s
Transferring:
 *                                    merges.txt:  0% /1.594Mi, 0/s, -
 *                             model.safetensors:  2% /2.875Gi, 1.793Mi/s, 26m45
 *                                tokenizer.json:  0% /6.706Mi, 0/s, -
 *                                    vocab.json:  0% /2.648Mi, 0/s, -Transferred:   	    1.424 GiB / 4.247 GiB, 34%, 2.690 MiB/s, ETA 17m54s
Checks:                54 / 54, 100%, Listed 162
Transferred:           27 / 31, 87%
Elapsed time:     10m38.4s
Transferring:
 *                                    merges.txt:  0% /1.594Mi, 0/s, -
 *                             model.safetensors:  2% /2.875Gi, 1.681Mi/s, 28m32
 *                                tokenizer.json:  0% /6.706Mi, 0/s, -
 *                                    vocab.json:  0% /2.648Mi, 0/s, -Transferred:   	    1.426 GiB / 4.247 GiB, 34%, 2.522 MiB/s, ETA 19m5s
Checks:                54 / 54, 100%, Listed 162
Transferred:           27 / 31, 87%
Elapsed time:     10m38.9s
Transferring:
 *                                    merges.txt:100% /1.594Mi, 0/s, -
 *                             model.safetensors:  2% /2.875Gi, 1.681Mi/s, 28m32
 *                                tokenizer.json:  0% /6.706Mi, 0/s, -
 *                                    vocab.json:  0% /2.648Mi, 0/s, -Transferred:   	    1.426 GiB / 4.247 GiB, 34%, 2.522 MiB/s, ETA 19m5s
Checks:                54 / 54, 100%, Listed 162
Transferred:           27 / 31, 87%
Elapsed time:     10m39.4s
Transferring:
 *                                    merges.txt:100% /1.594Mi, 181.398Ki/s, 0s
 *                             model.safetensors:  2% /2.875Gi, 1.576Mi/s, 30m26
 *                                tokenizer.json:  0% /6.706Mi, 0/s, -
 *                                    vocab.json:  0% /2.648Mi, 0/s, -Transferred:   	    1.426 GiB / 4.247 GiB, 34%, 2.464 MiB/s, ETA 19m32s
Checks:                54 / 54, 100%, Listed 162
Transferred:           27 / 31, 87%
Elapsed time:     10m39.9s
Transferring:
 *                                    merges.txt:100% /1.594Mi, 181.398Ki/s, 0s
 *                             model.safetensors:  2% /2.875Gi, 1.576Mi/s, 30m26
 *                                tokenizer.json:  0% /6.706Mi, 0/s, -
 *                                    vocab.json:  0% /2.648Mi, 0/s, -
2026/03/19 16:21:13 ERROR : merges.txt: Failed to copy: operation error S3: PutObject, exceeded maximum number of attempts, 1, https response error StatusCode: 500, RequestID: , HostID: , error while deserializing xml error response : XML syntax error on line 6: element <hr> closed by </body>
Transferred:   	    1.428 GiB / 4.247 GiB, 34%, 2.464 MiB/s, ETA 19m31s
Errors:                 1 (retrying may help)
Checks:                54 / 54, 100%, Listed 162
Transferred:           27 / 31, 87%
Elapsed time:     10m40.1s
Transferring:
 *                                    merges.txt: transferring
 *                             model.safetensors:  2% /2.875Gi, 1.478Mi/s, 32m28
 *                                tokenizer.json:  0% /6.706Mi, 0/s, -
 *                                    vocab.json:100% /2.648Mi, 0/s, -Transferred:   	    1.428 GiB / 4.247 GiB, 34%, 2.464 MiB/s, ETA 19m31s
Errors:                 1 (retrying may help)
Checks:                54 / 54, 100%, Listed 162
Transferred:           27 / 30, 90%
Elapsed time:     10m40.4s
Transferring:
 *                             model.safetensors:  2% /2.875Gi, 1.478Mi/s, 32m28
 *                                tokenizer.json:  0% /6.706Mi, 0/s, -
 *                                    vocab.json:100% /2.648Mi, 0/s, -Transferred:   	    1.428 GiB / 4.247 GiB, 34%, 2.476 MiB/s, ETA 19m25s
Errors:                 1 (retrying may help)
Checks:                54 / 54, 100%, Listed 162
Transferred:           27 / 30, 90%
Elapsed time:     10m40.9s
Transferring:
 *                             model.safetensors:  2% /2.875Gi, 1.478Mi/s, 32m28
 *                                tokenizer.json:  0% /6.706Mi, 0/s, -
 *                                    vocab.json:100% /2.648Mi, 338.968Ki/s, 0sTransferred:   	    1.431 GiB / 4.247 GiB, 34%, 2.476 MiB/s, ETA 19m24s
Errors:                 1 (retrying may help)
Checks:                54 / 54, 100%, Listed 162
Transferred:           27 / 30, 90%
Elapsed time:     10m41.4s
Transferring:
 *                             model.safetensors:  2% /2.875Gi, 1.385Mi/s, 34m38
 *                                tokenizer.json: 40% /6.706Mi, 346.846Ki/s, 11s
 *                                    vocab.json:100% /2.648Mi, 338.968Ki/s, 0sTransferred:   	    1.434 GiB / 4.249 GiB, 34%, 2.581 MiB/s, ETA 18m37s
Errors:                 1 (retrying may help)
Checks:                54 / 54, 100%, Listed 162
Transferred:           27 / 30, 90%
Elapsed time:     10m41.9s
Transferring:
 *                             model.safetensors:  2% /2.875Gi, 1.385Mi/s, 34m38
 *                                tokenizer.json: 88% /6.706Mi, 346.846Ki/s, 2s
 *                                    vocab.json:  0% /2.648Mi, 0/s, -Transferred:   	    1.435 GiB / 4.249 GiB, 34%, 2.581 MiB/s, ETA 18m36s
Errors:                 1 (retrying may help)
Checks:                54 / 54, 100%, Listed 162
Transferred:           27 / 30, 90%
Elapsed time:     10m42.4s
Transferring:
 *                             model.safetensors:  2% /2.875Gi, 1.299Mi/s, 36m57
 *                                tokenizer.json:100% /6.706Mi, 858.346Ki/s, 0s
 *                                    vocab.json:  0% /2.648Mi, 0/s, -Transferred:   	    1.435 GiB / 4.249 GiB, 34%, 2.579 MiB/s, ETA 18m37s
Errors:                 1 (retrying may help)
Checks:                54 / 54, 100%, Listed 162
Transferred:           27 / 30, 90%
Elapsed time:     10m42.9s
Transferring:
 *                             model.safetensors:  2% /2.875Gi, 1.299Mi/s, 36m57
 *                                tokenizer.json:100% /6.706Mi, 858.346Ki/s, 0s
 *                                    vocab.json:  0% /2.648Mi, 0/s, -Transferred:   	    1.435 GiB / 4.249 GiB, 34%, 2.579 MiB/s, ETA 18m37s
Errors:                 1 (retrying may help)
Checks:                54 / 54, 100%, Listed 162
Transferred:           27 / 30, 90%
Elapsed time:     10m43.4s
Transferring:
 *                             model.safetensors:  2% /2.875Gi, 1.218Mi/s, 39m24
 *                                tokenizer.json:100% /6.706Mi, 762.974Ki/s, 0s
 *                                    vocab.json:  0% /2.648Mi, 0/s, -Transferred:   	    1.435 GiB / 1.437 GiB, 100%, 2.418 MiB/s, ETA 1s
Errors:                 1 (retrying may help)
Checks:                54 / 54, 100%, Listed 162
Transferred:           27 / 30, 90%
Elapsed time:     10m43.9s
Transferring:
 *                             model.safetensors: transferring
 *                                tokenizer.json:100% /6.706Mi, 762.974Ki/s, 0s
 *                                    vocab.json:  0% /2.648Mi, 0/s, -Transferred:   	    1.435 GiB / 1.437 GiB, 100%, 2.418 MiB/s, ETA 1s
Errors:                 1 (retrying may help)
Checks:                54 / 54, 100%, Listed 162
Transferred:           27 / 30, 90%
Elapsed time:     10m44.4s
Transferring:
 *                             model.safetensors: transferring
 *                                tokenizer.json:100% /6.706Mi, 686.676Ki/s, 0s
 *                                    vocab.json:  0% /2.648Mi, 0/s, -Transferred:   	    1.435 GiB / 1.437 GiB, 100%, 2.267 MiB/s, ETA 1s
Errors:                 1 (retrying may help)
Checks:                54 / 54, 100%, Listed 162
Transferred:           27 / 30, 90%
Elapsed time:     10m44.9s
Transferring:
 *                             model.safetensors: transferring
 *                                tokenizer.json:100% /6.706Mi, 686.676Ki/s, 0s
 *                                    vocab.json:  0% /2.648Mi, 0/s, -Transferred:   	    1.437 GiB / 1.444 GiB, 100%, 2.267 MiB/s, ETA 2s
Errors:                 1 (retrying may help)
Checks:                54 / 54, 100%, Listed 162
Transferred:           27 / 30, 90%
Elapsed time:     10m45.4s
Transferring:
 *                             model.safetensors: transferring
 *                                tokenizer.json:  0% /6.706Mi, 0/s, -
 *                                    vocab.json:100% /2.648Mi, 0/s, -Transferred:   	    1.437 GiB / 1.444 GiB, 100%, 2.290 MiB/s, ETA 2s
Errors:                 1 (retrying may help)
Checks:                54 / 54, 100%, Listed 162
Transferred:           27 / 30, 90%
Elapsed time:     10m45.9s
Transferring:
 *                             model.safetensors: transferring
 *                                tokenizer.json:  0% /6.706Mi, 0/s, -
 *                                    vocab.json:100% /2.648Mi, 677.940Ki/s, 0sTransferred:   	    1.437 GiB / 1.444 GiB, 100%, 2.290 MiB/s, ETA 2s
Errors:                 1 (retrying may help)
Checks:                54 / 54, 100%, Listed 162
Transferred:           27 / 30, 90%
Elapsed time:     10m46.4s
Transferring:
 *                             model.safetensors: transferring
 *                                tokenizer.json:  0% /6.706Mi, 0/s, -
 *                                    vocab.json:100% /2.648Mi, 677.940Ki/s, 0sTransferred:   	    1.437 GiB / 1.447 GiB, 99%, 2.147 MiB/s, ETA 4s
Errors:                 1 (retrying may help)
Checks:                54 / 54, 100%, Listed 162
Transferred:           27 / 30, 90%
Elapsed time:     10m46.9s
Transferring:
 *                             model.safetensors: transferring
 *                                tokenizer.json:  0% /6.706Mi, 0/s, -
 *                                    vocab.json:  0% /2.648Mi, 0/s, -Transferred:   	    1.437 GiB / 4.322 GiB, 33%, 2.147 MiB/s, ETA 22m55s
Errors:                 1 (retrying may help)
Checks:                54 / 54, 100%, Listed 162
Transferred:           27 / 30, 90%
Elapsed time:     10m47.4s
Transferring:
 *                             model.safetensors:  0% /2.875Gi, 0/s, -
 *                                tokenizer.json:  0% /6.706Mi, 0/s, -
 *                                    vocab.json:  0% /2.648Mi, 0/s, -Transferred:   	    1.437 GiB / 4.322 GiB, 33%, 2.013 MiB/s, ETA 24m27s
Errors:                 1 (retrying may help)
Checks:                54 / 54, 100%, Listed 162
Transferred:           27 / 30, 90%
Elapsed time:     10m47.9s
Transferring:
 *                             model.safetensors:  0% /2.875Gi, 0/s, -
 *                                tokenizer.json:  0% /6.706Mi, 0/s, -
 *                                    vocab.json:  0% /2.648Mi, 0/s, -Transferred:   	    1.437 GiB / 4.322 GiB, 33%, 2.013 MiB/s, ETA 24m27s
Errors:                 1 (retrying may help)
Checks:                54 / 54, 100%, Listed 162
Transferred:           27 / 30, 90%
Elapsed time:     10m48.4s
Transferring:
 *                             model.safetensors:  0% /2.875Gi, 0/s, -
 *                                tokenizer.json:  0% /6.706Mi, 0/s, -
 *                                    vocab.json:  0% /2.648Mi, 0/s, -Transferred:   	    1.440 GiB / 4.322 GiB, 33%, 1.887 MiB/s, ETA 26m3s
Errors:                 1 (retrying may help)
Checks:                54 / 54, 100%, Listed 162
Transferred:           27 / 30, 90%
Elapsed time:     10m48.9s
Transferring:
 *                             model.safetensors:  0% /2.875Gi, 0/s, -
 *                                tokenizer.json: 36% /6.706Mi, 0/s, -
 *                                    vocab.json:  0% /2.648Mi, 0/s, -Transferred:   	    1.444 GiB / 4.322 GiB, 33%, 1.887 MiB/s, ETA 26m1s
Errors:                 1 (retrying may help)
Checks:                54 / 54, 100%, Listed 162
Transferred:           27 / 30, 90%
Elapsed time:     10m49.4s
Transferring:
 *                             model.safetensors:  0% /2.875Gi, 0/s, -
 *                                tokenizer.json: 98% /6.706Mi, 1.069Mi/s, 0s
 *                                    vocab.json:  0% /2.648Mi, 0/s, -Transferred:   	    1.444 GiB / 4.322 GiB, 33%, 2.188 MiB/s, ETA 22m26s
Errors:                 1 (retrying may help)
Checks:                54 / 54, 100%, Listed 162
Transferred:           27 / 30, 90%
Elapsed time:     10m49.9s
Transferring:
 *                             model.safetensors:  0% /2.875Gi, 0/s, -
 *                                tokenizer.json:100% /6.706Mi, 1.069Mi/s, 0s
 *                                    vocab.json:  0% /2.648Mi, 0/s, -Transferred:   	    1.447 GiB / 4.322 GiB, 33%, 2.188 MiB/s, ETA 22m25s
Errors:                 1 (retrying may help)
Checks:                54 / 54, 100%, Listed 162
Transferred:           27 / 30, 90%
Elapsed time:     10m50.4s
Transferring:
 *                             model.safetensors:  0% /2.875Gi, 0/s, -
 *                                tokenizer.json:100% /6.706Mi, 1.341Mi/s, 0s
 *                                    vocab.json:100% /2.648Mi, 0/s, -Transferred:   	    1.447 GiB / 4.322 GiB, 33%, 2.217 MiB/s, ETA 22m8s
Errors:                 1 (retrying may help)
Checks:                54 / 54, 100%, Listed 162
Transferred:           27 / 30, 90%
Elapsed time:     10m50.9s
Transferring:
 *                             model.safetensors:  0% /2.875Gi, 0/s, -
 *                                tokenizer.json:100% /6.706Mi, 1.341Mi/s, 0s
 *                                    vocab.json:100% /2.648Mi, 677.928Ki/s, 0sTransferred:   	    1.447 GiB / 4.322 GiB, 33%, 2.217 MiB/s, ETA 22m8s
Errors:                 1 (retrying may help)
Checks:                54 / 54, 100%, Listed 162
Transferred:           27 / 30, 90%
Elapsed time:     10m51.4s
Transferring:
 *                             model.safetensors:  0% /2.875Gi, 0/s, -
 *                                tokenizer.json:100% /6.706Mi, 1.118Mi/s, 0s
 *                                    vocab.json:100% /2.648Mi, 677.928Ki/s, 0s
2026/03/19 16:21:24 ERROR : vocab.json: Failed to copy: operation error S3: PutObject, exceeded maximum number of attempts, 1, https response error StatusCode: 500, RequestID: , HostID: , error while deserializing xml error response : XML syntax error on line 6: element <hr> closed by </body>
Transferred:   	    1.449 GiB / 4.322 GiB, 34%, 2.079 MiB/s, ETA 23m35s
Errors:                 2 (retrying may help)
Checks:                54 / 54, 100%, Listed 162
Transferred:           27 / 30, 90%
Elapsed time:     10m51.7s
Transferring:
 *                             model.safetensors:  0% /2.875Gi, 0/s, -
 *                                tokenizer.json:100% /6.706Mi, 1.118Mi/s, 0s
 *                                    vocab.json: transferringTransferred:   	    1.451 GiB / 4.322 GiB, 34%, 2.079 MiB/s, ETA 23m34s
Errors:                 2 (retrying may help)
Checks:                54 / 54, 100%, Listed 162
Transferred:           27 / 29, 93%
Elapsed time:     10m51.9s
Transferring:
 *                             model.safetensors:  0% /2.875Gi, 0/s, -
 *                                tokenizer.json:100% /6.706Mi, 1.118Mi/s, 0sTransferred:   	    1.451 GiB / 4.329 GiB, 34%, 2.079 MiB/s, ETA 23m37s
Errors:                 2 (retrying may help)
Checks:                54 / 54, 100%, Listed 162
Transferred:           27 / 29, 93%
Elapsed time:     10m52.4s
Transferring:
 *                             model.safetensors:  0% /2.875Gi, 998.403Ki/s, 50m
 *                                tokenizer.json:  0% /6.706Mi, 0/s, -Transferred:   	    1.451 GiB / 4.329 GiB, 34%, 2.261 MiB/s, ETA 21m42s
Errors:                 2 (retrying may help)
Checks:                54 / 54, 100%, Listed 162
Transferred:           27 / 29, 93%
Elapsed time:     10m52.9s
Transferring:
 *                             model.safetensors:  0% /2.875Gi, 998.403Ki/s, 50m
 *                                tokenizer.json:  0% /6.706Mi, 0/s, -Transferred:   	    1.456 GiB / 4.329 GiB, 34%, 2.261 MiB/s, ETA 21m40s
Errors:                 2 (retrying may help)
Checks:                54 / 54, 100%, Listed 162
Transferred:           27 / 29, 93%
Elapsed time:     10m53.4s
Transferring:
 *                             model.safetensors:  0% /2.875Gi, 853.336Ki/s, 58m
 *                                tokenizer.json:  0% /6.706Mi, 0/s, -Transferred:   	    1.456 GiB / 4.329 GiB, 34%, 2.432 MiB/s, ETA 20m9s
Errors:                 2 (retrying may help)
Checks:                54 / 54, 100%, Listed 162
Transferred:           27 / 29, 93%
Elapsed time:     10m53.9s
Transferring:
 *                             model.safetensors:  0% /2.875Gi, 853.336Ki/s, 58m
 *                                tokenizer.json:  0% /6.706Mi, 0/s, -Transferred:   	    1.456 GiB / 4.329 GiB, 34%, 2.432 MiB/s, ETA 20m9s
Errors:                 2 (retrying may help)
Checks:                54 / 54, 100%, Listed 162
Transferred:           27 / 29, 93%
Elapsed time:     10m54.4s
Transferring:
 *                             model.safetensors:  0% /2.875Gi, 1.429Mi/s, 34m14
 *                                tokenizer.json:  0% /6.706Mi, 0/s, -Transferred:   	    1.456 GiB / 4.329 GiB, 34%, 2.280 MiB/s, ETA 21m29s
Errors:                 2 (retrying may help)
Checks:                54 / 54, 100%, Listed 162
Transferred:           27 / 29, 93%
Elapsed time:     10m54.9s
Transferring:
 *                             model.safetensors:  0% /2.875Gi, 1.429Mi/s, 34m14
 *                                tokenizer.json:  0% /6.706Mi, 0/s, -Transferred:   	    1.459 GiB / 4.329 GiB, 34%, 2.280 MiB/s, ETA 21m28s
Errors:                 2 (retrying may help)
Checks:                54 / 54, 100%, Listed 162
Transferred:           27 / 29, 93%
Elapsed time:     10m55.4s
Transferring:
 *                             model.safetensors:  0% /2.875Gi, 1.250Mi/s, 39m5s
 *                                tokenizer.json:  0% /6.706Mi, 0/s, -Transferred:   	    1.461 GiB / 4.329 GiB, 34%, 2.366 MiB/s, ETA 20m40s
Errors:                 2 (retrying may help)
Checks:                54 / 54, 100%, Listed 162
Transferred:           27 / 29, 93%
Elapsed time:     10m55.9s
Transferring:
 *                             model.safetensors:  0% /2.875Gi, 1.250Mi/s, 39m3s
 *                                tokenizer.json:  0% /6.706Mi, 0/s, -Transferred:   	    1.461 GiB / 4.329 GiB, 34%, 2.366 MiB/s, ETA 20m40s
Errors:                 2 (retrying may help)
Checks:                54 / 54, 100%, Listed 162
Transferred:           27 / 29, 93%
Elapsed time:     10m56.4s
Transferring:
 *                             model.safetensors:  0% /2.875Gi, 1.667Mi/s, 29m17
 *                                tokenizer.json:  0% /6.706Mi, 0/s, -Transferred:   	    1.461 GiB / 4.329 GiB, 34%, 2.302 MiB/s, ETA 21m15s
Errors:                 2 (retrying may help)
Checks:                54 / 54, 100%, Listed 162
Transferred:           27 / 29, 93%
Elapsed time:     10m56.9s
Transferring:
 *                             model.safetensors:  0% /2.875Gi, 1.667Mi/s, 29m17
 *                                tokenizer.json:  0% /6.706Mi, 0/s, -Transferred:   	    1.465 GiB / 4.329 GiB, 34%, 2.302 MiB/s, ETA 21m13s
Errors:                 2 (retrying may help)
Checks:                54 / 54, 100%, Listed 162
Transferred:           27 / 29, 93%
Elapsed time:     10m57.4s
Transferring:
 *                             model.safetensors:  0% /2.875Gi, 1.500Mi/s, 32m30
 *                                tokenizer.json:  0% /6.706Mi, 0/s, -Transferred:   	    1.466 GiB / 4.329 GiB, 34%, 2.438 MiB/s, ETA 20m2s
Errors:                 2 (retrying may help)
Checks:                54 / 54, 100%, Listed 162
Transferred:           27 / 29, 93%
Elapsed time:     10m57.9s
Transferring:
 *                             model.safetensors:  0% /2.875Gi, 1.500Mi/s, 32m29
 *                                tokenizer.json:  0% /6.706Mi, 0/s, -Transferred:   	    1.466 GiB / 4.329 GiB, 34%, 2.438 MiB/s, ETA 20m2s
Errors:                 2 (retrying may help)
Checks:                54 / 54, 100%, Listed 162
Transferred:           27 / 29, 93%
Elapsed time:     10m58.4s
Transferring:
 *                             model.safetensors:  0% /2.875Gi, 1.818Mi/s, 26m48
 *                                tokenizer.json:  0% /6.706Mi, 0/s, -Transferred:   	    1.466 GiB / 4.329 GiB, 34%, 2.319 MiB/s, ETA 21m4s
Errors:                 2 (retrying may help)
Checks:                54 / 54, 100%, Listed 162
Transferred:           27 / 29, 93%
Elapsed time:     10m58.9s
Transferring:
 *                             model.safetensors:  0% /2.875Gi, 1.818Mi/s, 26m48
 *                                tokenizer.json:  0% /6.706Mi, 0/s, -Transferred:   	    1.471 GiB / 4.329 GiB, 34%, 2.319 MiB/s, ETA 21m1s
Errors:                 2 (retrying may help)
Checks:                54 / 54, 100%, Listed 162
Transferred:           27 / 29, 93%
Elapsed time:     10m59.4s
Transferring:
 *                             model.safetensors:  0% /2.875Gi, 1.667Mi/s, 29m14
 *                                tokenizer.json: 78% /6.706Mi, 675.982Ki/s, 2sTransferred:   	    1.472 GiB / 4.329 GiB, 34%, 2.531 MiB/s, ETA 19m15s
Errors:                 2 (retrying may help)
Checks:                54 / 54, 100%, Listed 162
Transferred:           27 / 29, 93%
Elapsed time:     10m59.9s
Transferring:
 *                             model.safetensors:  0% /2.875Gi, 1.667Mi/s, 29m14
 *                                tokenizer.json: 89% /6.706Mi, 675.982Ki/s, 1sTransferred:   	    1.472 GiB / 4.329 GiB, 34%, 2.531 MiB/s, ETA 19m15s
Errors:                 2 (retrying may help)
Checks:                54 / 54, 100%, Listed 162
Transferred:           27 / 29, 93%
Elapsed time:      11m0.4s
Transferring:
 *                             model.safetensors:  0% /2.875Gi, 1.538Mi/s, 31m40
 *                                tokenizer.json: 89% /6.706Mi, 771.486Ki/s, 0sTransferred:   	    1.473 GiB / 4.329 GiB, 34%, 2.392 MiB/s, ETA 20m22s
Errors:                 2 (retrying may help)
Checks:                54 / 54, 100%, Listed 162
Transferred:           27 / 29, 93%
Elapsed time:      11m0.9s
Transferring:
 *                             model.safetensors:  0% /2.875Gi, 1.538Mi/s, 31m40
 *                                tokenizer.json:100% /6.706Mi, 771.486Ki/s, 0sTransferred:   	    1.475 GiB / 4.329 GiB, 34%, 2.392 MiB/s, ETA 20m21s
Errors:                 2 (retrying may help)
Checks:                54 / 54, 100%, Listed 162
Transferred:           27 / 29, 93%
Elapsed time:      11m1.4s
Transferring:
 *                             model.safetensors:  0% /2.875Gi, 1.429Mi/s, 34m5s
 *                                tokenizer.json:100% /6.706Mi, 762.971Ki/s, 0sTransferred:   	    1.475 GiB / 4.329 GiB, 34%, 2.426 MiB/s, ETA 20m4s
Errors:                 2 (retrying may help)
Checks:                54 / 54, 100%, Listed 162
Transferred:           27 / 29, 93%
Elapsed time:      11m1.9s
Transferring:
 *                             model.safetensors:  0% /2.875Gi, 1.429Mi/s, 34m5s
 *                                tokenizer.json:100% /6.706Mi, 762.971Ki/s, 0sTransferred:   	    1.475 GiB / 4.329 GiB, 34%, 2.426 MiB/s, ETA 20m4s
Errors:                 2 (retrying may help)
Checks:                54 / 54, 100%, Listed 162
Transferred:           27 / 29, 93%
Elapsed time:      11m2.4s
Transferring:
 *                             model.safetensors:  0% /2.875Gi, 1.483Mi/s, 32m49
 *                                tokenizer.json:100% /6.706Mi, 686.674Ki/s, 0sTransferred:   	    1.475 GiB / 4.329 GiB, 34%, 2.292 MiB/s, ETA 21m14s
Errors:                 2 (retrying may help)
Checks:                54 / 54, 100%, Listed 162
Transferred:           27 / 29, 93%
Elapsed time:      11m2.9s
Transferring:
 *                             model.safetensors:  0% /2.875Gi, 1.483Mi/s, 32m49
 *                                tokenizer.json:100% /6.706Mi, 686.674Ki/s, 0sTransferred:   	    1.479 GiB / 4.329 GiB, 34%, 2.292 MiB/s, ETA 21m13s
Errors:                 2 (retrying may help)
Checks:                54 / 54, 100%, Listed 162
Transferred:           27 / 29, 93%
Elapsed time:      11m3.4s
Transferring:
 *                             model.safetensors:  0% /2.875Gi, 1.428Mi/s, 34m3s
 *                                tokenizer.json:100% /6.706Mi, 624.249Ki/s, 0sTransferred:   	    1.481 GiB / 4.329 GiB, 34%, 2.508 MiB/s, ETA 19m22s
Errors:                 2 (retrying may help)
Checks:                54 / 54, 100%, Listed 162
Transferred:           27 / 29, 93%
Elapsed time:      11m3.9s
Transferring:
 *                             model.safetensors:  0% /2.875Gi, 1.428Mi/s, 34m2s
 *                                tokenizer.json:100% /6.706Mi, 624.249Ki/s, 0sTransferred:   	    1.481 GiB / 4.329 GiB, 34%, 2.508 MiB/s, ETA 19m22s
Errors:                 2 (retrying may help)
Checks:                54 / 54, 100%, Listed 162
Transferred:           27 / 29, 93%
Elapsed time:      11m4.4s
Transferring:
 *                             model.safetensors:  0% /2.875Gi, 1.719Mi/s, 28m15
 *                                tokenizer.json:100% /6.706Mi, 572.228Ki/s, 0sTransferred:   	    1.482 GiB / 4.329 GiB, 34%, 2.392 MiB/s, ETA 20m18s
Errors:                 2 (retrying may help)
Checks:                54 / 54, 100%, Listed 162
Transferred:           27 / 29, 93%
Elapsed time:      11m4.9s
Transferring:
 *                             model.safetensors:  1% /2.875Gi, 1.719Mi/s, 28m15
 *                                tokenizer.json:100% /6.706Mi, 572.228Ki/s, 0sTransferred:   	    1.487 GiB / 4.335 GiB, 34%, 2.392 MiB/s, ETA 20m19s
Errors:                 2 (retrying may help)
Checks:                54 / 54, 100%, Listed 162
Transferred:           27 / 29, 93%
Elapsed time:      11m5.4s
Transferring:
 *                             model.safetensors:  1% /2.875Gi, 1.678Mi/s, 28m53
 *                                tokenizer.json:  0% /6.706Mi, 0/s, -Transferred:   	    1.487 GiB / 4.335 GiB, 34%, 2.622 MiB/s, ETA 18m32s
Errors:                 2 (retrying may help)
Checks:                54 / 54, 100%, Listed 162
Transferred:           27 / 29, 93%
Elapsed time:      11m5.9s
Transferring:
 *                             model.safetensors:  1% /2.875Gi, 1.678Mi/s, 28m53
 *                                tokenizer.json:  0% /6.706Mi, 0/s, -Transferred:   	    1.487 GiB / 4.335 GiB, 34%, 2.622 MiB/s, ETA 18m32s
Errors:                 2 (retrying may help)
Checks:                54 / 54, 100%, Listed 162
Transferred:           27 / 29, 93%
Elapsed time:      11m6.4s
Transferring:
 *                             model.safetensors:  1% /2.875Gi, 1.886Mi/s, 25m42
 *                                tokenizer.json:  0% /6.706Mi, 0/s, -Transferred:   	    1.487 GiB / 4.335 GiB, 34%, 2.458 MiB/s, ETA 19m46s
Errors:                 2 (retrying may help)
Checks:                54 / 54, 100%, Listed 162
Transferred:           27 / 29, 93%
Elapsed time:      11m6.9s
Transferring:
 *                             model.safetensors:  1% /2.875Gi, 1.886Mi/s, 25m42
 *                                tokenizer.json:  0% /6.706Mi, 0/s, -Transferred:   	    1.487 GiB / 4.335 GiB, 34%, 2.458 MiB/s, ETA 19m46s
Errors:                 2 (retrying may help)
Checks:                54 / 54, 100%, Listed 162
Transferred:           27 / 29, 93%
Elapsed time:      11m7.4s
Transferring:
 *                             model.safetensors:  1% /2.875Gi, 1.768Mi/s, 27m25
 *                                tokenizer.json:  0% /6.706Mi, 0/s, -Transferred:   	    1.487 GiB / 4.335 GiB, 34%, 2.304 MiB/s, ETA 21m5s
Errors:                 2 (retrying may help)
Checks:                54 / 54, 100%, Listed 162
Transferred:           27 / 29, 93%
Elapsed time:      11m7.9s
Transferring:
 *                             model.safetensors:  1% /2.875Gi, 1.768Mi/s, 27m25
 *                                tokenizer.json:  0% /6.706Mi, 0/s, -Transferred:   	    1.491 GiB / 4.335 GiB, 34%, 2.304 MiB/s, ETA 21m3s
Errors:                 2 (retrying may help)
Checks:                54 / 54, 100%, Listed 162
Transferred:           27 / 29, 93%
Elapsed time:      11m8.4s
Transferring:
 *                             model.safetensors:  1% /2.875Gi, 1.658Mi/s, 29m15
 *                                tokenizer.json: 57% /6.706Mi, 0/s, -Transferred:   	    1.493 GiB / 4.335 GiB, 34%, 2.422 MiB/s, ETA 20m1s
Errors:                 2 (retrying may help)
Checks:                54 / 54, 100%, Listed 162
Transferred:           27 / 29, 93%
Elapsed time:      11m8.9s
Transferring:
 *                             model.safetensors:  1% /2.875Gi, 1.658Mi/s, 29m15
 *                                tokenizer.json: 88% /6.706Mi, 0/s, -Transferred:   	    1.494 GiB / 4.335 GiB, 34%, 2.422 MiB/s, ETA 20m1s
Errors:                 2 (retrying may help)
Checks:                54 / 54, 100%, Listed 162
Transferred:           27 / 29, 93%
Elapsed time:      11m9.4s
Transferring:
 *                             model.safetensors:  1% /2.875Gi, 1.554Mi/s, 31m12
 *                                tokenizer.json:100% /6.706Mi, 1.483Mi/s, 0sTransferred:   	    1.494 GiB / 4.335 GiB, 34%, 2.428 MiB/s, ETA 19m58s
Errors:                 2 (retrying may help)
Checks:                54 / 54, 100%, Listed 162
Transferred:           27 / 29, 93%
Elapsed time:      11m9.9s
Transferring:
 *                             model.safetensors:  1% /2.875Gi, 1.554Mi/s, 31m12
 *                                tokenizer.json:100% /6.706Mi, 1.483Mi/s, 0sTransferred:   	    1.494 GiB / 1.494 GiB, 100%, 2.428 MiB/s, ETA 0s
Errors:                 2 (retrying may help)
Checks:                54 / 54, 100%, Listed 162
Transferred:           27 / 29, 93%
Elapsed time:     11m10.4s
Transferring:
 *                             model.safetensors: transferring
 *                                tokenizer.json:100% /6.706Mi, 1.341Mi/s, 0sTransferred:   	    1.494 GiB / 1.494 GiB, 100%, 2.276 MiB/s, ETA 0s
Errors:                 2 (retrying may help)
Checks:                54 / 54, 100%, Listed 162
Transferred:           27 / 29, 93%
Elapsed time:     11m10.9s
Transferring:
 *                             model.safetensors: transferring
 *                                tokenizer.json:100% /6.706Mi, 1.341Mi/s, 0sTransferred:   	    1.499 GiB / 4.369 GiB, 34%, 2.276 MiB/s, ETA 21m31s
Errors:                 2 (retrying may help)
Checks:                54 / 54, 100%, Listed 162
Transferred:           27 / 29, 93%
Elapsed time:     11m11.4s
Transferring:
 *                             model.safetensors:  0% /2.875Gi, 0/s, -
 *                                tokenizer.json:100% /6.706Mi, 1.118Mi/s, 0sTransferred:   	    1.505 GiB / 4.376 GiB, 34%, 2.589 MiB/s, ETA 18m55s
Errors:                 2 (retrying may help)
Checks:                54 / 54, 100%, Listed 162
Transferred:           27 / 29, 93%
Elapsed time:     11m11.9s
Transferring:
 *                             model.safetensors:  0% /2.875Gi, 0/s, -
 *                                tokenizer.json:  0% /6.706Mi, 0/s, -Transferred:   	    1.505 GiB / 4.376 GiB, 34%, 2.589 MiB/s, ETA 18m55s
Errors:                 2 (retrying may help)
Checks:                54 / 54, 100%, Listed 162
Transferred:           27 / 29, 93%
Elapsed time:     11m12.4s
Transferring:
 *                             model.safetensors:  0% /2.875Gi, 11.124Mi/s, 4m23
 *                                tokenizer.json:  0% /6.706Mi, 0/s, -Transferred:   	    1.510 GiB / 4.376 GiB, 34%, 2.667 MiB/s, ETA 18m20s
Errors:                 2 (retrying may help)
Checks:                54 / 54, 100%, Listed 162
Transferred:           27 / 29, 93%
Elapsed time:     11m12.9s
Transferring:
 *                             model.safetensors:  0% /2.875Gi, 11.124Mi/s, 4m23
 *                                tokenizer.json:  0% /6.706Mi, 0/s, -Transferred:   	    1.510 GiB / 4.376 GiB, 34%, 2.667 MiB/s, ETA 18m20s
Errors:                 2 (retrying may help)
Checks:                54 / 54, 100%, Listed 162
Transferred:           27 / 29, 93%
Elapsed time:     11m13.4s
Transferring:
 *                             model.safetensors:  0% /2.875Gi, 8.062Mi/s, 6m3s
 *                                tokenizer.json:  0% /6.706Mi, 0/s, -Transferred:   	    1.510 GiB / 4.376 GiB, 35%, 2.813 MiB/s, ETA 17m23s
Errors:                 2 (retrying may help)
Checks:                54 / 54, 100%, Listed 162
Transferred:           27 / 29, 93%
Elapsed time:     11m13.9s
Transferring:
 *                             model.safetensors:  0% /2.875Gi, 8.062Mi/s, 6m3s
 *                                tokenizer.json:  0% /6.706Mi, 0/s, -Transferred:   	    1.515 GiB / 4.376 GiB, 35%, 2.813 MiB/s, ETA 17m21s
Errors:                 2 (retrying may help)
Checks:                54 / 54, 100%, Listed 162
Transferred:           27 / 29, 93%
Elapsed time:     11m14.4s
Transferring:
 *                             model.safetensors:  0% /2.875Gi, 5.614Mi/s, 8m41s
 *                                tokenizer.json: 75% /6.706Mi, 0/s, -Transferred:   	    1.516 GiB / 4.376 GiB, 35%, 3.020 MiB/s, ETA 16m9s
Errors:                 2 (retrying may help)
Checks:                54 / 54, 100%, Listed 162
Transferred:           27 / 29, 93%
Elapsed time:     11m14.9s
Transferring:
 *                             model.safetensors:  0% /2.875Gi, 5.614Mi/s, 8m41s
 *                                tokenizer.json: 75% /6.706Mi, 1.697Mi/s, 0sTransferred:   	    1.516 GiB / 4.376 GiB, 35%, 3.020 MiB/s, ETA 16m9s
Errors:                 2 (retrying may help)
Checks:                54 / 54, 100%, Listed 162
Transferred:           27 / 29, 93%
Elapsed time:     11m15.4s
Transferring:
 *                             model.safetensors:  0% /2.875Gi, 4.289Mi/s, 11m22
 *                                tokenizer.json: 75% /6.706Mi, 1.697Mi/s, 0sTransferred:   	    1.517 GiB / 4.376 GiB, 35%, 2.831 MiB/s, ETA 17m13s
Errors:                 2 (retrying may help)
Checks:                54 / 54, 100%, Listed 162
Transferred:           27 / 29, 93%
Elapsed time:     11m15.9s
Transferring:
 *                             model.safetensors:  0% /2.875Gi, 4.289Mi/s, 11m22
 *                                tokenizer.json: 75% /6.706Mi, 1.272Mi/s, 1sTransferred:   	    1.517 GiB / 4.376 GiB, 35%, 2.831 MiB/s, ETA 17m13s
Errors:                 2 (retrying may help)
Checks:                54 / 54, 100%, Listed 162
Transferred:           27 / 29, 93%
Elapsed time:     11m16.4s
Transferring:
 *                             model.safetensors:  0% /2.875Gi, 3.731Mi/s, 13m4s
 *                                tokenizer.json: 75% /6.706Mi, 1.272Mi/s, 1sTransferred:   	    1.523 GiB / 4.376 GiB, 35%, 2.748 MiB/s, ETA 17m43s
Errors:                 2 (retrying may help)
Checks:                54 / 54, 100%, Listed 162
Transferred:           27 / 29, 93%
Elapsed time:     11m16.9s
Transferring:
 *                             model.safetensors:  0% /2.875Gi, 3.731Mi/s, 13m3s
 *                                tokenizer.json:100% /6.706Mi, 1.341Mi/s, 0sTransferred:   	    1.524 GiB / 4.376 GiB, 35%, 2.748 MiB/s, ETA 17m42s
Errors:                 2 (retrying may help)
Checks:                54 / 54, 100%, Listed 162
Transferred:           27 / 29, 93%
Elapsed time:     11m17.4s
Transferring:
 *                             model.safetensors:  0% /2.875Gi, 3.906Mi/s, 12m27
 *                                tokenizer.json:100% /6.706Mi, 1.341Mi/s, 0sTransferred:   	    1.525 GiB / 4.376 GiB, 35%, 3.044 MiB/s, ETA 15m58s
Errors:                 2 (retrying may help)
Checks:                54 / 54, 100%, Listed 162
Transferred:           27 / 29, 93%
Elapsed time:     11m17.9s
Transferring:
 *                             model.safetensors:  0% /2.875Gi, 3.906Mi/s, 12m27
 *                                tokenizer.json:100% /6.706Mi, 1.118Mi/s, 0sTransferred:   	    1.527 GiB / 4.376 GiB, 35%, 3.044 MiB/s, ETA 15m58s
Errors:                 2 (retrying may help)
Checks:                54 / 54, 100%, Listed 162
Transferred:           27 / 29, 93%
Elapsed time:     11m18.4s
Transferring:
 *                             model.safetensors:  0% /2.875Gi, 3.629Mi/s, 13m23
 *                                tokenizer.json:100% /6.706Mi, 1.118Mi/s, 0sTransferred:   	    1.529 GiB / 4.376 GiB, 35%, 3.024 MiB/s, ETA 16m4s
Errors:                 2 (retrying may help)
Checks:                54 / 54, 100%, Listed 162
Transferred:           27 / 29, 93%
Elapsed time:     11m18.9s
Transferring:
 *                             model.safetensors:  0% /2.875Gi, 3.629Mi/s, 13m23
 *                                tokenizer.json:100% /6.706Mi, 980.980Ki/s, 0sTransferred:   	    1.530 GiB / 4.376 GiB, 35%, 3.024 MiB/s, ETA 16m3s
Errors:                 2 (retrying may help)
Checks:                54 / 54, 100%, Listed 162
Transferred:           27 / 29, 93%
Elapsed time:     11m19.4s
Transferring:
 *                             model.safetensors:  1% /2.875Gi, 3.750Mi/s, 12m57
 *                                tokenizer.json:100% /6.706Mi, 980.980Ki/s, 0sTransferred:   	    1.530 GiB / 4.376 GiB, 35%, 3.007 MiB/s, ETA 16m9s
Errors:                 2 (retrying may help)
Checks:                54 / 54, 100%, Listed 162
Transferred:           27 / 29, 93%
Elapsed time:     11m19.9s
Transferring:
 *                             model.safetensors:  1% /2.875Gi, 3.750Mi/s, 12m57
 *                                tokenizer.json:100% /6.706Mi, 858.358Ki/s, 0sTransferred:   	    1.530 GiB / 4.382 GiB, 35%, 3.007 MiB/s, ETA 16m11s
Errors:                 2 (retrying may help)
Checks:                54 / 54, 100%, Listed 162
Transferred:           27 / 29, 93%
Elapsed time:     11m20.4s
Transferring:
 *                             model.safetensors:  1% /2.875Gi, 3.333Mi/s, 14m34
 *                                tokenizer.json:  0% /6.706Mi, 0/s, -Transferred:   	    1.530 GiB / 4.382 GiB, 35%, 2.819 MiB/s, ETA 17m16s
Errors:                 2 (retrying may help)
Checks:                54 / 54, 100%, Listed 162
Transferred:           27 / 29, 93%
Elapsed time:     11m20.9s
Transferring:
 *                             model.safetensors:  1% /2.875Gi, 3.333Mi/s, 14m34
 *                                tokenizer.json:  0% /6.706Mi, 0/s, -Transferred:   	    1.530 GiB / 1.536 GiB, 100%, 2.819 MiB/s, ETA 2s
Errors:                 2 (retrying may help)
Checks:                54 / 54, 100%, Listed 162
Transferred:           27 / 29, 93%
Elapsed time:     11m21.4s
Transferring:
 *                             model.safetensors: transferring
 *                                tokenizer.json:  0% /6.706Mi, 0/s, -Transferred:   	    1.532 GiB / 1.536 GiB, 100%, 2.643 MiB/s, ETA 1s
Errors:                 2 (retrying may help)
Checks:                54 / 54, 100%, Listed 162
Transferred:           27 / 29, 93%
Elapsed time:     11m21.9s
Transferring:
 *                             model.safetensors: transferring
 *                                tokenizer.json: 39% /6.706Mi, 0/s, -Transferred:   	    1.534 GiB / 1.536 GiB, 100%, 2.643 MiB/s, ETA 0s
Errors:                 2 (retrying may help)
Checks:                54 / 54, 100%, Listed 162
Transferred:           27 / 29, 93%
Elapsed time:     11m22.4s
Transferring:
 *                             model.safetensors: transferring
 *                                tokenizer.json: 63% /6.706Mi, 1.311Mi/s, 1sTransferred:   	    1.535 GiB / 1.536 GiB, 100%, 2.786 MiB/s, ETA 0s
Errors:                 2 (retrying may help)
Checks:                54 / 54, 100%, Listed 162
Transferred:           27 / 29, 93%
Elapsed time:     11m22.9s
Transferring:
 *                             model.safetensors: transferring
 *                                tokenizer.json: 86% /6.706Mi, 1.311Mi/s, 0sTransferred:   	    1.536 GiB / 4.412 GiB, 35%, 2.786 MiB/s, ETA 17m36s
Errors:                 2 (retrying may help)
Checks:                54 / 54, 100%, Listed 162
Transferred:           27 / 29, 93%
Elapsed time:     11m23.4s
Transferring:
 *                             model.safetensors:  0% /2.875Gi, 0/s, -
 *                                tokenizer.json:100% /6.706Mi, 2.235Mi/s, 0sTransferred:   	    1.540 GiB / 4.412 GiB, 35%, 2.723 MiB/s, ETA 17m59s
Errors:                 2 (retrying may help)
Checks:                54 / 54, 100%, Listed 162
Transferred:           27 / 29, 93%
Elapsed time:     11m23.9s
Transferring:
 *                             model.safetensors:  0% /2.875Gi, 0/s, -
 *                                tokenizer.json:100% /6.706Mi, 2.235Mi/s, 0sTransferred:   	    1.541 GiB / 4.412 GiB, 35%, 2.723 MiB/s, ETA 17m59s
Errors:                 2 (retrying may help)
Checks:                54 / 54, 100%, Listed 162
Transferred:           27 / 29, 93%
Elapsed time:     11m24.4s
Transferring:
 *                             model.safetensors:  0% /2.875Gi, 5.000Mi/s, 9m47s
 *                                tokenizer.json:100% /6.706Mi, 1.676Mi/s, 0sTransferred:   	    1.542 GiB / 4.412 GiB, 35%, 2.916 MiB/s, ETA 16m47s
Errors:                 2 (retrying may help)
Checks:                54 / 54, 100%, Listed 162
Transferred:           27 / 29, 93%
Elapsed time:     11m24.9s
Transferring:
 *                             model.safetensors:  0% /2.875Gi, 5.000Mi/s, 9m47s
 *                                tokenizer.json:100% /6.706Mi, 1.676Mi/s, 0sTransferred:   	    1.544 GiB / 4.412 GiB, 35%, 2.916 MiB/s, ETA 16m47s
Errors:                 2 (retrying may help)
Checks:                54 / 54, 100%, Listed 162
Transferred:           27 / 29, 93%
Elapsed time:     11m25.4s
Transferring:
 *                             model.safetensors:  0% /2.875Gi, 3.859Mi/s, 12m40
 *                                tokenizer.json:100% /6.706Mi, 1.341Mi/s, 0sTransferred:   	    1.551 GiB / 4.412 GiB, 35%, 3.085 MiB/s, ETA 15m49s
Errors:                 2 (retrying may help)
Checks:                54 / 54, 100%, Listed 162
Transferred:           27 / 29, 93%
Elapsed time:     11m25.9s
Transferring:
 *                             model.safetensors:  0% /2.875Gi, 3.859Mi/s, 12m39
 *                                tokenizer.json:100% /6.706Mi, 1.341Mi/s, 0sTransferred:   	    1.552 GiB / 4.412 GiB, 35%, 3.085 MiB/s, ETA 15m49s
Errors:                 2 (retrying may help)
Checks:                54 / 54, 100%, Listed 162
Transferred:           27 / 29, 93%
Elapsed time:     11m26.4s
Transferring:
 *                             model.safetensors:  0% /2.875Gi, 5.260Mi/s, 9m16s
 *                                tokenizer.json:100% /6.706Mi, 1.118Mi/s, 0s
2026/03/19 16:21:59 ERROR : tokenizer.json: Failed to copy: operation error S3: PutObject, exceeded maximum number of attempts, 1, https response error StatusCode: 500, RequestID: , HostID: , error while deserializing xml error response : XML syntax error on line 6: element <hr> closed by </body>
Transferred:   	    1.552 GiB / 4.412 GiB, 35%, 3.085 MiB/s, ETA 15m49s
Errors:                 3 (retrying may help)
Checks:                54 / 54, 100%, Listed 162
Transferred:           27 / 29, 93%
Elapsed time:     11m26.5s
Transferring:
 *                             model.safetensors:  0% /2.875Gi, 5.260Mi/s, 9m16s
 *                                tokenizer.json: transferringTransferred:   	    1.552 GiB / 4.412 GiB, 35%, 3.164 MiB/s, ETA 15m25s
Errors:                 3 (retrying may help)
Checks:                54 / 54, 100%, Listed 162
Transferred:           27 / 28, 96%
Elapsed time:     11m26.9s
Transferring:
 *                             model.safetensors:  0% /2.875Gi, 5.260Mi/s, 9m16sTransferred:   	    1.557 GiB / 4.412 GiB, 35%, 3.164 MiB/s, ETA 15m23s
Errors:                 3 (retrying may help)
Checks:                54 / 54, 100%, Listed 162
Transferred:           27 / 28, 96%
Elapsed time:     11m27.4s
Transferring:
 *                             model.safetensors:  0% /2.875Gi, 5.219Mi/s, 9m20sTransferred:   	    1.559 GiB / 4.412 GiB, 35%, 3.380 MiB/s, ETA 14m24s
Errors:                 3 (retrying may help)
Checks:                54 / 54, 100%, Listed 162
Transferred:           27 / 28, 96%
Elapsed time:     11m27.9s
Transferring:
 *                             model.safetensors:  0% /2.875Gi, 5.219Mi/s, 9m19sTransferred:   	    1.559 GiB / 4.412 GiB, 35%, 3.380 MiB/s, ETA 14m24s
Errors:                 3 (retrying may help)
Checks:                54 / 54, 100%, Listed 162
Transferred:           27 / 28, 96%
Elapsed time:     11m28.4s
Transferring:
 *                             model.safetensors:  0% /2.875Gi, 4.644Mi/s, 10m29Transferred:   	    1.559 GiB / 4.412 GiB, 35%, 3.220 MiB/s, ETA 15m7s
Errors:                 3 (retrying may help)
Checks:                54 / 54, 100%, Listed 162
Transferred:           27 / 28, 96%
Elapsed time:     11m28.9s
Transferring:
 *                             model.safetensors:  0% /2.875Gi, 4.644Mi/s, 10m29Transferred:   	    1.564 GiB / 4.412 GiB, 35%, 3.220 MiB/s, ETA 15m5s
Errors:                 3 (retrying may help)
Checks:                54 / 54, 100%, Listed 162
Transferred:           27 / 28, 96%
Elapsed time:     11m29.4s
Transferring:
 *                             model.safetensors:  0% /2.875Gi, 4.583Mi/s, 10m36Transferred:   	    1.564 GiB / 4.412 GiB, 35%, 3.346 MiB/s, ETA 14m31s
Errors:                 3 (retrying may help)
Checks:                54 / 54, 100%, Listed 162
Transferred:           27 / 28, 96%
Elapsed time:     11m29.9s
Transferring:
 *                             model.safetensors:  0% /2.875Gi, 4.583Mi/s, 10m36Transferred:   	    1.564 GiB / 4.412 GiB, 35%, 3.346 MiB/s, ETA 14m31s
Errors:                 3 (retrying may help)
Checks:                54 / 54, 100%, Listed 162
Transferred:           27 / 28, 96%
Elapsed time:     11m30.4s
Transferring:
 *                             model.safetensors:  0% /2.875Gi, 4.067Mi/s, 11m56Transferred:   	    1.564 GiB / 4.412 GiB, 35%, 3.137 MiB/s, ETA 15m29s
Errors:                 3 (retrying may help)
Checks:                54 / 54, 100%, Listed 162
Transferred:           27 / 28, 96%
Elapsed time:     11m30.9s
Transferring:
 *                             model.safetensors:  0% /2.875Gi, 4.067Mi/s, 11m56Transferred:   	    1.564 GiB / 4.412 GiB, 35%, 3.137 MiB/s, ETA 15m29s
Errors:                 3 (retrying may help)
Checks:                54 / 54, 100%, Listed 162
Transferred:           27 / 28, 96%
Elapsed time:     11m31.4s
Transferring:
 *                             model.safetensors:  0% /2.875Gi, 3.559Mi/s, 13m39Transferred:   	    1.564 GiB / 4.412 GiB, 35%, 2.941 MiB/s, ETA 16m31s
Errors:                 3 (retrying may help)
Checks:                54 / 54, 100%, Listed 162
Transferred:           27 / 28, 96%
Elapsed time:     11m31.9s
Transferring:
 *                             model.safetensors:  0% /2.875Gi, 3.559Mi/s, 13m39Transferred:   	    1.564 GiB / 4.412 GiB, 35%, 2.941 MiB/s, ETA 16m31s
Errors:                 3 (retrying may help)
Checks:                54 / 54, 100%, Listed 162
Transferred:           27 / 28, 96%
Elapsed time:     11m32.4s
Transferring:
 *                             model.safetensors:  0% /2.875Gi, 3.163Mi/s, 15m21Transferred:   	    1.564 GiB / 4.412 GiB, 35%, 2.757 MiB/s, ETA 17m37s
Errors:                 3 (retrying may help)
Checks:                54 / 54, 100%, Listed 162
Transferred:           27 / 28, 96%
Elapsed time:     11m32.9s
Transferring:
 *                             model.safetensors:  0% /2.875Gi, 3.163Mi/s, 15m21Transferred:   	    1.564 GiB / 4.412 GiB, 35%, 2.757 MiB/s, ETA 17m37s
Errors:                 3 (retrying may help)
Checks:                54 / 54, 100%, Listed 162
Transferred:           27 / 28, 96%
Elapsed time:     11m33.4s
Transferring:
 *                             model.safetensors:  0% /2.875Gi, 2.847Mi/s, 17m4sTransferred:   	    1.564 GiB / 4.412 GiB, 35%, 2.585 MiB/s, ETA 18m47s
Errors:                 3 (retrying may help)
Checks:                54 / 54, 100%, Listed 162
Transferred:           27 / 28, 96%
Elapsed time:     11m33.9s
Transferring:
 *                             model.safetensors:  0% /2.875Gi, 2.847Mi/s, 17m4sTransferred:   	    1.564 GiB / 4.412 GiB, 35%, 2.585 MiB/s, ETA 18m47s
Errors:                 3 (retrying may help)
Checks:                54 / 54, 100%, Listed 162
Transferred:           27 / 28, 96%
Elapsed time:     11m34.4s
Transferring:
 *                             model.safetensors:  0% /2.875Gi, 2.588Mi/s, 18m46Transferred:   	    1.564 GiB / 4.412 GiB, 35%, 2.424 MiB/s, ETA 20m3s
Errors:                 3 (retrying may help)
Checks:                54 / 54, 100%, Listed 162
Transferred:           27 / 28, 96%
Elapsed time:     11m34.9s
Transferring:
 *                             model.safetensors:  0% /2.875Gi, 2.588Mi/s, 18m46Transferred:   	    1.564 GiB / 1.564 GiB, 100%, 2.424 MiB/s, ETA 0s
Errors:                 3 (retrying may help)
Checks:                54 / 54, 100%, Listed 162
Transferred:           27 / 28, 96%
Elapsed time:     11m35.4s
Transferring:
 *                             model.safetensors: transferringTransferred:   	    1.567 GiB / 4.439 GiB, 35%, 2.407 MiB/s, ETA 20m22s
Errors:                 3 (retrying may help)
Checks:                54 / 54, 100%, Listed 162
Transferred:           27 / 28, 96%
Elapsed time:     11m35.9s
Transferring:
 *                             model.safetensors:  0% /2.875Gi, 0/s, -Transferred:   	    1.573 GiB / 4.439 GiB, 35%, 2.407 MiB/s, ETA 20m19s
Errors:                 3 (retrying may help)
Checks:                54 / 54, 100%, Listed 162
Transferred:           27 / 28, 96%
Elapsed time:     11m36.4s
Transferring:
 *                             model.safetensors:  0% /2.875Gi, 0/s, -Transferred:   	    1.576 GiB / 4.439 GiB, 35%, 2.770 MiB/s, ETA 17m38s
Errors:                 3 (retrying may help)
Checks:                54 / 54, 100%, Listed 162
Transferred:           27 / 28, 96%
Elapsed time:     11m36.9s
Transferring:
 *                             model.safetensors:  0% /2.875Gi, 9.655Mi/s, 5m3sTransferred:   	    1.576 GiB / 4.439 GiB, 36%, 2.770 MiB/s, ETA 17m38s
Errors:                 3 (retrying may help)
Checks:                54 / 54, 100%, Listed 162
Transferred:           27 / 28, 96%
Elapsed time:     11m37.4s
Transferring:
 *                             model.safetensors:  0% /2.875Gi, 9.655Mi/s, 5m3sTransferred:   	    1.579 GiB / 4.439 GiB, 36%, 2.822 MiB/s, ETA 17m18s
Errors:                 3 (retrying may help)
Checks:                54 / 54, 100%, Listed 162
Transferred:           27 / 28, 96%
Elapsed time:     11m37.9s
Transferring:
 *                             model.safetensors:  0% /2.875Gi, 6.359Mi/s, 7m40sTransferred:   	    1.581 GiB / 4.439 GiB, 36%, 2.822 MiB/s, ETA 17m17s
Errors:                 3 (retrying may help)
Checks:                54 / 54, 100%, Listed 162
Transferred:           27 / 28, 96%
Elapsed time:     11m38.4s
Transferring:
 *                             model.safetensors:  0% /2.875Gi, 6.359Mi/s, 7m40sTransferred:   	    1.582 GiB / 4.439 GiB, 36%, 2.868 MiB/s, ETA 17m
Errors:                 3 (retrying may help)
Checks:                54 / 54, 100%, Listed 162
Transferred:           27 / 28, 96%
Elapsed time:     11m38.9s
Transferring:
 *                             model.safetensors:  0% /2.875Gi, 5.844Mi/s, 8m20sTransferred:   	    1.588 GiB / 4.439 GiB, 36%, 2.868 MiB/s, ETA 16m58s
Errors:                 3 (retrying may help)
Checks:                54 / 54, 100%, Listed 162
Transferred:           27 / 28, 96%
Elapsed time:     11m39.4s
Transferring:
 *                             model.safetensors:  0% /2.875Gi, 5.844Mi/s, 8m19sTransferred:   	    1.591 GiB / 4.439 GiB, 36%, 3.105 MiB/s, ETA 15m39s
Errors:                 3 (retrying may help)
Checks:                54 / 54, 100%, Listed 162
Transferred:           27 / 28, 96%
Elapsed time:     11m39.9s
Transferring:
 *                             model.safetensors:  0% /2.875Gi, 6.047Mi/s, 8m2sTransferred:   	    1.593 GiB / 4.439 GiB, 36%, 3.105 MiB/s, ETA 15m39s
Errors:                 3 (retrying may help)
Checks:                54 / 54, 100%, Listed 162
Transferred:           27 / 28, 96%
Elapsed time:     11m40.4s
Transferring:
 *                             model.safetensors:  0% /2.875Gi, 6.047Mi/s, 8m2sTransferred:   	    1.593 GiB / 4.439 GiB, 36%, 3.223 MiB/s, ETA 15m4s
Errors:                 3 (retrying may help)
Checks:                54 / 54, 100%, Listed 162
Transferred:           27 / 28, 96%
Elapsed time:     11m40.9s
Transferring:
 *                             model.safetensors:  1% /2.875Gi, 5.837Mi/s, 8m19sTransferred:   	    1.597 GiB / 4.439 GiB, 36%, 3.223 MiB/s, ETA 15m3s
Errors:                 3 (retrying may help)
Checks:                54 / 54, 100%, Listed 162
Transferred:           27 / 28, 96%
Elapsed time:     11m41.4s
Transferring:
 *                             model.safetensors:  1% /2.875Gi, 5.837Mi/s, 8m18sTransferred:   	    1.598 GiB / 4.439 GiB, 36%, 3.291 MiB/s, ETA 14m44s
Errors:                 3 (retrying may help)
Checks:                54 / 54, 100%, Listed 162
Transferred:           27 / 28, 96%
Elapsed time:     11m41.9s
Transferring:
 *                             model.safetensors:  1% /2.875Gi, 5.583Mi/s, 8m41sTransferred:   	    1.598 GiB / 4.439 GiB, 36%, 3.291 MiB/s, ETA 14m44s
Errors:                 3 (retrying may help)
Checks:                54 / 54, 100%, Listed 162
Transferred:           27 / 28, 96%
Elapsed time:     11m42.4s
Transferring:
 *                             model.safetensors:  1% /2.875Gi, 5.583Mi/s, 8m41sTransferred:   	    1.598 GiB / 4.439 GiB, 36%, 3.179 MiB/s, ETA 15m15s
Errors:                 3 (retrying may help)
Checks:                54 / 54, 100%, Listed 162
Transferred:           27 / 28, 96%
Elapsed time:     11m42.9s
Transferring:
 *                             model.safetensors:  1% /2.875Gi, 5.000Mi/s, 9m41sTransferred:   	    1.598 GiB / 4.439 GiB, 36%, 3.179 MiB/s, ETA 15m15s
Errors:                 3 (retrying may help)
Checks:                54 / 54, 100%, Listed 162
Transferred:           27 / 28, 96%
Elapsed time:     11m43.4s
Transferring:
 *                             model.safetensors:  1% /2.875Gi, 5.000Mi/s, 9m41sTransferred:   	    1.598 GiB / 4.439 GiB, 36%, 2.981 MiB/s, ETA 16m16s
Errors:                 3 (retrying may help)
Checks:                54 / 54, 100%, Listed 162
Transferred:           27 / 28, 96%
Elapsed time:     11m43.9s
Transferring:
 *                             model.safetensors:  1% /2.875Gi, 4.375Mi/s, 11m5sTransferred:   	    1.598 GiB / 4.439 GiB, 36%, 2.981 MiB/s, ETA 16m16s
Errors:                 3 (retrying may help)
Checks:                54 / 54, 100%, Listed 162
Transferred:           27 / 28, 96%
Elapsed time:     11m44.4s
Transferring:
 *                             model.safetensors:  1% /2.875Gi, 4.375Mi/s, 11m5sTransferred:   	    1.598 GiB / 4.439 GiB, 36%, 2.794 MiB/s, ETA 17m21s
Errors:                 3 (retrying may help)
Checks:                54 / 54, 100%, Listed 162
Transferred:           27 / 28, 96%
Elapsed time:     11m44.9s
Transferring:
 *                             model.safetensors:  1% /2.875Gi, 3.889Mi/s, 12m28Transferred:   	    1.598 GiB / 1.598 GiB, 100%, 2.794 MiB/s, ETA 0s
Errors:                 3 (retrying may help)
Checks:                54 / 54, 100%, Listed 162
Transferred:           27 / 28, 96%
Elapsed time:     11m45.4s
Transferring:
 *                             model.safetensors: transferringTransferred:   	    1.601 GiB / 4.474 GiB, 36%, 2.620 MiB/s, ETA 18m42s
Errors:                 3 (retrying may help)
Checks:                54 / 54, 100%, Listed 162
Transferred:           27 / 28, 96%
Elapsed time:     11m45.9s
Transferring:
 *                             model.safetensors:  0% /2.875Gi, 0/s, -Transferred:   	    1.605 GiB / 4.474 GiB, 36%, 2.620 MiB/s, ETA 18m41s
Errors:                 3 (retrying may help)
Checks:                54 / 54, 100%, Listed 162
Transferred:           27 / 28, 96%
Elapsed time:     11m46.4s
Transferring:
 *                             model.safetensors:  0% /2.875Gi, 0/s, -Transferred:   	    1.607 GiB / 4.474 GiB, 36%, 2.919 MiB/s, ETA 16m45s
Errors:                 3 (retrying may help)
Checks:                54 / 54, 100%, Listed 162
Transferred:           27 / 28, 96%
Elapsed time:     11m46.9s
Transferring:
 *                             model.safetensors:  0% /2.875Gi, 8.656Mi/s, 5m39sTransferred:   	    1.607 GiB / 4.474 GiB, 36%, 2.919 MiB/s, ETA 16m45s
Errors:                 3 (retrying may help)
Checks:                54 / 54, 100%, Listed 162
Transferred:           27 / 28, 96%
Elapsed time:     11m47.4s
Transferring:
 *                             model.safetensors:  0% /2.875Gi, 8.656Mi/s, 5m39sTransferred:   	    1.608 GiB / 4.474 GiB, 36%, 2.855 MiB/s, ETA 17m7s
Errors:                 3 (retrying may help)
Checks:                54 / 54, 100%, Listed 162
Transferred:           27 / 28, 96%
Elapsed time:     11m47.9s
Transferring:
 *                             model.safetensors:  0% /2.875Gi, 4.656Mi/s, 10m30Transferred:   	    1.610 GiB / 4.474 GiB, 36%, 2.855 MiB/s, ETA 17m6s
Errors:                 3 (retrying may help)
Checks:                54 / 54, 100%, Listed 162
Transferred:           27 / 28, 96%
Elapsed time:     11m48.4s
Transferring:
 *                             model.safetensors:  0% /2.875Gi, 4.656Mi/s, 10m29Transferred:   	    1.612 GiB / 4.474 GiB, 36%, 2.872 MiB/s, ETA 17m
Errors:                 3 (retrying may help)
Checks:                54 / 54, 100%, Listed 162
Transferred:           27 / 28, 96%
Elapsed time:     11m48.9s
Transferring:
 *                             model.safetensors:  0% /2.875Gi, 4.510Mi/s, 10m49Transferred:   	    1.620 GiB / 4.474 GiB, 36%, 2.872 MiB/s, ETA 16m57s
Errors:                 3 (retrying may help)
Checks:                54 / 54, 100%, Listed 162
Transferred:           27 / 28, 96%
Elapsed time:     11m49.4s
Transferring:
 *                             model.safetensors:  0% /2.875Gi, 4.510Mi/s, 10m47Transferred:   	    1.623 GiB / 4.474 GiB, 36%, 3.324 MiB/s, ETA 14m38s
Errors:                 3 (retrying may help)
Checks:                54 / 54, 100%, Listed 162
Transferred:           27 / 28, 96%
Elapsed time:     11m49.9s
Transferring:
 *                             model.safetensors:  0% /2.875Gi, 5.633Mi/s, 8m38sTransferred:   	    1.623 GiB / 4.474 GiB, 36%, 3.324 MiB/s, ETA 14m38s
Errors:                 3 (retrying may help)
Checks:                54 / 54, 100%, Listed 162
Transferred:           27 / 28, 96%
Elapsed time:     11m50.4s
Transferring:
 *                             model.safetensors:  0% /2.875Gi, 5.633Mi/s, 8m38sTransferred:   	    1.624 GiB / 4.474 GiB, 36%, 3.335 MiB/s, ETA 14m35s
Errors:                 3 (retrying may help)
Checks:                54 / 54, 100%, Listed 162
Transferred:           27 / 28, 96%
Elapsed time:     11m50.9s
Transferring:
 *                             model.safetensors:  0% /2.875Gi, 5.206Mi/s, 9m20sTransferred:   	    1.625 GiB / 4.474 GiB, 36%, 3.335 MiB/s, ETA 14m34s
Errors:                 3 (retrying may help)
Checks:                54 / 54, 100%, Listed 162
Transferred:           27 / 28, 96%
Elapsed time:     11m51.4s
Transferring:
 *                             model.safetensors:  0% /2.875Gi, 5.206Mi/s, 9m20sTransferred:   	    1.626 GiB / 4.474 GiB, 36%, 3.255 MiB/s, ETA 14m55s
Errors:                 3 (retrying may help)
Checks:                54 / 54, 100%, Listed 162
Transferred:           27 / 28, 96%
Elapsed time:     11m51.9s
Transferring:
 *                             model.safetensors:  0% /2.875Gi, 4.786Mi/s, 10m9sTransferred:   	    1.626 GiB / 4.474 GiB, 36%, 3.255 MiB/s, ETA 14m55s
Errors:                 3 (retrying may help)
Checks:                54 / 54, 100%, Listed 162
Transferred:           27 / 28, 96%
Elapsed time:     11m52.4s
Transferring:
 *                             model.safetensors:  0% /2.875Gi, 4.786Mi/s, 10m9sTransferred:   	    1.626 GiB / 4.474 GiB, 36%, 3.091 MiB/s, ETA 15m43s
Errors:                 3 (retrying may help)
Checks:                54 / 54, 100%, Listed 162
Transferred:           27 / 28, 96%
Elapsed time:     11m52.9s
Transferring:
 *                             model.safetensors:  0% /2.875Gi, 4.103Mi/s, 11m50Transferred:   	    1.626 GiB / 1.626 GiB, 100%, 3.091 MiB/s, ETA 0s
Errors:                 3 (retrying may help)
Checks:                54 / 54, 100%, Listed 162
Transferred:           27 / 28, 96%
Elapsed time:     11m53.4s
Transferring:
 *                             model.safetensors: transferringTransferred:   	    1.629 GiB / 4.502 GiB, 36%, 2.898 MiB/s, ETA 16m55s
Errors:                 3 (retrying may help)
Checks:                54 / 54, 100%, Listed 162
Transferred:           27 / 28, 96%
Elapsed time:     11m53.9s
Transferring:
 *                             model.safetensors:  0% /2.875Gi, 0/s, -Transferred:   	    1.631 GiB / 4.502 GiB, 36%, 2.898 MiB/s, ETA 16m54s
Errors:                 3 (retrying may help)
Checks:                54 / 54, 100%, Listed 162
Transferred:           27 / 28, 96%
Elapsed time:     11m54.4s
Transferring:
 *                             model.safetensors:  0% /2.875Gi, 0/s, -Transferred:   	    1.631 GiB / 4.502 GiB, 36%, 3.029 MiB/s, ETA 16m10s
Errors:                 3 (retrying may help)
Checks:                54 / 54, 100%, Listed 162
Transferred:           27 / 28, 96%
Elapsed time:     11m54.9s
Transferring:
 *                             model.safetensors:  0% /2.875Gi, 5.000Mi/s, 9m47sTransferred:   	    1.634 GiB / 4.502 GiB, 36%, 3.029 MiB/s, ETA 16m9s
Errors:                 3 (retrying may help)
Checks:                54 / 54, 100%, Listed 162
Transferred:           27 / 28, 96%
Elapsed time:     11m55.4s
Transferring:
 *                             model.safetensors:  0% /2.875Gi, 5.000Mi/s, 9m47sTransferred:   	    1.636 GiB / 4.502 GiB, 36%, 3.076 MiB/s, ETA 15m53s
Errors:                 3 (retrying may help)
Checks:                54 / 54, 100%, Listed 162
Transferred:           27 / 28, 96%
Elapsed time:     11m55.9s
Transferring:
 *                             model.safetensors:  0% /2.875Gi, 4.391Mi/s, 11m8sTransferred:   	    1.636 GiB / 4.502 GiB, 36%, 3.076 MiB/s, ETA 15m53s
Errors:                 3 (retrying may help)
Checks:                54 / 54, 100%, Listed 162
Transferred:           27 / 28, 96%
Elapsed time:     11m56.4s
Transferring:
 *                             model.safetensors:  0% /2.875Gi, 4.391Mi/s, 11m8sTransferred:   	    1.642 GiB / 4.502 GiB, 36%, 3.239 MiB/s, ETA 15m3s
Errors:                 3 (retrying may help)
Checks:                54 / 54, 100%, Listed 162
Transferred:           27 / 28, 96%
Elapsed time:     11m56.9s
Transferring:
 *                             model.safetensors:  0% /2.875Gi, 4.823Mi/s, 10m7sTransferred:   	    1.645 GiB / 4.502 GiB, 37%, 3.239 MiB/s, ETA 15m3s
Errors:                 3 (retrying may help)
Checks:                54 / 54, 100%, Listed 162
Transferred:           27 / 28, 96%
Elapsed time:     11m57.4s
Transferring:
 *                             model.safetensors:  0% /2.875Gi, 4.823Mi/s, 10m6sTransferred:   	    1.647 GiB / 4.502 GiB, 37%, 3.345 MiB/s, ETA 14m33s
Errors:                 3 (retrying may help)
Checks:                54 / 54, 100%, Listed 162
Transferred:           27 / 28, 96%
Elapsed time:     11m57.9s
Transferring:
 *                             model.safetensors:  0% /2.875Gi, 4.922Mi/s, 9m53sTransferred:   	    1.649 GiB / 4.502 GiB, 37%, 3.345 MiB/s, ETA 14m33s
Errors:                 3 (retrying may help)
Checks:                54 / 54, 100%, Listed 162
Transferred:           27 / 28, 96%
Elapsed time:     11m58.4s
Transferring:
 *                             model.safetensors:  0% /2.875Gi, 4.922Mi/s, 9m53sTransferred:   	    1.651 GiB / 4.502 GiB, 37%, 3.404 MiB/s, ETA 14m17s
Errors:                 3 (retrying may help)
Checks:                54 / 54, 100%, Listed 162
Transferred:           27 / 28, 96%
Elapsed time:     11m58.9s
Transferring:
 *                             model.safetensors:  0% /2.875Gi, 4.744Mi/s, 10m15Transferred:   	    1.655 GiB / 4.502 GiB, 37%, 3.404 MiB/s, ETA 14m16s
Errors:                 3 (retrying may help)
Checks:                54 / 54, 100%, Listed 162
Transferred:           27 / 28, 96%
Elapsed time:     11m59.4s
Transferring:
 *                             model.safetensors:  1% /2.875Gi, 4.744Mi/s, 10m14Transferred:   	    1.656 GiB / 4.502 GiB, 37%, 3.586 MiB/s, ETA 13m32s
Errors:                 3 (retrying may help)
Checks:                54 / 54, 100%, Listed 162
Transferred:           27 / 28, 96%
Elapsed time:     11m59.9s
Transferring:
 *                             model.safetensors:  1% /2.875Gi, 5.000Mi/s, 9m42sTransferred:   	    1.656 GiB / 4.502 GiB, 37%, 3.586 MiB/s, ETA 13m32s
Errors:                 3 (retrying may help)
Checks:                54 / 54, 100%, Listed 162
Transferred:           27 / 28, 96%
Elapsed time:      12m0.4s
Transferring:
 *                             model.safetensors:  1% /2.875Gi, 5.000Mi/s, 9m42sTransferred:   	    1.659 GiB / 4.502 GiB, 37%, 3.526 MiB/s, ETA 13m45s
Errors:                 3 (retrying may help)
Checks:                54 / 54, 100%, Listed 162
Transferred:           27 / 28, 96%
Elapsed time:      12m0.9s
Transferring:
 *                             model.safetensors:  1% /2.875Gi, 4.661Mi/s, 10m24Transferred:   	    1.660 GiB / 4.502 GiB, 37%, 3.526 MiB/s, ETA 13m45s
Errors:                 3 (retrying may help)
Checks:                54 / 54, 100%, Listed 162
Transferred:           27 / 28, 96%
Elapsed time:      12m1.4s
Transferring:
 *                             model.safetensors:  1% /2.875Gi, 4.661Mi/s, 10m24Transferred:   	    1.660 GiB / 4.502 GiB, 37%, 3.407 MiB/s, ETA 14m14s
Errors:                 3 (retrying may help)
Checks:                54 / 54, 100%, Listed 162
Transferred:           27 / 28, 96%
Elapsed time:      12m1.9s
Transferring:
 *                             model.safetensors:  1% /2.875Gi, 4.281Mi/s, 11m19Transferred:   	    1.660 GiB / 4.502 GiB, 37%, 3.407 MiB/s, ETA 14m14s
Errors:                 3 (retrying may help)
Checks:                54 / 54, 100%, Listed 162
Transferred:           27 / 28, 96%
Elapsed time:      12m2.4s
Transferring:
 *                             model.safetensors:  1% /2.875Gi, 4.281Mi/s, 11m19Transferred:   	    1.660 GiB / 4.502 GiB, 37%, 3.194 MiB/s, ETA 15m11s
Errors:                 3 (retrying may help)
Checks:                54 / 54, 100%, Listed 162
Transferred:           27 / 28, 96%
Elapsed time:      12m2.9s
Transferring:
 *                             model.safetensors:  1% /2.875Gi, 3.806Mi/s, 12m44Transferred:   	    1.660 GiB / 4.502 GiB, 37%, 3.194 MiB/s, ETA 15m11s
Errors:                 3 (retrying may help)
Checks:                54 / 54, 100%, Listed 162
Transferred:           27 / 28, 96%
Elapsed time:      12m3.4s
Transferring:
 *                             model.safetensors:  1% /2.875Gi, 3.806Mi/s, 12m44Transferred:   	    1.660 GiB / 4.502 GiB, 37%, 2.994 MiB/s, ETA 16m11s
Errors:                 3 (retrying may help)
Checks:                54 / 54, 100%, Listed 162
Transferred:           27 / 28, 96%
Elapsed time:      12m4.0s
Transferring:
 *                             model.safetensors:  1% /2.875Gi, 3.425Mi/s, 14m9sTransferred:   	    1.660 GiB / 4.502 GiB, 37%, 2.994 MiB/s, ETA 16m11s
Errors:                 3 (retrying may help)
Checks:                54 / 54, 100%, Listed 162
Transferred:           27 / 28, 96%
Elapsed time:      12m4.4s
Transferring:
 *                             model.safetensors:  1% /2.875Gi, 3.425Mi/s, 14m9sTransferred:   	    1.660 GiB / 4.502 GiB, 37%, 2.807 MiB/s, ETA 17m16s
Errors:                 3 (retrying may help)
Checks:                54 / 54, 100%, Listed 162
Transferred:           27 / 28, 96%
Elapsed time:      12m4.9s
Transferring:
 *                             model.safetensors:  1% /2.875Gi, 3.114Mi/s, 15m34Transferred:   	    1.660 GiB / 1.660 GiB, 100%, 2.807 MiB/s, ETA 0s
Errors:                 3 (retrying may help)
Checks:                54 / 54, 100%, Listed 162
Transferred:           27 / 28, 96%
Elapsed time:      12m5.4s
Transferring:
 *                             model.safetensors: transferringTransferred:   	    1.665 GiB / 4.535 GiB, 37%, 2.632 MiB/s, ETA 18m36s
Errors:                 3 (retrying may help)
Checks:                54 / 54, 100%, Listed 162
Transferred:           27 / 28, 96%
Elapsed time:      12m5.9s
Transferring:
 *                             model.safetensors:  0% /2.875Gi, 0/s, -Transferred:   	    1.670 GiB / 4.535 GiB, 37%, 2.632 MiB/s, ETA 18m34s
Errors:                 3 (retrying may help)
Checks:                54 / 54, 100%, Listed 162
Transferred:           27 / 28, 96%
Elapsed time:      12m6.4s
Transferring:
 *                             model.safetensors:  0% /2.875Gi, 0/s, -Transferred:   	    1.670 GiB / 4.535 GiB, 37%, 3.143 MiB/s, ETA 15m33s
Errors:                 3 (retrying may help)
Checks:                54 / 54, 100%, Listed 162
Transferred:           27 / 28, 96%
Elapsed time:      12m6.9s
Transferring:
 *                             model.safetensors:  0% /2.875Gi, 10.812Mi/s, 4m31Transferred:   	    1.671 GiB / 4.535 GiB, 37%, 3.143 MiB/s, ETA 15m33s
Errors:                 3 (retrying may help)
Checks:                54 / 54, 100%, Listed 162
Transferred:           27 / 28, 96%
Elapsed time:      12m7.4s
Transferring:
 *                             model.safetensors:  0% /2.875Gi, 10.812Mi/s, 4m31Transferred:   	    1.679 GiB / 4.535 GiB, 37%, 3.034 MiB/s, ETA 16m3s
Errors:                 3 (retrying may help)
Checks:                54 / 54, 100%, Listed 162
Transferred:           27 / 28, 96%
Elapsed time:      12m7.9s
Transferring:
 *                             model.safetensors:  0% /2.875Gi, 6.234Mi/s, 7m49sTransferred:   	    1.679 GiB / 4.535 GiB, 37%, 3.034 MiB/s, ETA 16m3s
Errors:                 3 (retrying may help)
Checks:                54 / 54, 100%, Listed 162
Transferred:           27 / 28, 96%
Elapsed time:      12m8.4s
Transferring:
 *                             model.safetensors:  0% /2.875Gi, 6.234Mi/s, 7m49sTransferred:   	    1.685 GiB / 4.535 GiB, 37%, 3.554 MiB/s, ETA 13m41s
Errors:                 3 (retrying may help)
Checks:                54 / 54, 100%, Listed 162
Transferred:           27 / 28, 96%
Elapsed time:      12m8.9s
Transferring:
 *                             model.safetensors:  0% /2.875Gi, 8.052Mi/s, 6m2sTransferred:   	    1.687 GiB / 4.535 GiB, 37%, 3.554 MiB/s, ETA 13m40s
Errors:                 3 (retrying may help)
Checks:                54 / 54, 100%, Listed 162
Transferred:           27 / 28, 96%
Elapsed time:      12m9.4s
Transferring:
 *                             model.safetensors:  0% /2.875Gi, 8.052Mi/s, 6m2sTransferred:   	    1.688 GiB / 4.535 GiB, 37%, 3.638 MiB/s, ETA 13m21s
Errors:                 3 (retrying may help)
Checks:                54 / 54, 100%, Listed 162
Transferred:           27 / 28, 96%
Elapsed time:      12m9.9s
Transferring:
 *                             model.safetensors:  0% /2.875Gi, 7.180Mi/s, 6m46sTransferred:   	    1.688 GiB / 4.535 GiB, 37%, 3.638 MiB/s, ETA 13m21s
Errors:                 3 (retrying may help)
Checks:                54 / 54, 100%, Listed 162
Transferred:           27 / 28, 96%
Elapsed time:     12m10.4s
Transferring:
 *                             model.safetensors:  1% /2.875Gi, 7.180Mi/s, 6m46sTransferred:   	    1.688 GiB / 4.535 GiB, 37%, 3.473 MiB/s, ETA 13m59s
Errors:                 3 (retrying may help)
Checks:                54 / 54, 100%, Listed 162
Transferred:           27 / 28, 96%
Elapsed time:     12m10.9s
Transferring:
 *                             model.safetensors:  1% /2.875Gi, 5.894Mi/s, 8m14sTransferred:   	    1.688 GiB / 1.688 GiB, 100%, 3.473 MiB/s, ETA 0s
Errors:                 3 (retrying may help)
Checks:                54 / 54, 100%, Listed 162
Transferred:           27 / 28, 96%
Elapsed time:     12m11.4s
Transferring:
 *                             model.safetensors: transferringTransferred:   	    1.688 GiB / 1.688 GiB, 100%, 3.256 MiB/s, ETA 0s
Errors:                 3 (retrying may help)
Checks:                54 / 54, 100%, Listed 162
Transferred:           27 / 28, 96%
Elapsed time:     12m11.9s
Transferring:
 *                             model.safetensors: transferringTransferred:   	    1.694 GiB / 4.564 GiB, 37%, 3.256 MiB/s, ETA 15m2s
Errors:                 3 (retrying may help)
Checks:                54 / 54, 100%, Listed 162
Transferred:           27 / 28, 96%
Elapsed time:     12m12.4s
Transferring:
 *                             model.safetensors:  0% /2.875Gi, 0/s, -Transferred:   	    1.695 GiB / 4.564 GiB, 37%, 3.416 MiB/s, ETA 14m19s
Errors:                 3 (retrying may help)
Checks:                54 / 54, 100%, Listed 162
Transferred:           27 / 28, 96%
Elapsed time:     12m12.9s
Transferring:
 *                             model.safetensors:  0% /2.875Gi, 0/s, -Transferred:   	    1.695 GiB / 4.564 GiB, 37%, 3.416 MiB/s, ETA 14m19s
Errors:                 3 (retrying may help)
Checks:                54 / 54, 100%, Listed 162
Transferred:           27 / 28, 96%
Elapsed time:     12m13.4s
Transferring:
 *                             model.safetensors:  0% /2.875Gi, 6.656Mi/s, 7m21sTransferred:   	    1.700 GiB / 4.564 GiB, 37%, 3.273 MiB/s, ETA 14m55s
Errors:                 3 (retrying may help)
Checks:                54 / 54, 100%, Listed 162
Transferred:           27 / 28, 96%
Elapsed time:     12m13.9s
Transferring:
 *                             model.safetensors:  0% /2.875Gi, 6.656Mi/s, 7m20sTransferred:   	    1.702 GiB / 4.564 GiB, 37%, 3.273 MiB/s, ETA 14m55s
Errors:                 3 (retrying may help)
Checks:                54 / 54, 100%, Listed 162
Transferred:           27 / 28, 96%
Elapsed time:     12m14.4s
Transferring:
 *                             model.safetensors:  0% /2.875Gi, 6.094Mi/s, 8m0sTransferred:   	    1.706 GiB / 4.564 GiB, 37%, 3.584 MiB/s, ETA 13m36s
Errors:                 3 (retrying may help)
Checks:                54 / 54, 100%, Listed 162
Transferred:           27 / 28, 96%
Elapsed time:     12m14.9s
Transferring:
 *                             model.safetensors:  0% /2.875Gi, 6.094Mi/s, 8m0sTransferred:   	    1.712 GiB / 4.564 GiB, 38%, 3.584 MiB/s, ETA 13m34s
Errors:                 3 (retrying may help)
Checks:                54 / 54, 100%, Listed 162
Transferred:           27 / 28, 96%
Elapsed time:     12m15.4s
Transferring:
 *                             model.safetensors:  0% /2.875Gi, 6.198Mi/s, 7m51sTransferred:   	    1.713 GiB / 4.564 GiB, 38%, 3.969 MiB/s, ETA 12m15s
Errors:                 3 (retrying may help)
Checks:                54 / 54, 100%, Listed 162
Transferred:           27 / 28, 96%
Elapsed time:     12m15.9s
Transferring:
 *                             model.safetensors:  0% /2.875Gi, 6.198Mi/s, 7m50sTransferred:   	    1.714 GiB / 4.564 GiB, 38%, 3.969 MiB/s, ETA 12m15s
Errors:                 3 (retrying may help)
Checks:                54 / 54, 100%, Listed 162
Transferred:           27 / 28, 96%
Elapsed time:     12m16.4s
Transferring:
 *                             model.safetensors:  0% /2.875Gi, 6.391Mi/s, 7m36sTransferred:   	    1.714 GiB / 4.564 GiB, 38%, 3.776 MiB/s, ETA 12m52s
Errors:                 3 (retrying may help)
Checks:                54 / 54, 100%, Listed 162
Transferred:           27 / 28, 96%
Elapsed time:     12m16.9s
Transferring:
 *                             model.safetensors:  0% /2.875Gi, 6.391Mi/s, 7m36sTransferred:   	    1.714 GiB / 4.564 GiB, 38%, 3.776 MiB/s, ETA 12m52s
Errors:                 3 (retrying may help)
Checks:                54 / 54, 100%, Listed 162
Transferred:           27 / 28, 96%
Elapsed time:     12m17.4s
Transferring:
 *                             model.safetensors:  0% /2.875Gi, 5.281Mi/s, 9m12sTransferred:   	    1.714 GiB / 4.564 GiB, 38%, 3.593 MiB/s, ETA 13m32s
Errors:                 3 (retrying may help)
Checks:                54 / 54, 100%, Listed 162
Transferred:           27 / 28, 96%
Elapsed time:     12m17.9s
Transferring:
 *                             model.safetensors:  0% /2.875Gi, 5.281Mi/s, 9m12sTransferred:   	    1.714 GiB / 4.564 GiB, 38%, 3.593 MiB/s, ETA 13m32s
Errors:                 3 (retrying may help)
Checks:                54 / 54, 100%, Listed 162
Transferred:           27 / 28, 96%
Elapsed time:     12m18.4s
Transferring:
 *                             model.safetensors:  0% /2.875Gi, 4.443Mi/s, 10m56Transferred:   	    1.714 GiB / 1.714 GiB, 100%, 3.368 MiB/s, ETA 0s
Errors:                 3 (retrying may help)
Checks:                54 / 54, 100%, Listed 162
Transferred:           27 / 28, 96%
Elapsed time:     12m18.9s
Transferring:
 *                             model.safetensors: transferringTransferred:   	    1.714 GiB / 1.714 GiB, 100%, 3.368 MiB/s, ETA 0s
Errors:                 3 (retrying may help)
Checks:                54 / 54, 100%, Listed 162
Transferred:           27 / 28, 96%
Elapsed time:     12m19.4s
Transferring:
 *                             model.safetensors: transferringTransferred:   	    1.714 GiB / 1.714 GiB, 100%, 3.158 MiB/s, ETA 0s
Errors:                 3 (retrying may help)
Checks:                54 / 54, 100%, Listed 162
Transferred:           27 / 28, 96%
Elapsed time:     12m19.9s
Transferring:
 *                             model.safetensors: transferringTransferred:   	    1.718 GiB / 4.590 GiB, 37%, 3.158 MiB/s, ETA 15m31s
Errors:                 3 (retrying may help)
Checks:                54 / 54, 100%, Listed 162
Transferred:           27 / 28, 96%
Elapsed time:     12m20.4s
Transferring:
 *                             model.safetensors:  0% /2.875Gi, 0/s, -Transferred:   	    1.720 GiB / 4.590 GiB, 37%, 3.193 MiB/s, ETA 15m20s
Errors:                 3 (retrying may help)
Checks:                54 / 54, 100%, Listed 162
Transferred:           27 / 28, 96%
Elapsed time:     12m20.9s
Transferring:
 *                             model.safetensors:  0% /2.875Gi, 0/s, -Transferred:   	    1.722 GiB / 4.590 GiB, 38%, 3.193 MiB/s, ETA 15m19s
Errors:                 3 (retrying may help)
Checks:                54 / 54, 100%, Listed 162
Transferred:           27 / 28, 96%
Elapsed time:     12m21.4s
Transferring:
 *                             model.safetensors:  0% /2.875Gi, 5.406Mi/s, 9m3sTransferred:   	    1.723 GiB / 4.590 GiB, 38%, 3.274 MiB/s, ETA 14m56s
Errors:                 3 (retrying may help)
Checks:                54 / 54, 100%, Listed 162
Transferred:           27 / 28, 96%
Elapsed time:     12m21.9s
Transferring:
 *                             model.safetensors:  0% /2.875Gi, 5.406Mi/s, 9m3sTransferred:   	    1.729 GiB / 4.590 GiB, 38%, 3.274 MiB/s, ETA 14m54s
Errors:                 3 (retrying may help)
Checks:                54 / 54, 100%, Listed 162
Transferred:           27 / 28, 96%
Elapsed time:     12m22.4s
Transferring:
 *                             model.safetensors:  0% /2.875Gi, 4.359Mi/s, 11m11Transferred:   	    1.734 GiB / 4.590 GiB, 38%, 3.537 MiB/s, ETA 13m46s
Errors:                 3 (retrying may help)
Checks:                54 / 54, 100%, Listed 162
Transferred:           27 / 28, 96%
Elapsed time:     12m22.9s
Transferring:
 *                             model.safetensors:  0% /2.875Gi, 4.359Mi/s, 11m10Transferred:   	    1.734 GiB / 4.590 GiB, 38%, 3.537 MiB/s, ETA 13m46s
Errors:                 3 (retrying may help)
Checks:                54 / 54, 100%, Listed 162
Transferred:           27 / 28, 96%
Elapsed time:     12m23.4s
Transferring:
 *                             model.safetensors:  0% /2.875Gi, 6.667Mi/s, 7m18sTransferred:   	    1.734 GiB / 4.590 GiB, 38%, 3.585 MiB/s, ETA 13m35s
Errors:                 3 (retrying may help)
Checks:                54 / 54, 100%, Listed 162
Transferred:           27 / 28, 96%
Elapsed time:     12m23.9s
Transferring:
 *                             model.safetensors:  0% /2.875Gi, 6.667Mi/s, 7m18sTransferred:   	    1.735 GiB / 4.590 GiB, 38%, 3.585 MiB/s, ETA 13m35s
Errors:                 3 (retrying may help)
Checks:                54 / 54, 100%, Listed 162
Transferred:           27 / 28, 96%
Elapsed time:     12m24.4s
Transferring:
 *                             model.safetensors:  0% /2.875Gi, 5.000Mi/s, 9m44sTransferred:   	    1.738 GiB / 4.590 GiB, 38%, 3.500 MiB/s, ETA 13m54s
Errors:                 3 (retrying may help)
Checks:                54 / 54, 100%, Listed 162
Transferred:           27 / 28, 96%
Elapsed time:     12m24.9s
Transferring:
 *                             model.safetensors:  0% /2.875Gi, 5.000Mi/s, 9m44sTransferred:   	    1.743 GiB / 4.590 GiB, 38%, 3.500 MiB/s, ETA 13m53s
Errors:                 3 (retrying may help)
Checks:                54 / 54, 100%, Listed 162
Transferred:           27 / 28, 96%
Elapsed time:     12m25.4s
Transferring:
 *                             model.safetensors:  0% /2.875Gi, 4.756Mi/s, 10m13Transferred:   	    1.746 GiB / 4.590 GiB, 38%, 3.693 MiB/s, ETA 13m8s
Errors:                 3 (retrying may help)
Checks:                54 / 54, 100%, Listed 162
Transferred:           27 / 28, 96%
Elapsed time:     12m25.9s
Transferring:
 *                             model.safetensors:  1% /2.875Gi, 4.756Mi/s, 10m12Transferred:   	    1.749 GiB / 4.590 GiB, 38%, 3.693 MiB/s, ETA 13m7s
Errors:                 3 (retrying may help)
Checks:                54 / 54, 100%, Listed 162
Transferred:           27 / 28, 96%
Elapsed time:     12m26.4s
Transferring:
 *                             model.safetensors:  1% /2.875Gi, 5.417Mi/s, 8m57sTransferred:   	    1.749 GiB / 4.590 GiB, 38%, 3.849 MiB/s, ETA 12m35s
Errors:                 3 (retrying may help)
Checks:                54 / 54, 100%, Listed 162
Transferred:           27 / 28, 96%
Elapsed time:     12m26.9s
Transferring:
 *                             model.safetensors:  1% /2.875Gi, 5.417Mi/s, 8m57sTransferred:   	    1.749 GiB / 4.590 GiB, 38%, 3.849 MiB/s, ETA 12m35s
Errors:                 3 (retrying may help)
Checks:                54 / 54, 100%, Listed 162
Transferred:           27 / 28, 96%
Elapsed time:     12m27.4s
Transferring:
 *                             model.safetensors:  1% /2.875Gi, 5.000Mi/s, 9m41sTransferred:   	    1.749 GiB / 4.590 GiB, 38%, 3.608 MiB/s, ETA 13m26s
Errors:                 3 (retrying may help)
Checks:                54 / 54, 100%, Listed 162
Transferred:           27 / 28, 96%
Elapsed time:     12m27.9s
Transferring:
 *                             model.safetensors:  1% /2.875Gi, 5.000Mi/s, 9m41sTransferred:   	    1.749 GiB / 4.590 GiB, 38%, 3.608 MiB/s, ETA 13m26s
Errors:                 3 (retrying may help)
Checks:                54 / 54, 100%, Listed 162
Transferred:           27 / 28, 96%
Elapsed time:     12m28.4s
Transferring:
 *                             model.safetensors:  1% /2.875Gi, 4.375Mi/s, 11m5sTransferred:   	    1.749 GiB / 4.590 GiB, 38%, 3.383 MiB/s, ETA 14m20s
Errors:                 3 (retrying may help)
Checks:                54 / 54, 100%, Listed 162
Transferred:           27 / 28, 96%
Elapsed time:     12m28.9s
Transferring:
 *                             model.safetensors:  1% /2.875Gi, 4.375Mi/s, 11m5sTransferred:   	    1.749 GiB / 4.590 GiB, 38%, 3.383 MiB/s, ETA 14m20s
Errors:                 3 (retrying may help)
Checks:                54 / 54, 100%, Listed 162
Transferred:           27 / 28, 96%
Elapsed time:     12m29.4s
Transferring:
 *                             model.safetensors:  1% /2.875Gi, 3.889Mi/s, 12m28
2026/03/19 16:23:02 ERROR : model.safetensors: Failed to copy: multi-thread copy: failed to write chunk: failed to upload chunk 2 with 5242880 bytes: operation error S3: UploadPart, https response error StatusCode: 500, RequestID: , HostID: , error while deserializing xml error response : XML syntax error on line 6: element <hr> closed by </body>
failed to get rate limit token, retry quota exceeded, 0 available, 5 requested
Transferred:   	    1.749 GiB / 1.749 GiB, 100%, 3.171 MiB/s, ETA 0s
Errors:                 4 (retrying may help)
Checks:                54 / 54, 100%, Listed 162
Transferred:           27 / 28, 96%
Elapsed time:     12m29.8s
Transferring:
 *                             model.safetensors: transferring
2026/03/19 16:23:02 ERROR : Attempt 3/3 failed with 4 errors and: multi-thread copy: failed to write chunk: failed to upload chunk 2 with 5242880 bytes: operation error S3: UploadPart, https response error StatusCode: 500, RequestID: , HostID: , error while deserializing xml error response : XML syntax error on line 6: element <hr> closed by </body>
failed to get rate limit token, retry quota exceeded, 0 available, 5 requested
Transferred:   	    1.749 GiB / 1.749 GiB, 100%, 3.171 MiB/s, ETA 0s
Errors:                 4 (retrying may help)
Checks:                54 / 54, 100%, Listed 162
Transferred:           27 / 27, 100%
Elapsed time:     12m29.8sTransferred:   	    1.749 GiB / 1.749 GiB, 100%, 3.171 MiB/s, ETA 0s
Errors:                 4 (retrying may help)
Checks:                54 / 54, 100%, Listed 162
Transferred:           27 / 27, 100%
Elapsed time:     12m29.8s
2026/03/19 16:23:02 NOTICE: Failed to copy with 4 errors: last error was: multi-thread copy: failed to write chunk: failed to upload chunk 2 with 5242880 bytes: operation error S3: UploadPart, https response error StatusCode: 500, RequestID: , HostID: , error while deserializing xml error response : XML syntax error on line 6: element <hr> closed by </body>
failed to get rate limit token, retry quota exceeded, 0 available, 5 requested
